cost_key,technology,year,base_year,capex,capex_unit,nominal_basis,discount_rate,lifetime_years,fom_fraction,capital_cost,capital_cost_unit,marginal_cost,marginal_cost_unit,efficiency,max_hours,efficiency_store,efficiency_dispatch,standing_loss,co2_emissions,annual_change,capex_annual_change,capital_cost_annual_change,marginal_cost_annual_change,co2_emissions_annual_change,fixed_operating_cost_nzd_per_kw_year,fuel_delivery_cost_nzd_per_gj,heat_rate_gj_per_gwh,connection_cost_nzd_m,total_capital_costs_nzd_m,source,source_url,fx_rate_usd_per_eur,fx_source_url,notes
wind,wind,2030,2030,,,,,,,110000.0,,0.0,,1.0,,,,,0.0,,,-0.01,,,,,,,,,,,,Original NZ technology-level cost row; values and projection rates retained unchanged.
solar,solar,2030,2030,,,,,,,60000.0,,0.0,,1.0,,,,,0.0,,,-0.02,,,,,,,,,,,,Original NZ technology-level cost row; values and projection rates retained unchanged.
ocgt,ocgt,2030,2030,,,,,,,45000.0,,140.0,,0.38,,,,,0.202,,,,0.015,,,,,,,,,,,Original NZ technology-level cost row; values and projection rates retained unchanged.
bess,bess,2030,2030,,,,,,,75000.0,,0.0,,,4.0,0.95,0.95,0.001,0.0,,,-0.015,,,,,,,,,,,,Original NZ technology-level cost row; values and projection rates retained unchanged.
natural_gas,natural_gas,2030,2030,,,,,,,0.0,,45.0,,1.0,,,,,0.202,,,,0.02,,,,,,,,,,,Original NZ technology-level cost row; values and projection rates retained unchanged.
gas_boiler,gas_boiler,2030,2030,,,,,,,0.0,,0.0,,0.9,,,,,0.0,,,,,,,,,,,,,,,Original NZ technology-level cost row; values and projection rates retained unchanged.
heat_pump,heat_pump,2030,2030,,,,,,,65000.0,,0.0,,3.0,,,,,0.0,,,-0.01,,,,,,,,,,,,Original NZ technology-level cost row; values and projection rates retained unchanged.
asu,asu,2030,2030,,,,,,,50000.0,,0.0,,5.0,,,,,0.0,,,-0.01,,,,,,,,,,,,Original NZ technology-level cost row; values and projection rates retained unchanged.
dac,dac,2030,2030,,,,,,,150000.0,,0.0,,1.0,,,,,0.0,,,-0.01,,,,,,,,,,,,Original NZ technology-level cost row; values and projection rates retained unchanged.
ammonia_synthesis,ammonia_synthesis,2030,2030,,,,,,,120000.0,,0.0,,0.169491525,,,,,0.0,,,-0.005,,,,,,,,,,,,Original NZ technology-level cost row; values and projection rates retained unchanged.
methanol_synthesis,methanol_synthesis,2030,2030,,,,,,,130000.0,,0.0,,0.16,,,,,0.0,,,-0.005,,,,,,,,,,,,Original NZ technology-level cost row; values and projection rates retained unchanged.
ammonia_storage,ammonia_storage,2030,2030,,,,,,,80.0,,0.0,,,,,,0.0,0.0,,,,,,,,,,,,,,,Original NZ technology-level cost row; values and projection rates retained unchanged.
methanol_storage,methanol_storage,2030,2030,,,,,,,60.0,,0.0,,,,,,0.0,0.0,,,,,,,,,,,,,,,Original NZ technology-level cost row; values and projection rates retained unchanged.
ccgt,ccgt,2030,2030,,,,,,,,,,,0.48,,,,,0.202,,,,,,,,,,,,,,,Original NZ technology-level cost row; values and projection rates retained unchanged.
gas_peaker,gas_peaker,2030,2030,,,,,,,,,,,0.36,,,,,0.202,,,,,,,,,,,,,,,Original NZ technology-level cost row; values and projection rates retained unchanged.
gas_cogeneration,gas_cogeneration,2030,2030,,,,,,,,,,,0.39,,,,,0.202,,,,,,,,,,,,,,,Original NZ technology-level cost row; values and projection rates retained unchanged.
coal,coal,2030,2030,,,,,,,,,,,0.33,,,,,0.341,,,,,,,,,,,,,,,Original NZ technology-level cost row; values and projection rates retained unchanged.
diesel_peaker,diesel_peaker,2030,2030,,,,,,,,,,,0.33,,,,,0.267,,,,,,,,,,,,,,,Original NZ technology-level cost row; values and projection rates retained unchanged.
bio_reciprocating,bio_reciprocating,2030,2030,,,,,,,,,,,,,,,,0.0,,,,,0.0,,,,,,,,,,Original NZ technology-level cost row; values and projection rates retained unchanged.
diesel,diesel,2030,2030,,,,,,,,,,,,,,,,0.267,,,,,0.0,,,,,,,,,,Original NZ technology-level cost row; values and projection rates retained unchanged.
gas,gas,2030,2030,,,,,,,,,,,,,,,,0.202,,,,,0.0,,,,,,,,,,Original NZ technology-level cost row; values and projection rates retained unchanged.
other_cogeneration,other_cogeneration,2030,2030,,,,,,,,,,,,,,,,0.202,,,,,0.0,,,,,,,,,,Original NZ technology-level cost row; values and projection rates retained unchanged.
thermal,thermal,2030,2030,,,,,,,,,,,,,,,,0.202,,,,,0.0,,,,,,,,,,Original NZ technology-level cost row; values and projection rates retained unchanged.
thermal_other,thermal_other,2030,2030,,,,,,,,,,,,,,,,0.202,,,,,0.0,,,,,,,,,,Original NZ technology-level cost row; values and projection rates retained unchanged.
bess_2h,bess,,,,,,,,,55000,,0,,,2,0.95,0.95,0.001,,,,,,,,,,,,,,,,Duration-specific legacy NZ BESS values moved from storage_capacity.csv without numerical or unit conversion.
bess_4h,bess,,,,,,,,,75000,,0,,,4,0.95,0.95,0.001,,,,,,,,,,,,,,,,Duration-specific legacy NZ BESS values moved from storage_capacity.csv without numerical or unit conversion.
bess_6h,bess,,,,,,,,,95000,,0,,,6,0.95,0.95,0.001,,,,,,,,,,,,,,,,Duration-specific legacy NZ BESS values moved from storage_capacity.csv without numerical or unit conversion.
bess_8h,bess,,,,,,,,,115000,,0,,,8,0.95,0.95,0.001,,,,,,,,,,,,,,,,Duration-specific legacy NZ BESS values moved from storage_capacity.csv without numerical or unit conversion.
electrolyzer,electrolyzer,,,,,,,,,90000,,0.0,,0.7,,,,,,,,,,,,,,,,,,,,Legacy NZ hydrogen/UHS values moved from hydrogen_assets.csv without numerical or unit conversion.
h2_tank,hydrogen_storage,,,,,,,,,2500,,0.0,,,,,,0.0005,,,,,,,,,,,,,,,,Legacy NZ hydrogen/UHS values moved from hydrogen_assets.csv without numerical or unit conversion.
h2_fuel_cell,h2_fuel_cell,,,,,,,,,100000,,0.0,,0.55,,,,,,,,,,,,,,,,,,,,Legacy NZ hydrogen/UHS values moved from hydrogen_assets.csv without numerical or unit conversion.
h2_turbine,h2_turbine,,,,,,,,,85000,,0.0,,0.45,,,,,,,,,,,,,,,,,,,,Legacy NZ hydrogen/UHS values moved from hydrogen_assets.csv without numerical or unit conversion.
uhs_injection,uhs_injection,,,,,,,,,20000,,0.01,,0.98,,,,,,,,,,,,,,,,,,,,Legacy NZ hydrogen/UHS values moved from hydrogen_assets.csv without numerical or unit conversion.
uhs_withdrawal,uhs_withdrawal,,,,,,,,,25000,,0.01,,0.98,,,,,,,,,,,,,,,,,,,,Legacy NZ hydrogen/UHS values moved from hydrogen_assets.csv without numerical or unit conversion.
uhs_storage,uhs_storage,,,,,,,,,1200,,0.0,,,,,,0.0001,,,,,,,,,,,,,,,,Legacy NZ hydrogen/UHS values moved from hydrogen_assets.csv without numerical or unit conversion.
gas_peaker_auckland_generic_ocgt_peaker_3_otahuhu,gas_peaker,2025,2025,,,MW_e generator capacity,,,,113801.673719,NZD/MW-year,259.270575,NZD/MWh_e,0.306383,,,,,0.659306,,,,,,5.418526,2.650366,11750,13.192934,134.493094,MBIE EDGS 2024 assumptions workbook + explicit study assumptions in build_capacity_EDGS.py,,,,EDGS plant=Generic OCGT peaker: 3 (Otahuhu); status=Generic; capital_cost is the legacy annualised NZ generator value (investment + fixed O&M for flexible candidates; zero for sunk existing/fixed capacity); variable_O&M_NZD_per_MWh=13.428522; overnight_CAPEX_NZD_per_MW=1344930.937476.
gas_peaker_auckland_generic_ocgt_peaker_3_otahuhu,gas_peaker,2030,2030,,,MW_e generator capacity,,,,113801.673719,NZD/MW-year,273.149322,NZD/MWh_e,0.306383,,,,,0.659306,,,,,,5.418526,2.650366,11750,13.192934,134.493094,MBIE EDGS 2024 assumptions workbook + explicit study assumptions in build_capacity_EDGS.py,,,,EDGS plant=Generic OCGT peaker: 3 (Otahuhu); status=Generic; capital_cost is the legacy annualised NZ generator value (investment + fixed O&M for flexible candidates; zero for sunk existing/fixed capacity); variable_O&M_NZD_per_MWh=13.428522; overnight_CAPEX_NZD_per_MW=1344930.937476.
gas_peaker_auckland_generic_ocgt_peaker_3_otahuhu,gas_peaker,2040,2040,,,MW_e generator capacity,,,,113801.673719,NZD/MW-year,279.894103,NZD/MWh_e,0.306383,,,,,0.659306,,,,,,5.418526,2.650366,11750,13.192934,134.493094,MBIE EDGS 2024 assumptions workbook + explicit study assumptions in build_capacity_EDGS.py,,,,EDGS plant=Generic OCGT peaker: 3 (Otahuhu); status=Generic; capital_cost is the legacy annualised NZ generator value (investment + fixed O&M for flexible candidates; zero for sunk existing/fixed capacity); variable_O&M_NZD_per_MWh=13.428522; overnight_CAPEX_NZD_per_MW=1344930.937476.
gas_peaker_auckland_generic_ocgt_peaker_3_otahuhu,gas_peaker,2050,2050,,,MW_e generator capacity,,,,113801.673719,NZD/MW-year,317.999353,NZD/MWh_e,0.306383,,,,,0.659306,,,,,,5.418526,2.650366,11750,13.192934,134.493094,MBIE EDGS 2024 assumptions workbook + explicit study assumptions in build_capacity_EDGS.py,,,,EDGS plant=Generic OCGT peaker: 3 (Otahuhu); status=Generic; capital_cost is the legacy annualised NZ generator value (investment + fixed O&M for flexible candidates; zero for sunk existing/fixed capacity); variable_O&M_NZD_per_MWh=13.428522; overnight_CAPEX_NZD_per_MW=1344930.937476.
gas_peaker_auckland_generic_ocgt_peaker_4_southdown,gas_peaker,2025,2025,,,MW_e generator capacity,,,,113801.673719,NZD/MW-year,259.270575,NZD/MWh_e,0.306383,,,,,0.659306,,,,,,5.418526,2.650366,11750,13.192934,134.493094,MBIE EDGS 2024 assumptions workbook + explicit study assumptions in build_capacity_EDGS.py,,,,EDGS plant=Generic OCGT peaker: 4 (Southdown); status=Generic; capital_cost is the legacy annualised NZ generator value (investment + fixed O&M for flexible candidates; zero for sunk existing/fixed capacity); variable_O&M_NZD_per_MWh=13.428522; overnight_CAPEX_NZD_per_MW=1344930.937476.
gas_peaker_auckland_generic_ocgt_peaker_4_southdown,gas_peaker,2030,2030,,,MW_e generator capacity,,,,113801.673719,NZD/MW-year,273.149322,NZD/MWh_e,0.306383,,,,,0.659306,,,,,,5.418526,2.650366,11750,13.192934,134.493094,MBIE EDGS 2024 assumptions workbook + explicit study assumptions in build_capacity_EDGS.py,,,,EDGS plant=Generic OCGT peaker: 4 (Southdown); status=Generic; capital_cost is the legacy annualised NZ generator value (investment + fixed O&M for flexible candidates; zero for sunk existing/fixed capacity); variable_O&M_NZD_per_MWh=13.428522; overnight_CAPEX_NZD_per_MW=1344930.937476.
gas_peaker_auckland_generic_ocgt_peaker_4_southdown,gas_peaker,2040,2040,,,MW_e generator capacity,,,,113801.673719,NZD/MW-year,279.894103,NZD/MWh_e,0.306383,,,,,0.659306,,,,,,5.418526,2.650366,11750,13.192934,134.493094,MBIE EDGS 2024 assumptions workbook + explicit study assumptions in build_capacity_EDGS.py,,,,EDGS plant=Generic OCGT peaker: 4 (Southdown); status=Generic; capital_cost is the legacy annualised NZ generator value (investment + fixed O&M for flexible candidates; zero for sunk existing/fixed capacity); variable_O&M_NZD_per_MWh=13.428522; overnight_CAPEX_NZD_per_MW=1344930.937476.
gas_peaker_auckland_generic_ocgt_peaker_4_southdown,gas_peaker,2050,2050,,,MW_e generator capacity,,,,113801.673719,NZD/MW-year,317.999353,NZD/MWh_e,0.306383,,,,,0.659306,,,,,,5.418526,2.650366,11750,13.192934,134.493094,MBIE EDGS 2024 assumptions workbook + explicit study assumptions in build_capacity_EDGS.py,,,,EDGS plant=Generic OCGT peaker: 4 (Southdown); status=Generic; capital_cost is the legacy annualised NZ generator value (investment + fixed O&M for flexible candidates; zero for sunk existing/fixed capacity); variable_O&M_NZD_per_MWh=13.428522; overnight_CAPEX_NZD_per_MW=1344930.937476.
gas_peaker_auckland_generic_ocgt_peaker_7_otahuhu,gas_peaker,2025,2025,,,MW_e generator capacity,,,,113801.673719,NZD/MW-year,259.270575,NZD/MWh_e,0.306383,,,,,0.659306,,,,,,5.418526,2.650366,11750,13.192934,134.493094,MBIE EDGS 2024 assumptions workbook + explicit study assumptions in build_capacity_EDGS.py,,,,EDGS plant=Generic OCGT peaker: 7 (Otahuhu); status=Generic; capital_cost is the legacy annualised NZ generator value (investment + fixed O&M for flexible candidates; zero for sunk existing/fixed capacity); variable_O&M_NZD_per_MWh=13.428522; overnight_CAPEX_NZD_per_MW=1344930.937476.
gas_peaker_auckland_generic_ocgt_peaker_7_otahuhu,gas_peaker,2030,2030,,,MW_e generator capacity,,,,113801.673719,NZD/MW-year,273.149322,NZD/MWh_e,0.306383,,,,,0.659306,,,,,,5.418526,2.650366,11750,13.192934,134.493094,MBIE EDGS 2024 assumptions workbook + explicit study assumptions in build_capacity_EDGS.py,,,,EDGS plant=Generic OCGT peaker: 7 (Otahuhu); status=Generic; capital_cost is the legacy annualised NZ generator value (investment + fixed O&M for flexible candidates; zero for sunk existing/fixed capacity); variable_O&M_NZD_per_MWh=13.428522; overnight_CAPEX_NZD_per_MW=1344930.937476.
gas_peaker_auckland_generic_ocgt_peaker_7_otahuhu,gas_peaker,2040,2040,,,MW_e generator capacity,,,,113801.673719,NZD/MW-year,279.894103,NZD/MWh_e,0.306383,,,,,0.659306,,,,,,5.418526,2.650366,11750,13.192934,134.493094,MBIE EDGS 2024 assumptions workbook + explicit study assumptions in build_capacity_EDGS.py,,,,EDGS plant=Generic OCGT peaker: 7 (Otahuhu); status=Generic; capital_cost is the legacy annualised NZ generator value (investment + fixed O&M for flexible candidates; zero for sunk existing/fixed capacity); variable_O&M_NZD_per_MWh=13.428522; overnight_CAPEX_NZD_per_MW=1344930.937476.
gas_peaker_auckland_generic_ocgt_peaker_7_otahuhu,gas_peaker,2050,2050,,,MW_e generator capacity,,,,113801.673719,NZD/MW-year,317.999353,NZD/MWh_e,0.306383,,,,,0.659306,,,,,,5.418526,2.650366,11750,13.192934,134.493094,MBIE EDGS 2024 assumptions workbook + explicit study assumptions in build_capacity_EDGS.py,,,,EDGS plant=Generic OCGT peaker: 7 (Otahuhu); status=Generic; capital_cost is the legacy annualised NZ generator value (investment + fixed O&M for flexible candidates; zero for sunk existing/fixed capacity); variable_O&M_NZD_per_MWh=13.428522; overnight_CAPEX_NZD_per_MW=1344930.937476.
other_cogeneration_auckland_glenbrook_cogeneration_power_plant,other_cogeneration,2025,2025,,,MW_e generator capacity,,,,0.000000,NZD/MW-year,15.098591,NZD/MWh_e,1.000000,,,,,0.056111,,,,,,96.591125,0.000000,1000,,,MBIE EDGS 2024 assumptions workbook + explicit study assumptions in build_capacity_EDGS.py,,,,EDGS plant=Glenbrook cogeneration power plant; status=Current; capital_cost is the legacy annualised NZ generator value (investment + fixed O&M for flexible candidates; zero for sunk existing/fixed capacity); variable_O&M_NZD_per_MWh=11.308229.
other_cogeneration_auckland_glenbrook_cogeneration_power_plant,other_cogeneration,2030,2030,,,MW_e generator capacity,,,,0.000000,NZD/MW-year,15.115761,NZD/MWh_e,1.000000,,,,,0.056111,,,,,,96.591125,0.000000,1000,,,MBIE EDGS 2024 assumptions workbook + explicit study assumptions in build_capacity_EDGS.py,,,,EDGS plant=Glenbrook cogeneration power plant; status=Current; capital_cost is the legacy annualised NZ generator value (investment + fixed O&M for flexible candidates; zero for sunk existing/fixed capacity); variable_O&M_NZD_per_MWh=11.308229.
other_cogeneration_auckland_glenbrook_cogeneration_power_plant,other_cogeneration,2040,2040,,,MW_e generator capacity,,,,0.000000,NZD/MW-year,14.113785,NZD/MWh_e,1.000000,,,,,0.056111,,,,,,96.591125,0.000000,1000,,,MBIE EDGS 2024 assumptions workbook + explicit study assumptions in build_capacity_EDGS.py,,,,EDGS plant=Glenbrook cogeneration power plant; status=Current; capital_cost is the legacy annualised NZ generator value (investment + fixed O&M for flexible candidates; zero for sunk existing/fixed capacity); variable_O&M_NZD_per_MWh=11.308229.
other_cogeneration_auckland_glenbrook_cogeneration_power_plant,other_cogeneration,2050,2050,,,MW_e generator capacity,,,,0.000000,NZD/MW-year,14.113785,NZD/MWh_e,1.000000,,,,,0.056111,,,,,,96.591125,0.000000,1000,,,MBIE EDGS 2024 assumptions workbook + explicit study assumptions in build_capacity_EDGS.py,,,,EDGS plant=Glenbrook cogeneration power plant; status=Current; capital_cost is the legacy annualised NZ generator value (investment + fixed O&M for flexible candidates; zero for sunk existing/fixed capacity); variable_O&M_NZD_per_MWh=11.308229.
solar_auckland_generic_solar_101_200mw_60,solar,2025,2025,,,MW_e generator capacity,,,,179772.735021,NZD/MW-year,0.000000,NZD/MWh_e,1.000000,,,,,0.000000,,,,,,23.558811,0.000000,3600,73.910000,271.385103,MBIE EDGS 2024 assumptions workbook + explicit study assumptions in build_capacity_EDGS.py,,,,EDGS plant=Generic solar (101-200MW): 60; status=Generic; capital_cost is the legacy annualised NZ generator value (investment + fixed O&M for flexible candidates; zero for sunk existing/fixed capacity); variable_O&M_NZD_per_MWh=0.000000; overnight_CAPEX_NZD_per_MW=1938465.018385.
solar_auckland_generic_solar_101_200mw_60,solar,2030,2030,,,MW_e generator capacity,,,,179772.735021,NZD/MW-year,0.000000,NZD/MWh_e,1.000000,,,,,0.000000,,,,,,23.558811,0.000000,3600,73.910000,271.385103,MBIE EDGS 2024 assumptions workbook + explicit study assumptions in build_capacity_EDGS.py,,,,EDGS plant=Generic solar (101-200MW): 60; status=Generic; capital_cost is the legacy annualised NZ generator value (investment + fixed O&M for flexible candidates; zero for sunk existing/fixed capacity); variable_O&M_NZD_per_MWh=0.000000; overnight_CAPEX_NZD_per_MW=1938465.018385.
solar_auckland_generic_solar_101_200mw_60,solar,2040,2040,,,MW_e generator capacity,,,,179772.735021,NZD/MW-year,0.000000,NZD/MWh_e,1.000000,,,,,0.000000,,,,,,23.558811,0.000000,3600,73.910000,271.385103,MBIE EDGS 2024 assumptions workbook + explicit study assumptions in build_capacity_EDGS.py,,,,EDGS plant=Generic solar (101-200MW): 60; status=Generic; capital_cost is the legacy annualised NZ generator value (investment + fixed O&M for flexible candidates; zero for sunk existing/fixed capacity); variable_O&M_NZD_per_MWh=0.000000; overnight_CAPEX_NZD_per_MW=1938465.018385.
solar_auckland_generic_solar_101_200mw_60,solar,2050,2050,,,MW_e generator capacity,,,,179772.735021,NZD/MW-year,0.000000,NZD/MWh_e,1.000000,,,,,0.000000,,,,,,23.558811,0.000000,3600,73.910000,271.385103,MBIE EDGS 2024 assumptions workbook + explicit study assumptions in build_capacity_EDGS.py,,,,EDGS plant=Generic solar (101-200MW): 60; status=Generic; capital_cost is the legacy annualised NZ generator value (investment + fixed O&M for flexible candidates; zero for sunk existing/fixed capacity); variable_O&M_NZD_per_MWh=0.000000; overnight_CAPEX_NZD_per_MW=1938465.018385.
solar_auckland_helensville_solar_farm,solar,2025,2025,,,MW_e generator capacity,,,,148920.385861,NZD/MW-year,0.000000,NZD/MWh_e,1.000000,,,,,0.000000,,,,,,23.558811,0.000000,3600,17.664431,82.447698,MBIE EDGS 2024 assumptions workbook + explicit study assumptions in build_capacity_EDGS.py,,,,EDGS plant=Helensville solar farm; status=Applied for consent; capital_cost is the legacy annualised NZ generator value (investment + fixed O&M for flexible candidates; zero for sunk existing/fixed capacity); variable_O&M_NZD_per_MWh=0.000000; overnight_CAPEX_NZD_per_MW=1555616.947048.
solar_auckland_helensville_solar_farm,solar,2030,2030,,,MW_e generator capacity,,,,148920.385861,NZD/MW-year,0.000000,NZD/MWh_e,1.000000,,,,,0.000000,,,,,,23.558811,0.000000,3600,17.664431,82.447698,MBIE EDGS 2024 assumptions workbook + explicit study assumptions in build_capacity_EDGS.py,,,,EDGS plant=Helensville solar farm; status=Applied for consent; capital_cost is the legacy annualised NZ generator value (investment + fixed O&M for flexible candidates; zero for sunk existing/fixed capacity); variable_O&M_NZD_per_MWh=0.000000; overnight_CAPEX_NZD_per_MW=1555616.947048.
solar_auckland_helensville_solar_farm,solar,2040,2040,,,MW_e generator capacity,,,,148920.385861,NZD/MW-year,0.000000,NZD/MWh_e,1.000000,,,,,0.000000,,,,,,23.558811,0.000000,3600,17.664431,82.447698,MBIE EDGS 2024 assumptions workbook + explicit study assumptions in build_capacity_EDGS.py,,,,EDGS plant=Helensville solar farm; status=Applied for consent; capital_cost is the legacy annualised NZ generator value (investment + fixed O&M for flexible candidates; zero for sunk existing/fixed capacity); variable_O&M_NZD_per_MWh=0.000000; overnight_CAPEX_NZD_per_MW=1555616.947048.
solar_auckland_helensville_solar_farm,solar,2050,2050,,,MW_e generator capacity,,,,148920.385861,NZD/MW-year,0.000000,NZD/MWh_e,1.000000,,,,,0.000000,,,,,,23.558811,0.000000,3600,17.664431,82.447698,MBIE EDGS 2024 assumptions workbook + explicit study assumptions in build_capacity_EDGS.py,,,,EDGS plant=Helensville solar farm; status=Applied for consent; capital_cost is the legacy annualised NZ generator value (investment + fixed O&M for flexible candidates; zero for sunk existing/fixed capacity); variable_O&M_NZD_per_MWh=0.000000; overnight_CAPEX_NZD_per_MW=1555616.947048.
solar_auckland_kaipara_solar_farm,solar,2025,2025,,,MW_e generator capacity,,,,157626.355782,NZD/MW-year,0.000000,NZD/MWh_e,1.000000,,,,,0.000000,,,,,,23.558811,0.000000,3600,34.570000,116.455478,MBIE EDGS 2024 assumptions workbook + explicit study assumptions in build_capacity_EDGS.py,,,,EDGS plant=Kaipara solar farm; status=Announced; capital_cost is the legacy annualised NZ generator value (investment + fixed O&M for flexible candidates; zero for sunk existing/fixed capacity); variable_O&M_NZD_per_MWh=0.000000; overnight_CAPEX_NZD_per_MW=1663649.686335.
solar_auckland_kaipara_solar_farm,solar,2030,2030,,,MW_e generator capacity,,,,157626.355782,NZD/MW-year,0.000000,NZD/MWh_e,1.000000,,,,,0.000000,,,,,,23.558811,0.000000,3600,34.570000,116.455478,MBIE EDGS 2024 assumptions workbook + explicit study assumptions in build_capacity_EDGS.py,,,,EDGS plant=Kaipara solar farm; status=Announced; capital_cost is the legacy annualised NZ generator value (investment + fixed O&M for flexible candidates; zero for sunk existing/fixed capacity); variable_O&M_NZD_per_MWh=0.000000; overnight_CAPEX_NZD_per_MW=1663649.686335.
solar_auckland_kaipara_solar_farm,solar,2040,2040,,,MW_e generator capacity,,,,157626.355782,NZD/MW-year,0.000000,NZD/MWh_e,1.000000,,,,,0.000000,,,,,,23.558811,0.000000,3600,34.570000,116.455478,MBIE EDGS 2024 assumptions workbook + explicit study assumptions in build_capacity_EDGS.py,,,,EDGS plant=Kaipara solar farm; status=Announced; capital_cost is the legacy annualised NZ generator value (investment + fixed O&M for flexible candidates; zero for sunk existing/fixed capacity); variable_O&M_NZD_per_MWh=0.000000; overnight_CAPEX_NZD_per_MW=1663649.686335.
solar_auckland_kaipara_solar_farm,solar,2050,2050,,,MW_e generator capacity,,,,157626.355782,NZD/MW-year,0.000000,NZD/MWh_e,1.000000,,,,,0.000000,,,,,,23.558811,0.000000,3600,34.570000,116.455478,MBIE EDGS 2024 assumptions workbook + explicit study assumptions in build_capacity_EDGS.py,,,,EDGS plant=Kaipara solar farm; status=Announced; capital_cost is the legacy annualised NZ generator value (investment + fixed O&M for flexible candidates; zero for sunk existing/fixed capacity); variable_O&M_NZD_per_MWh=0.000000; overnight_CAPEX_NZD_per_MW=1663649.686335.
solar_auckland_lodestone_whitianga,solar,2025,2025,,,MW_e generator capacity,,,,141569.182749,NZD/MW-year,0.000000,NZD/MWh_e,1.000000,,,,,0.000000,,,,,,23.558811,0.000000,3600,14.311460,45.396263,MBIE EDGS 2024 assumptions workbook + explicit study assumptions in build_capacity_EDGS.py,,,,EDGS plant=Lodestone Whitianga; status=Fully consented; capital_cost is the legacy annualised NZ generator value (investment + fixed O&M for flexible candidates; zero for sunk existing/fixed capacity); variable_O&M_NZD_per_MWh=0.000000; overnight_CAPEX_NZD_per_MW=1464395.564886.
solar_auckland_lodestone_whitianga,solar,2030,2030,,,MW_e generator capacity,,,,141569.182749,NZD/MW-year,0.000000,NZD/MWh_e,1.000000,,,,,0.000000,,,,,,23.558811,0.000000,3600,14.311460,45.396263,MBIE EDGS 2024 assumptions workbook + explicit study assumptions in build_capacity_EDGS.py,,,,EDGS plant=Lodestone Whitianga; status=Fully consented; capital_cost is the legacy annualised NZ generator value (investment + fixed O&M for flexible candidates; zero for sunk existing/fixed capacity); variable_O&M_NZD_per_MWh=0.000000; overnight_CAPEX_NZD_per_MW=1464395.564886.
solar_auckland_lodestone_whitianga,solar,2040,2040,,,MW_e generator capacity,,,,141569.182749,NZD/MW-year,0.000000,NZD/MWh_e,1.000000,,,,,0.000000,,,,,,23.558811,0.000000,3600,14.311460,45.396263,MBIE EDGS 2024 assumptions workbook + explicit study assumptions in build_capacity_EDGS.py,,,,EDGS plant=Lodestone Whitianga; status=Fully consented; capital_cost is the legacy annualised NZ generator value (investment + fixed O&M for flexible candidates; zero for sunk existing/fixed capacity); variable_O&M_NZD_per_MWh=0.000000; overnight_CAPEX_NZD_per_MW=1464395.564886.
solar_auckland_lodestone_whitianga,solar,2050,2050,,,MW_e generator capacity,,,,141569.182749,NZD/MW-year,0.000000,NZD/MWh_e,1.000000,,,,,0.000000,,,,,,23.558811,0.000000,3600,14.311460,45.396263,MBIE EDGS 2024 assumptions workbook + explicit study assumptions in build_capacity_EDGS.py,,,,EDGS plant=Lodestone Whitianga; status=Fully consented; capital_cost is the legacy annualised NZ generator value (investment + fixed O&M for flexible candidates; zero for sunk existing/fixed capacity); variable_O&M_NZD_per_MWh=0.000000; overnight_CAPEX_NZD_per_MW=1464395.564886.
wind_auckland_generic_wind_no_26,wind,2025,2025,,,MW_e generator capacity,,,,270487.540450,NZD/MW-year,0.000000,NZD/MWh_e,1.000000,,,,,0.000000,,,,,,51.711590,0.000000,3600,56.364455,271.479978,MBIE EDGS 2024 assumptions workbook + explicit study assumptions in build_capacity_EDGS.py,,,,EDGS plant=Generic Wind No. 26; status=Generic; capital_cost is the legacy annualised NZ generator value (investment + fixed O&M for flexible candidates; zero for sunk existing/fixed capacity); variable_O&M_NZD_per_MWh=0.000000; overnight_CAPEX_NZD_per_MW=2714799.781181.
wind_auckland_generic_wind_no_26,wind,2030,2030,,,MW_e generator capacity,,,,270487.540450,NZD/MW-year,0.000000,NZD/MWh_e,1.000000,,,,,0.000000,,,,,,51.711590,0.000000,3600,56.364455,271.479978,MBIE EDGS 2024 assumptions workbook + explicit study assumptions in build_capacity_EDGS.py,,,,EDGS plant=Generic Wind No. 26; status=Generic; capital_cost is the legacy annualised NZ generator value (investment + fixed O&M for flexible candidates; zero for sunk existing/fixed capacity); variable_O&M_NZD_per_MWh=0.000000; overnight_CAPEX_NZD_per_MW=2714799.781181.
wind_auckland_generic_wind_no_26,wind,2040,2040,,,MW_e generator capacity,,,,270487.540450,NZD/MW-year,0.000000,NZD/MWh_e,1.000000,,,,,0.000000,,,,,,51.711590,0.000000,3600,56.364455,271.479978,MBIE EDGS 2024 assumptions workbook + explicit study assumptions in build_capacity_EDGS.py,,,,EDGS plant=Generic Wind No. 26; status=Generic; capital_cost is the legacy annualised NZ generator value (investment + fixed O&M for flexible candidates; zero for sunk existing/fixed capacity); variable_O&M_NZD_per_MWh=0.000000; overnight_CAPEX_NZD_per_MW=2714799.781181.
wind_auckland_generic_wind_no_26,wind,2050,2050,,,MW_e generator capacity,,,,270487.540450,NZD/MW-year,0.000000,NZD/MWh_e,1.000000,,,,,0.000000,,,,,,51.711590,0.000000,3600,56.364455,271.479978,MBIE EDGS 2024 assumptions workbook + explicit study assumptions in build_capacity_EDGS.py,,,,EDGS plant=Generic Wind No. 26; status=Generic; capital_cost is the legacy annualised NZ generator value (investment + fixed O&M for flexible candidates; zero for sunk existing/fixed capacity); variable_O&M_NZD_per_MWh=0.000000; overnight_CAPEX_NZD_per_MW=2714799.781181.
wind_auckland_generic_wind_no_79,wind,2025,2025,,,MW_e generator capacity,,,,265947.912227,NZD/MW-year,0.000000,NZD/MWh_e,1.000000,,,,,0.000000,,,,,,49.544179,0.000000,3600,59.886497,402.804425,MBIE EDGS 2024 assumptions workbook + explicit study assumptions in build_capacity_EDGS.py,,,,EDGS plant=Generic Wind No. 79; status=Generic; capital_cost is the legacy annualised NZ generator value (investment + fixed O&M for flexible candidates; zero for sunk existing/fixed capacity); variable_O&M_NZD_per_MWh=0.000000; overnight_CAPEX_NZD_per_MW=2685362.834985.
wind_auckland_generic_wind_no_79,wind,2030,2030,,,MW_e generator capacity,,,,265947.912227,NZD/MW-year,0.000000,NZD/MWh_e,1.000000,,,,,0.000000,,,,,,49.544179,0.000000,3600,59.886497,402.804425,MBIE EDGS 2024 assumptions workbook + explicit study assumptions in build_capacity_EDGS.py,,,,EDGS plant=Generic Wind No. 79; status=Generic; capital_cost is the legacy annualised NZ generator value (investment + fixed O&M for flexible candidates; zero for sunk existing/fixed capacity); variable_O&M_NZD_per_MWh=0.000000; overnight_CAPEX_NZD_per_MW=2685362.834985.
wind_auckland_generic_wind_no_79,wind,2040,2040,,,MW_e generator capacity,,,,265947.912227,NZD/MW-year,0.000000,NZD/MWh_e,1.000000,,,,,0.000000,,,,,,49.544179,0.000000,3600,59.886497,402.804425,MBIE EDGS 2024 assumptions workbook + explicit study assumptions in build_capacity_EDGS.py,,,,EDGS plant=Generic Wind No. 79; status=Generic; capital_cost is the legacy annualised NZ generator value (investment + fixed O&M for flexible candidates; zero for sunk existing/fixed capacity); variable_O&M_NZD_per_MWh=0.000000; overnight_CAPEX_NZD_per_MW=2685362.834985.
wind_auckland_generic_wind_no_79,wind,2050,2050,,,MW_e generator capacity,,,,265947.912227,NZD/MW-year,0.000000,NZD/MWh_e,1.000000,,,,,0.000000,,,,,,49.544179,0.000000,3600,59.886497,402.804425,MBIE EDGS 2024 assumptions workbook + explicit study assumptions in build_capacity_EDGS.py,,,,EDGS plant=Generic Wind No. 79; status=Generic; capital_cost is the legacy annualised NZ generator value (investment + fixed O&M for flexible candidates; zero for sunk existing/fixed capacity); variable_O&M_NZD_per_MWh=0.000000; overnight_CAPEX_NZD_per_MW=2685362.834985.
wind_auckland_waiuku_wind_farm,wind,2025,2025,,,MW_e generator capacity,,,,389265.424359,NZD/MW-year,0.000000,NZD/MWh_e,1.000000,,,,,0.000000,,,,,,49.473503,0.000000,3600,4.234656,358.401816,MBIE EDGS 2024 assumptions workbook + explicit study assumptions in build_capacity_EDGS.py,,,,EDGS plant=Waiuku Wind Farm; status=Applied for consent; capital_cost is the legacy annualised NZ generator value (investment + fixed O&M for flexible candidates; zero for sunk existing/fixed capacity); variable_O&M_NZD_per_MWh=0.000000; overnight_CAPEX_NZD_per_MW=4216491.948446.
wind_auckland_waiuku_wind_farm,wind,2030,2030,,,MW_e generator capacity,,,,389265.424359,NZD/MW-year,0.000000,NZD/MWh_e,1.000000,,,,,0.000000,,,,,,49.473503,0.000000,3600,4.234656,358.401816,MBIE EDGS 2024 assumptions workbook + explicit study assumptions in build_capacity_EDGS.py,,,,EDGS plant=Waiuku Wind Farm; status=Applied for consent; capital_cost is the legacy annualised NZ generator value (investment + fixed O&M for flexible candidates; zero for sunk existing/fixed capacity); variable_O&M_NZD_per_MWh=0.000000; overnight_CAPEX_NZD_per_MW=4216491.948446.
wind_auckland_waiuku_wind_farm,wind,2040,2040,,,MW_e generator capacity,,,,389265.424359,NZD/MW-year,0.000000,NZD/MWh_e,1.000000,,,,,0.000000,,,,,,49.473503,0.000000,3600,4.234656,358.401816,MBIE EDGS 2024 assumptions workbook + explicit study assumptions in build_capacity_EDGS.py,,,,EDGS plant=Waiuku Wind Farm; status=Applied for consent; capital_cost is the legacy annualised NZ generator value (investment + fixed O&M for flexible candidates; zero for sunk existing/fixed capacity); variable_O&M_NZD_per_MWh=0.000000; overnight_CAPEX_NZD_per_MW=4216491.948446.
wind_auckland_waiuku_wind_farm,wind,2050,2050,,,MW_e generator capacity,,,,389265.424359,NZD/MW-year,0.000000,NZD/MWh_e,1.000000,,,,,0.000000,,,,,,49.473503,0.000000,3600,4.234656,358.401816,MBIE EDGS 2024 assumptions workbook + explicit study assumptions in build_capacity_EDGS.py,,,,EDGS plant=Waiuku Wind Farm; status=Applied for consent; capital_cost is the legacy annualised NZ generator value (investment + fixed O&M for flexible candidates; zero for sunk existing/fixed capacity); variable_O&M_NZD_per_MWh=0.000000; overnight_CAPEX_NZD_per_MW=4216491.948446.
geothermal_bay_of_plenty_kawerau,geothermal,2025,2025,,,MW_e generator capacity,,,,0.000000,NZD/MW-year,0.000000,NZD/MWh_e,1.000000,,,,,0.000000,,,,,,223.808703,0.000000,12000,,,MBIE EDGS 2024 assumptions workbook + explicit study assumptions in build_capacity_EDGS.py,,,,EDGS plant=Kawerau; status=Current; capital_cost is the legacy annualised NZ generator value (investment + fixed O&M for flexible candidates; zero for sunk existing/fixed capacity); variable_O&M_NZD_per_MWh=0.000000.
geothermal_bay_of_plenty_kawerau,geothermal,2030,2030,,,MW_e generator capacity,,,,0.000000,NZD/MW-year,0.000000,NZD/MWh_e,1.000000,,,,,0.000000,,,,,,223.808703,0.000000,12000,,,MBIE EDGS 2024 assumptions workbook + explicit study assumptions in build_capacity_EDGS.py,,,,EDGS plant=Kawerau; status=Current; capital_cost is the legacy annualised NZ generator value (investment + fixed O&M for flexible candidates; zero for sunk existing/fixed capacity); variable_O&M_NZD_per_MWh=0.000000.
geothermal_bay_of_plenty_kawerau,geothermal,2040,2040,,,MW_e generator capacity,,,,0.000000,NZD/MW-year,0.000000,NZD/MWh_e,1.000000,,,,,0.000000,,,,,,223.808703,0.000000,12000,,,MBIE EDGS 2024 assumptions workbook + explicit study assumptions in build_capacity_EDGS.py,,,,EDGS plant=Kawerau; status=Current; capital_cost is the legacy annualised NZ generator value (investment + fixed O&M for flexible candidates; zero for sunk existing/fixed capacity); variable_O&M_NZD_per_MWh=0.000000.
geothermal_bay_of_plenty_kawerau,geothermal,2050,2050,,,MW_e generator capacity,,,,0.000000,NZD/MW-year,0.000000,NZD/MWh_e,1.000000,,,,,0.000000,,,,,,223.808703,0.000000,12000,,,MBIE EDGS 2024 assumptions workbook + explicit study assumptions in build_capacity_EDGS.py,,,,EDGS plant=Kawerau; status=Current; capital_cost is the legacy annualised NZ generator value (investment + fixed O&M for flexible candidates; zero for sunk existing/fixed capacity); variable_O&M_NZD_per_MWh=0.000000.
geothermal_bay_of_plenty_kawerau_topp1,geothermal,2025,2025,,,MW_e generator capacity,,,,0.000000,NZD/MW-year,0.000000,NZD/MWh_e,1.000000,,,,,0.000000,,,,,,223.808703,0.000000,12000,,,MBIE EDGS 2024 assumptions workbook + explicit study assumptions in build_capacity_EDGS.py,,,,EDGS plant=Kawerau (TOPP1); status=Current; capital_cost is the legacy annualised NZ generator value (investment + fixed O&M for flexible candidates; zero for sunk existing/fixed capacity); variable_O&M_NZD_per_MWh=0.000000.
geothermal_bay_of_plenty_kawerau_topp1,geothermal,2030,2030,,,MW_e generator capacity,,,,0.000000,NZD/MW-year,0.000000,NZD/MWh_e,1.000000,,,,,0.000000,,,,,,223.808703,0.000000,12000,,,MBIE EDGS 2024 assumptions workbook + explicit study assumptions in build_capacity_EDGS.py,,,,EDGS plant=Kawerau (TOPP1); status=Current; capital_cost is the legacy annualised NZ generator value (investment + fixed O&M for flexible candidates; zero for sunk existing/fixed capacity); variable_O&M_NZD_per_MWh=0.000000.
geothermal_bay_of_plenty_kawerau_topp1,geothermal,2040,2040,,,MW_e generator capacity,,,,0.000000,NZD/MW-year,0.000000,NZD/MWh_e,1.000000,,,,,0.000000,,,,,,223.808703,0.000000,12000,,,MBIE EDGS 2024 assumptions workbook + explicit study assumptions in build_capacity_EDGS.py,,,,EDGS plant=Kawerau (TOPP1); status=Current; capital_cost is the legacy annualised NZ generator value (investment + fixed O&M for flexible candidates; zero for sunk existing/fixed capacity); variable_O&M_NZD_per_MWh=0.000000.
geothermal_bay_of_plenty_kawerau_topp1,geothermal,2050,2050,,,MW_e generator capacity,,,,0.000000,NZD/MW-year,0.000000,NZD/MWh_e,1.000000,,,,,0.000000,,,,,,223.808703,0.000000,12000,,,MBIE EDGS 2024 assumptions workbook + explicit study assumptions in build_capacity_EDGS.py,,,,EDGS plant=Kawerau (TOPP1); status=Current; capital_cost is the legacy annualised NZ generator value (investment + fixed O&M for flexible candidates; zero for sunk existing/fixed capacity); variable_O&M_NZD_per_MWh=0.000000.
geothermal_bay_of_plenty_kawerau_topp2,geothermal,2025,2025,,,MW_e generator capacity,,,,0.000000,NZD/MW-year,0.000000,NZD/MWh_e,1.000000,,,,,0.000000,,,,,,223.808703,0.000000,12000,17.669108,339.048982,MBIE EDGS 2024 assumptions workbook + explicit study assumptions in build_capacity_EDGS.py,,,,EDGS plant=Kawerau (TOPP2); status=Under construction; capital_cost is the legacy annualised NZ generator value (investment + fixed O&M for flexible candidates; zero for sunk existing/fixed capacity); variable_O&M_NZD_per_MWh=0.000000; overnight_CAPEX_NZD_per_MW=6919366.986433.
geothermal_bay_of_plenty_kawerau_topp2,geothermal,2030,2030,,,MW_e generator capacity,,,,0.000000,NZD/MW-year,0.000000,NZD/MWh_e,1.000000,,,,,0.000000,,,,,,223.808703,0.000000,12000,17.669108,339.048982,MBIE EDGS 2024 assumptions workbook + explicit study assumptions in build_capacity_EDGS.py,,,,EDGS plant=Kawerau (TOPP2); status=Under construction; capital_cost is the legacy annualised NZ generator value (investment + fixed O&M for flexible candidates; zero for sunk existing/fixed capacity); variable_O&M_NZD_per_MWh=0.000000; overnight_CAPEX_NZD_per_MW=6919366.986433.
geothermal_bay_of_plenty_kawerau_topp2,geothermal,2040,2040,,,MW_e generator capacity,,,,0.000000,NZD/MW-year,0.000000,NZD/MWh_e,1.000000,,,,,0.000000,,,,,,223.808703,0.000000,12000,17.669108,339.048982,MBIE EDGS 2024 assumptions workbook + explicit study assumptions in build_capacity_EDGS.py,,,,EDGS plant=Kawerau (TOPP2); status=Under construction; capital_cost is the legacy annualised NZ generator value (investment + fixed O&M for flexible candidates; zero for sunk existing/fixed capacity); variable_O&M_NZD_per_MWh=0.000000; overnight_CAPEX_NZD_per_MW=6919366.986433.
geothermal_bay_of_plenty_kawerau_topp2,geothermal,2050,2050,,,MW_e generator capacity,,,,0.000000,NZD/MW-year,0.000000,NZD/MWh_e,1.000000,,,,,0.000000,,,,,,223.808703,0.000000,12000,17.669108,339.048982,MBIE EDGS 2024 assumptions workbook + explicit study assumptions in build_capacity_EDGS.py,,,,EDGS plant=Kawerau (TOPP2); status=Under construction; capital_cost is the legacy annualised NZ generator value (investment + fixed O&M for flexible candidates; zero for sunk existing/fixed capacity); variable_O&M_NZD_per_MWh=0.000000; overnight_CAPEX_NZD_per_MW=6919366.986433.
geothermal_bay_of_plenty_te_ahi_o_maui_ka22,geothermal,2025,2025,,,MW_e generator capacity,,,,0.000000,NZD/MW-year,0.000000,NZD/MWh_e,1.000000,,,,,0.000000,,,,,,223.808703,0.000000,12000,,,MBIE EDGS 2024 assumptions workbook + explicit study assumptions in build_capacity_EDGS.py,,,,EDGS plant=Te Ahi O Maui (KA22); status=Current; capital_cost is the legacy annualised NZ generator value (investment + fixed O&M for flexible candidates; zero for sunk existing/fixed capacity); variable_O&M_NZD_per_MWh=0.000000.
geothermal_bay_of_plenty_te_ahi_o_maui_ka22,geothermal,2030,2030,,,MW_e generator capacity,,,,0.000000,NZD/MW-year,0.000000,NZD/MWh_e,1.000000,,,,,0.000000,,,,,,223.808703,0.000000,12000,,,MBIE EDGS 2024 assumptions workbook + explicit study assumptions in build_capacity_EDGS.py,,,,EDGS plant=Te Ahi O Maui (KA22); status=Current; capital_cost is the legacy annualised NZ generator value (investment + fixed O&M for flexible candidates; zero for sunk existing/fixed capacity); variable_O&M_NZD_per_MWh=0.000000.
geothermal_bay_of_plenty_te_ahi_o_maui_ka22,geothermal,2040,2040,,,MW_e generator capacity,,,,0.000000,NZD/MW-year,0.000000,NZD/MWh_e,1.000000,,,,,0.000000,,,,,,223.808703,0.000000,12000,,,MBIE EDGS 2024 assumptions workbook + explicit study assumptions in build_capacity_EDGS.py,,,,EDGS plant=Te Ahi O Maui (KA22); status=Current; capital_cost is the legacy annualised NZ generator value (investment + fixed O&M for flexible candidates; zero for sunk existing/fixed capacity); variable_O&M_NZD_per_MWh=0.000000.
geothermal_bay_of_plenty_te_ahi_o_maui_ka22,geothermal,2050,2050,,,MW_e generator capacity,,,,0.000000,NZD/MW-year,0.000000,NZD/MWh_e,1.000000,,,,,0.000000,,,,,,223.808703,0.000000,12000,,,MBIE EDGS 2024 assumptions workbook + explicit study assumptions in build_capacity_EDGS.py,,,,EDGS plant=Te Ahi O Maui (KA22); status=Current; capital_cost is the legacy annualised NZ generator value (investment + fixed O&M for flexible candidates; zero for sunk existing/fixed capacity); variable_O&M_NZD_per_MWh=0.000000.
geothermal_bay_of_plenty_taheke_geothermal_project,geothermal,2025,2025,,,MW_e generator capacity,,,,841653.495097,NZD/MW-year,0.000000,NZD/MWh_e,1.000000,,,,,0.000000,,,,,,223.808703,0.000000,12000,17.669108,268.340151,MBIE EDGS 2024 assumptions workbook + explicit study assumptions in build_capacity_EDGS.py,,,,EDGS plant=Tāheke Geothermal Project; status=Applied for consent; capital_cost is the legacy annualised NZ generator value (investment + fixed O&M for flexible candidates; zero for sunk existing/fixed capacity); variable_O&M_NZD_per_MWh=0.000000; overnight_CAPEX_NZD_per_MW=7666861.468339.
geothermal_bay_of_plenty_taheke_geothermal_project,geothermal,2030,2030,,,MW_e generator capacity,,,,841653.495097,NZD/MW-year,0.000000,NZD/MWh_e,1.000000,,,,,0.000000,,,,,,223.808703,0.000000,12000,17.669108,268.340151,MBIE EDGS 2024 assumptions workbook + explicit study assumptions in build_capacity_EDGS.py,,,,EDGS plant=Tāheke Geothermal Project; status=Applied for consent; capital_cost is the legacy annualised NZ generator value (investment + fixed O&M for flexible candidates; zero for sunk existing/fixed capacity); variable_O&M_NZD_per_MWh=0.000000; overnight_CAPEX_NZD_per_MW=7666861.468339.
geothermal_bay_of_plenty_taheke_geothermal_project,geothermal,2040,2040,,,MW_e generator capacity,,,,841653.495097,NZD/MW-year,0.000000,NZD/MWh_e,1.000000,,,,,0.000000,,,,,,223.808703,0.000000,12000,17.669108,268.340151,MBIE EDGS 2024 assumptions workbook + explicit study assumptions in build_capacity_EDGS.py,,,,EDGS plant=Tāheke Geothermal Project; status=Applied for consent; capital_cost is the legacy annualised NZ generator value (investment + fixed O&M for flexible candidates; zero for sunk existing/fixed capacity); variable_O&M_NZD_per_MWh=0.000000; overnight_CAPEX_NZD_per_MW=7666861.468339.
geothermal_bay_of_plenty_taheke_geothermal_project,geothermal,2050,2050,,,MW_e generator capacity,,,,841653.495097,NZD/MW-year,0.000000,NZD/MWh_e,1.000000,,,,,0.000000,,,,,,223.808703,0.000000,12000,17.669108,268.340151,MBIE EDGS 2024 assumptions workbook + explicit study assumptions in build_capacity_EDGS.py,,,,EDGS plant=Tāheke Geothermal Project; status=Applied for consent; capital_cost is the legacy annualised NZ generator value (investment + fixed O&M for flexible candidates; zero for sunk existing/fixed capacity); variable_O&M_NZD_per_MWh=0.000000; overnight_CAPEX_NZD_per_MW=7666861.468339.
geothermal_bay_of_plenty_taheke_stage_2,geothermal,2025,2025,,,MW_e generator capacity,,,,857926.522279,NZD/MW-year,0.000000,NZD/MWh_e,1.000000,,,,,0.000000,,,,,,223.808703,0.000000,12000,17.669108,196.719853,MBIE EDGS 2024 assumptions workbook + explicit study assumptions in build_capacity_EDGS.py,,,,EDGS plant=Tāheke: Stage 2; status=Generic; capital_cost is the legacy annualised NZ generator value (investment + fixed O&M for flexible candidates; zero for sunk existing/fixed capacity); variable_O&M_NZD_per_MWh=0.000000; overnight_CAPEX_NZD_per_MW=7868794.132831.
geothermal_bay_of_plenty_taheke_stage_2,geothermal,2030,2030,,,MW_e generator capacity,,,,857926.522279,NZD/MW-year,0.000000,NZD/MWh_e,1.000000,,,,,0.000000,,,,,,223.808703,0.000000,12000,17.669108,196.719853,MBIE EDGS 2024 assumptions workbook + explicit study assumptions in build_capacity_EDGS.py,,,,EDGS plant=Tāheke: Stage 2; status=Generic; capital_cost is the legacy annualised NZ generator value (investment + fixed O&M for flexible candidates; zero for sunk existing/fixed capacity); variable_O&M_NZD_per_MWh=0.000000; overnight_CAPEX_NZD_per_MW=7868794.132831.
geothermal_bay_of_plenty_taheke_stage_2,geothermal,2040,2040,,,MW_e generator capacity,,,,857926.522279,NZD/MW-year,0.000000,NZD/MWh_e,1.000000,,,,,0.000000,,,,,,223.808703,0.000000,12000,17.669108,196.719853,MBIE EDGS 2024 assumptions workbook + explicit study assumptions in build_capacity_EDGS.py,,,,EDGS plant=Tāheke: Stage 2; status=Generic; capital_cost is the legacy annualised NZ generator value (investment + fixed O&M for flexible candidates; zero for sunk existing/fixed capacity); variable_O&M_NZD_per_MWh=0.000000; overnight_CAPEX_NZD_per_MW=7868794.132831.
geothermal_bay_of_plenty_taheke_stage_2,geothermal,2050,2050,,,MW_e generator capacity,,,,857926.522279,NZD/MW-year,0.000000,NZD/MWh_e,1.000000,,,,,0.000000,,,,,,223.808703,0.000000,12000,17.669108,196.719853,MBIE EDGS 2024 assumptions workbook + explicit study assumptions in build_capacity_EDGS.py,,,,EDGS plant=Tāheke: Stage 2; status=Generic; capital_cost is the legacy annualised NZ generator value (investment + fixed O&M for flexible candidates; zero for sunk existing/fixed capacity); variable_O&M_NZD_per_MWh=0.000000; overnight_CAPEX_NZD_per_MW=7868794.132831.
geothermal_bay_of_plenty_taheke_stage_3,geothermal,2025,2025,,,MW_e generator capacity,,,,857926.522279,NZD/MW-year,0.000000,NZD/MWh_e,1.000000,,,,,0.000000,,,,,,223.808703,0.000000,12000,17.669108,196.719853,MBIE EDGS 2024 assumptions workbook + explicit study assumptions in build_capacity_EDGS.py,,,,EDGS plant=Tāheke: Stage 3; status=Generic; capital_cost is the legacy annualised NZ generator value (investment + fixed O&M for flexible candidates; zero for sunk existing/fixed capacity); variable_O&M_NZD_per_MWh=0.000000; overnight_CAPEX_NZD_per_MW=7868794.132831.
geothermal_bay_of_plenty_taheke_stage_3,geothermal,2030,2030,,,MW_e generator capacity,,,,857926.522279,NZD/MW-year,0.000000,NZD/MWh_e,1.000000,,,,,0.000000,,,,,,223.808703,0.000000,12000,17.669108,196.719853,MBIE EDGS 2024 assumptions workbook + explicit study assumptions in build_capacity_EDGS.py,,,,EDGS plant=Tāheke: Stage 3; status=Generic; capital_cost is the legacy annualised NZ generator value (investment + fixed O&M for flexible candidates; zero for sunk existing/fixed capacity); variable_O&M_NZD_per_MWh=0.000000; overnight_CAPEX_NZD_per_MW=7868794.132831.
geothermal_bay_of_plenty_taheke_stage_3,geothermal,2040,2040,,,MW_e generator capacity,,,,857926.522279,NZD/MW-year,0.000000,NZD/MWh_e,1.000000,,,,,0.000000,,,,,,223.808703,0.000000,12000,17.669108,196.719853,MBIE EDGS 2024 assumptions workbook + explicit study assumptions in build_capacity_EDGS.py,,,,EDGS plant=Tāheke: Stage 3; status=Generic; capital_cost is the legacy annualised NZ generator value (investment + fixed O&M for flexible candidates; zero for sunk existing/fixed capacity); variable_O&M_NZD_per_MWh=0.000000; overnight_CAPEX_NZD_per_MW=7868794.132831.
geothermal_bay_of_plenty_taheke_stage_3,geothermal,2050,2050,,,MW_e generator capacity,,,,857926.522279,NZD/MW-year,0.000000,NZD/MWh_e,1.000000,,,,,0.000000,,,,,,223.808703,0.000000,12000,17.669108,196.719853,MBIE EDGS 2024 assumptions workbook + explicit study assumptions in build_capacity_EDGS.py,,,,EDGS plant=Tāheke: Stage 3; status=Generic; capital_cost is the legacy annualised NZ generator value (investment + fixed O&M for flexible candidates; zero for sunk existing/fixed capacity); variable_O&M_NZD_per_MWh=0.000000; overnight_CAPEX_NZD_per_MW=7868794.132831.
hydro_storage_bay_of_plenty_bay_of_plenty_hydro_scheme_embedded,hydro_storage,2025,2025,,,MW_e generator capacity,,,,0.000000,NZD/MW-year,0.000000,NZD/MWh_e,1.000000,,,,,0.000000,,,,,,153.132623,0.000000,3600,,,MBIE EDGS 2024 assumptions workbook + explicit study assumptions in build_capacity_EDGS.py,,,,EDGS plant=Bay of Plenty hydro scheme (embedded); status=Current; capital_cost is the legacy annualised NZ generator value (investment + fixed O&M for flexible candidates; zero for sunk existing/fixed capacity); variable_O&M_NZD_per_MWh=0.000000.
hydro_storage_bay_of_plenty_bay_of_plenty_hydro_scheme_embedded,hydro_storage,2030,2030,,,MW_e generator capacity,,,,0.000000,NZD/MW-year,0.000000,NZD/MWh_e,1.000000,,,,,0.000000,,,,,,153.132623,0.000000,3600,,,MBIE EDGS 2024 assumptions workbook + explicit study assumptions in build_capacity_EDGS.py,,,,EDGS plant=Bay of Plenty hydro scheme (embedded); status=Current; capital_cost is the legacy annualised NZ generator value (investment + fixed O&M for flexible candidates; zero for sunk existing/fixed capacity); variable_O&M_NZD_per_MWh=0.000000.
hydro_storage_bay_of_plenty_bay_of_plenty_hydro_scheme_embedded,hydro_storage,2040,2040,,,MW_e generator capacity,,,,0.000000,NZD/MW-year,0.000000,NZD/MWh_e,1.000000,,,,,0.000000,,,,,,153.132623,0.000000,3600,,,MBIE EDGS 2024 assumptions workbook + explicit study assumptions in build_capacity_EDGS.py,,,,EDGS plant=Bay of Plenty hydro scheme (embedded); status=Current; capital_cost is the legacy annualised NZ generator value (investment + fixed O&M for flexible candidates; zero for sunk existing/fixed capacity); variable_O&M_NZD_per_MWh=0.000000.
hydro_storage_bay_of_plenty_bay_of_plenty_hydro_scheme_embedded,hydro_storage,2050,2050,,,MW_e generator capacity,,,,0.000000,NZD/MW-year,0.000000,NZD/MWh_e,1.000000,,,,,0.000000,,,,,,153.132623,0.000000,3600,,,MBIE EDGS 2024 assumptions workbook + explicit study assumptions in build_capacity_EDGS.py,,,,EDGS plant=Bay of Plenty hydro scheme (embedded); status=Current; capital_cost is the legacy annualised NZ generator value (investment + fixed O&M for flexible candidates; zero for sunk existing/fixed capacity); variable_O&M_NZD_per_MWh=0.000000.
hydro_storage_bay_of_plenty_bay_of_plenty_hydro_schemes,hydro_storage,2025,2025,,,MW_e generator capacity,,,,0.000000,NZD/MW-year,0.000000,NZD/MWh_e,1.000000,,,,,0.000000,,,,,,110.177798,0.000000,3600,,,MBIE EDGS 2024 assumptions workbook + explicit study assumptions in build_capacity_EDGS.py,,,,EDGS plant=Bay of Plenty hydro schemes; status=Current; capital_cost is the legacy annualised NZ generator value (investment + fixed O&M for flexible candidates; zero for sunk existing/fixed capacity); variable_O&M_NZD_per_MWh=0.000000.
hydro_storage_bay_of_plenty_bay_of_plenty_hydro_schemes,hydro_storage,2030,2030,,,MW_e generator capacity,,,,0.000000,NZD/MW-year,0.000000,NZD/MWh_e,1.000000,,,,,0.000000,,,,,,110.177798,0.000000,3600,,,MBIE EDGS 2024 assumptions workbook + explicit study assumptions in build_capacity_EDGS.py,,,,EDGS plant=Bay of Plenty hydro schemes; status=Current; capital_cost is the legacy annualised NZ generator value (investment + fixed O&M for flexible candidates; zero for sunk existing/fixed capacity); variable_O&M_NZD_per_MWh=0.000000.
hydro_storage_bay_of_plenty_bay_of_plenty_hydro_schemes,hydro_storage,2040,2040,,,MW_e generator capacity,,,,0.000000,NZD/MW-year,0.000000,NZD/MWh_e,1.000000,,,,,0.000000,,,,,,110.177798,0.000000,3600,,,MBIE EDGS 2024 assumptions workbook + explicit study assumptions in build_capacity_EDGS.py,,,,EDGS plant=Bay of Plenty hydro schemes; status=Current; capital_cost is the legacy annualised NZ generator value (investment + fixed O&M for flexible candidates; zero for sunk existing/fixed capacity); variable_O&M_NZD_per_MWh=0.000000.
hydro_storage_bay_of_plenty_bay_of_plenty_hydro_schemes,hydro_storage,2050,2050,,,MW_e generator capacity,,,,0.000000,NZD/MW-year,0.000000,NZD/MWh_e,1.000000,,,,,0.000000,,,,,,110.177798,0.000000,3600,,,MBIE EDGS 2024 assumptions workbook + explicit study assumptions in build_capacity_EDGS.py,,,,EDGS plant=Bay of Plenty hydro schemes; status=Current; capital_cost is the legacy annualised NZ generator value (investment + fixed O&M for flexible candidates; zero for sunk existing/fixed capacity); variable_O&M_NZD_per_MWh=0.000000.
solar_bay_of_plenty_edgecumbe_solar_helios,solar,2025,2025,,,MW_e generator capacity,,,,133584.821096,NZD/MW-year,0.000000,NZD/MWh_e,1.000000,,,,,0.000000,,,,,,23.558811,0.000000,3600,25.556179,157.011489,MBIE EDGS 2024 assumptions workbook + explicit study assumptions in build_capacity_EDGS.py,,,,EDGS plant=Edgecumbe solar (Helios); status=Fully consented; capital_cost is the legacy annualised NZ generator value (investment + fixed O&M for flexible candidates; zero for sunk existing/fixed capacity); variable_O&M_NZD_per_MWh=0.000000; overnight_CAPEX_NZD_per_MW=1365317.292302.
solar_bay_of_plenty_edgecumbe_solar_helios,solar,2030,2030,,,MW_e generator capacity,,,,133584.821096,NZD/MW-year,0.000000,NZD/MWh_e,1.000000,,,,,0.000000,,,,,,23.558811,0.000000,3600,25.556179,157.011489,MBIE EDGS 2024 assumptions workbook + explicit study assumptions in build_capacity_EDGS.py,,,,EDGS plant=Edgecumbe solar (Helios); status=Fully consented; capital_cost is the legacy annualised NZ generator value (investment + fixed O&M for flexible candidates; zero for sunk existing/fixed capacity); variable_O&M_NZD_per_MWh=0.000000; overnight_CAPEX_NZD_per_MW=1365317.292302.
solar_bay_of_plenty_edgecumbe_solar_helios,solar,2040,2040,,,MW_e generator capacity,,,,133584.821096,NZD/MW-year,0.000000,NZD/MWh_e,1.000000,,,,,0.000000,,,,,,23.558811,0.000000,3600,25.556179,157.011489,MBIE EDGS 2024 assumptions workbook + explicit study assumptions in build_capacity_EDGS.py,,,,EDGS plant=Edgecumbe solar (Helios); status=Fully consented; capital_cost is the legacy annualised NZ generator value (investment + fixed O&M for flexible candidates; zero for sunk existing/fixed capacity); variable_O&M_NZD_per_MWh=0.000000; overnight_CAPEX_NZD_per_MW=1365317.292302.
solar_bay_of_plenty_edgecumbe_solar_helios,solar,2050,2050,,,MW_e generator capacity,,,,133584.821096,NZD/MW-year,0.000000,NZD/MWh_e,1.000000,,,,,0.000000,,,,,,23.558811,0.000000,3600,25.556179,157.011489,MBIE EDGS 2024 assumptions workbook + explicit study assumptions in build_capacity_EDGS.py,,,,EDGS plant=Edgecumbe solar (Helios); status=Fully consented; capital_cost is the legacy annualised NZ generator value (investment + fixed O&M for flexible candidates; zero for sunk existing/fixed capacity); variable_O&M_NZD_per_MWh=0.000000; overnight_CAPEX_NZD_per_MW=1365317.292302.
solar_bay_of_plenty_edgecumbe_solar_farm_fnsf,solar,2025,2025,,,MW_e generator capacity,,,,157240.696744,NZD/MW-year,0.000000,NZD/MWh_e,1.000000,,,,,0.000000,,,,,,23.558811,0.000000,3600,19.010000,63.036833,MBIE EDGS 2024 assumptions workbook + explicit study assumptions in build_capacity_EDGS.py,,,,EDGS plant=Edgecumbe solar farm (FNSF); status=Fully consented; capital_cost is the legacy annualised NZ generator value (investment + fixed O&M for flexible candidates; zero for sunk existing/fixed capacity); variable_O&M_NZD_per_MWh=0.000000; overnight_CAPEX_NZD_per_MW=1658864.027460.
solar_bay_of_plenty_edgecumbe_solar_farm_fnsf,solar,2030,2030,,,MW_e generator capacity,,,,157240.696744,NZD/MW-year,0.000000,NZD/MWh_e,1.000000,,,,,0.000000,,,,,,23.558811,0.000000,3600,19.010000,63.036833,MBIE EDGS 2024 assumptions workbook + explicit study assumptions in build_capacity_EDGS.py,,,,EDGS plant=Edgecumbe solar farm (FNSF); status=Fully consented; capital_cost is the legacy annualised NZ generator value (investment + fixed O&M for flexible candidates; zero for sunk existing/fixed capacity); variable_O&M_NZD_per_MWh=0.000000; overnight_CAPEX_NZD_per_MW=1658864.027460.
solar_bay_of_plenty_edgecumbe_solar_farm_fnsf,solar,2040,2040,,,MW_e generator capacity,,,,157240.696744,NZD/MW-year,0.000000,NZD/MWh_e,1.000000,,,,,0.000000,,,,,,23.558811,0.000000,3600,19.010000,63.036833,MBIE EDGS 2024 assumptions workbook + explicit study assumptions in build_capacity_EDGS.py,,,,EDGS plant=Edgecumbe solar farm (FNSF); status=Fully consented; capital_cost is the legacy annualised NZ generator value (investment + fixed O&M for flexible candidates; zero for sunk existing/fixed capacity); variable_O&M_NZD_per_MWh=0.000000; overnight_CAPEX_NZD_per_MW=1658864.027460.
solar_bay_of_plenty_edgecumbe_solar_farm_fnsf,solar,2050,2050,,,MW_e generator capacity,,,,157240.696744,NZD/MW-year,0.000000,NZD/MWh_e,1.000000,,,,,0.000000,,,,,,23.558811,0.000000,3600,19.010000,63.036833,MBIE EDGS 2024 assumptions workbook + explicit study assumptions in build_capacity_EDGS.py,,,,EDGS plant=Edgecumbe solar farm (FNSF); status=Fully consented; capital_cost is the legacy annualised NZ generator value (investment + fixed O&M for flexible candidates; zero for sunk existing/fixed capacity); variable_O&M_NZD_per_MWh=0.000000; overnight_CAPEX_NZD_per_MW=1658864.027460.
solar_bay_of_plenty_generic_solar_101_200mw_55,solar,2025,2025,,,MW_e generator capacity,,,,150113.992194,NZD/MW-year,0.000000,NZD/MWh_e,1.000000,,,,,0.000000,,,,,,23.558811,0.000000,3600,68.510000,282.677122,MBIE EDGS 2024 assumptions workbook + explicit study assumptions in build_capacity_EDGS.py,,,,EDGS plant=Generic solar (101-200MW): 55; status=Generic; capital_cost is the legacy annualised NZ generator value (investment + fixed O&M for flexible candidates; zero for sunk existing/fixed capacity); variable_O&M_NZD_per_MWh=0.000000; overnight_CAPEX_NZD_per_MW=1570428.457198.
solar_bay_of_plenty_generic_solar_101_200mw_55,solar,2030,2030,,,MW_e generator capacity,,,,150113.992194,NZD/MW-year,0.000000,NZD/MWh_e,1.000000,,,,,0.000000,,,,,,23.558811,0.000000,3600,68.510000,282.677122,MBIE EDGS 2024 assumptions workbook + explicit study assumptions in build_capacity_EDGS.py,,,,EDGS plant=Generic solar (101-200MW): 55; status=Generic; capital_cost is the legacy annualised NZ generator value (investment + fixed O&M for flexible candidates; zero for sunk existing/fixed capacity); variable_O&M_NZD_per_MWh=0.000000; overnight_CAPEX_NZD_per_MW=1570428.457198.
solar_bay_of_plenty_generic_solar_101_200mw_55,solar,2040,2040,,,MW_e generator capacity,,,,150113.992194,NZD/MW-year,0.000000,NZD/MWh_e,1.000000,,,,,0.000000,,,,,,23.558811,0.000000,3600,68.510000,282.677122,MBIE EDGS 2024 assumptions workbook + explicit study assumptions in build_capacity_EDGS.py,,,,EDGS plant=Generic solar (101-200MW): 55; status=Generic; capital_cost is the legacy annualised NZ generator value (investment + fixed O&M for flexible candidates; zero for sunk existing/fixed capacity); variable_O&M_NZD_per_MWh=0.000000; overnight_CAPEX_NZD_per_MW=1570428.457198.
solar_bay_of_plenty_generic_solar_101_200mw_55,solar,2050,2050,,,MW_e generator capacity,,,,150113.992194,NZD/MW-year,0.000000,NZD/MWh_e,1.000000,,,,,0.000000,,,,,,23.558811,0.000000,3600,68.510000,282.677122,MBIE EDGS 2024 assumptions workbook + explicit study assumptions in build_capacity_EDGS.py,,,,EDGS plant=Generic solar (101-200MW): 55; status=Generic; capital_cost is the legacy annualised NZ generator value (investment + fixed O&M for flexible candidates; zero for sunk existing/fixed capacity); variable_O&M_NZD_per_MWh=0.000000; overnight_CAPEX_NZD_per_MW=1570428.457198.
solar_bay_of_plenty_lodestone_rangitaiki_solar_farm,solar,2025,2025,,,MW_e generator capacity,,,,0.000000,NZD/MW-year,0.000000,NZD/MWh_e,1.000000,,,,,0.000000,,,,,,23.558811,0.000000,3600,,,MBIE EDGS 2024 assumptions workbook + explicit study assumptions in build_capacity_EDGS.py,,,,EDGS plant=Lodestone Rangitaiki solar farm; status=Current; capital_cost is the legacy annualised NZ generator value (investment + fixed O&M for flexible candidates; zero for sunk existing/fixed capacity); variable_O&M_NZD_per_MWh=0.000000.
solar_bay_of_plenty_lodestone_rangitaiki_solar_farm,solar,2030,2030,,,MW_e generator capacity,,,,0.000000,NZD/MW-year,0.000000,NZD/MWh_e,1.000000,,,,,0.000000,,,,,,23.558811,0.000000,3600,,,MBIE EDGS 2024 assumptions workbook + explicit study assumptions in build_capacity_EDGS.py,,,,EDGS plant=Lodestone Rangitaiki solar farm; status=Current; capital_cost is the legacy annualised NZ generator value (investment + fixed O&M for flexible candidates; zero for sunk existing/fixed capacity); variable_O&M_NZD_per_MWh=0.000000.
solar_bay_of_plenty_lodestone_rangitaiki_solar_farm,solar,2040,2040,,,MW_e generator capacity,,,,0.000000,NZD/MW-year,0.000000,NZD/MWh_e,1.000000,,,,,0.000000,,,,,,23.558811,0.000000,3600,,,MBIE EDGS 2024 assumptions workbook + explicit study assumptions in build_capacity_EDGS.py,,,,EDGS plant=Lodestone Rangitaiki solar farm; status=Current; capital_cost is the legacy annualised NZ generator value (investment + fixed O&M for flexible candidates; zero for sunk existing/fixed capacity); variable_O&M_NZD_per_MWh=0.000000.
solar_bay_of_plenty_lodestone_rangitaiki_solar_farm,solar,2050,2050,,,MW_e generator capacity,,,,0.000000,NZD/MW-year,0.000000,NZD/MWh_e,1.000000,,,,,0.000000,,,,,,23.558811,0.000000,3600,,,MBIE EDGS 2024 assumptions workbook + explicit study assumptions in build_capacity_EDGS.py,,,,EDGS plant=Lodestone Rangitaiki solar farm; status=Current; capital_cost is the legacy annualised NZ generator value (investment + fixed O&M for flexible candidates; zero for sunk existing/fixed capacity); variable_O&M_NZD_per_MWh=0.000000.
solar_bay_of_plenty_lodestone_te_herenga_o_te_ra_solar_farm,solar,2025,2025,,,MW_e generator capacity,,,,0.000000,NZD/MW-year,0.000000,NZD/MWh_e,1.000000,,,,,0.000000,,,,,,23.558811,0.000000,3600,18.440000,54.869235,MBIE EDGS 2024 assumptions workbook + explicit study assumptions in build_capacity_EDGS.py,,,,EDGS plant=Lodestone Te Herenga o Te Rā solar farm; status=Under construction; capital_cost is the legacy annualised NZ generator value (investment + fixed O&M for flexible candidates; zero for sunk existing/fixed capacity); variable_O&M_NZD_per_MWh=0.000000; overnight_CAPEX_NZD_per_MW=1828974.492754.
solar_bay_of_plenty_lodestone_te_herenga_o_te_ra_solar_farm,solar,2030,2030,,,MW_e generator capacity,,,,0.000000,NZD/MW-year,0.000000,NZD/MWh_e,1.000000,,,,,0.000000,,,,,,23.558811,0.000000,3600,18.440000,54.869235,MBIE EDGS 2024 assumptions workbook + explicit study assumptions in build_capacity_EDGS.py,,,,EDGS plant=Lodestone Te Herenga o Te Rā solar farm; status=Under construction; capital_cost is the legacy annualised NZ generator value (investment + fixed O&M for flexible candidates; zero for sunk existing/fixed capacity); variable_O&M_NZD_per_MWh=0.000000; overnight_CAPEX_NZD_per_MW=1828974.492754.
solar_bay_of_plenty_lodestone_te_herenga_o_te_ra_solar_farm,solar,2040,2040,,,MW_e generator capacity,,,,0.000000,NZD/MW-year,0.000000,NZD/MWh_e,1.000000,,,,,0.000000,,,,,,23.558811,0.000000,3600,18.440000,54.869235,MBIE EDGS 2024 assumptions workbook + explicit study assumptions in build_capacity_EDGS.py,,,,EDGS plant=Lodestone Te Herenga o Te Rā solar farm; status=Under construction; capital_cost is the legacy annualised NZ generator value (investment + fixed O&M for flexible candidates; zero for sunk existing/fixed capacity); variable_O&M_NZD_per_MWh=0.000000; overnight_CAPEX_NZD_per_MW=1828974.492754.
solar_bay_of_plenty_lodestone_te_herenga_o_te_ra_solar_farm,solar,2050,2050,,,MW_e generator capacity,,,,0.000000,NZD/MW-year,0.000000,NZD/MWh_e,1.000000,,,,,0.000000,,,,,,23.558811,0.000000,3600,18.440000,54.869235,MBIE EDGS 2024 assumptions workbook + explicit study assumptions in build_capacity_EDGS.py,,,,EDGS plant=Lodestone Te Herenga o Te Rā solar farm; status=Under construction; capital_cost is the legacy annualised NZ generator value (investment + fixed O&M for flexible candidates; zero for sunk existing/fixed capacity); variable_O&M_NZD_per_MWh=0.000000; overnight_CAPEX_NZD_per_MW=1828974.492754.
solar_bay_of_plenty_rangitaiki_solar_stage_1,solar,2025,2025,,,MW_e generator capacity,,,,125549.570459,NZD/MW-year,0.000000,NZD/MWh_e,1.000000,,,,,0.000000,,,,,,23.558811,0.000000,3600,28.810000,189.841130,MBIE EDGS 2024 assumptions workbook + explicit study assumptions in build_capacity_EDGS.py,,,,EDGS plant=Rangitāiki solar (Stage 1); status=Fully consented; capital_cost is the legacy annualised NZ generator value (investment + fixed O&M for flexible candidates; zero for sunk existing/fixed capacity); variable_O&M_NZD_per_MWh=0.000000; overnight_CAPEX_NZD_per_MW=1265607.536232.
solar_bay_of_plenty_rangitaiki_solar_stage_1,solar,2030,2030,,,MW_e generator capacity,,,,125549.570459,NZD/MW-year,0.000000,NZD/MWh_e,1.000000,,,,,0.000000,,,,,,23.558811,0.000000,3600,28.810000,189.841130,MBIE EDGS 2024 assumptions workbook + explicit study assumptions in build_capacity_EDGS.py,,,,EDGS plant=Rangitāiki solar (Stage 1); status=Fully consented; capital_cost is the legacy annualised NZ generator value (investment + fixed O&M for flexible candidates; zero for sunk existing/fixed capacity); variable_O&M_NZD_per_MWh=0.000000; overnight_CAPEX_NZD_per_MW=1265607.536232.
solar_bay_of_plenty_rangitaiki_solar_stage_1,solar,2040,2040,,,MW_e generator capacity,,,,125549.570459,NZD/MW-year,0.000000,NZD/MWh_e,1.000000,,,,,0.000000,,,,,,23.558811,0.000000,3600,28.810000,189.841130,MBIE EDGS 2024 assumptions workbook + explicit study assumptions in build_capacity_EDGS.py,,,,EDGS plant=Rangitāiki solar (Stage 1); status=Fully consented; capital_cost is the legacy annualised NZ generator value (investment + fixed O&M for flexible candidates; zero for sunk existing/fixed capacity); variable_O&M_NZD_per_MWh=0.000000; overnight_CAPEX_NZD_per_MW=1265607.536232.
solar_bay_of_plenty_rangitaiki_solar_stage_1,solar,2050,2050,,,MW_e generator capacity,,,,125549.570459,NZD/MW-year,0.000000,NZD/MWh_e,1.000000,,,,,0.000000,,,,,,23.558811,0.000000,3600,28.810000,189.841130,MBIE EDGS 2024 assumptions workbook + explicit study assumptions in build_capacity_EDGS.py,,,,EDGS plant=Rangitāiki solar (Stage 1); status=Fully consented; capital_cost is the legacy annualised NZ generator value (investment + fixed O&M for flexible candidates; zero for sunk existing/fixed capacity); variable_O&M_NZD_per_MWh=0.000000; overnight_CAPEX_NZD_per_MW=1265607.536232.
solar_bay_of_plenty_rangitaiki_solar_stage_2,solar,2025,2025,,,MW_e generator capacity,,,,109328.601917,NZD/MW-year,0.000000,NZD/MWh_e,1.000000,,,,,0.000000,,,,,,23.558811,0.000000,3600,0.000000,159.648130,MBIE EDGS 2024 assumptions workbook + explicit study assumptions in build_capacity_EDGS.py,,,,EDGS plant=Rangitāiki solar (Stage 2); status=Fully consented; capital_cost is the legacy annualised NZ generator value (investment + fixed O&M for flexible candidates; zero for sunk existing/fixed capacity); variable_O&M_NZD_per_MWh=0.000000; overnight_CAPEX_NZD_per_MW=1064320.869565.
solar_bay_of_plenty_rangitaiki_solar_stage_2,solar,2030,2030,,,MW_e generator capacity,,,,109328.601917,NZD/MW-year,0.000000,NZD/MWh_e,1.000000,,,,,0.000000,,,,,,23.558811,0.000000,3600,0.000000,159.648130,MBIE EDGS 2024 assumptions workbook + explicit study assumptions in build_capacity_EDGS.py,,,,EDGS plant=Rangitāiki solar (Stage 2); status=Fully consented; capital_cost is the legacy annualised NZ generator value (investment + fixed O&M for flexible candidates; zero for sunk existing/fixed capacity); variable_O&M_NZD_per_MWh=0.000000; overnight_CAPEX_NZD_per_MW=1064320.869565.
solar_bay_of_plenty_rangitaiki_solar_stage_2,solar,2040,2040,,,MW_e generator capacity,,,,109328.601917,NZD/MW-year,0.000000,NZD/MWh_e,1.000000,,,,,0.000000,,,,,,23.558811,0.000000,3600,0.000000,159.648130,MBIE EDGS 2024 assumptions workbook + explicit study assumptions in build_capacity_EDGS.py,,,,EDGS plant=Rangitāiki solar (Stage 2); status=Fully consented; capital_cost is the legacy annualised NZ generator value (investment + fixed O&M for flexible candidates; zero for sunk existing/fixed capacity); variable_O&M_NZD_per_MWh=0.000000; overnight_CAPEX_NZD_per_MW=1064320.869565.
solar_bay_of_plenty_rangitaiki_solar_stage_2,solar,2050,2050,,,MW_e generator capacity,,,,109328.601917,NZD/MW-year,0.000000,NZD/MWh_e,1.000000,,,,,0.000000,,,,,,23.558811,0.000000,3600,0.000000,159.648130,MBIE EDGS 2024 assumptions workbook + explicit study assumptions in build_capacity_EDGS.py,,,,EDGS plant=Rangitāiki solar (Stage 2); status=Fully consented; capital_cost is the legacy annualised NZ generator value (investment + fixed O&M for flexible candidates; zero for sunk existing/fixed capacity); variable_O&M_NZD_per_MWh=0.000000; overnight_CAPEX_NZD_per_MW=1064320.869565.
solar_bay_of_plenty_rangitaiki_solar_stage_3,solar,2025,2025,,,MW_e generator capacity,,,,113462.193892,NZD/MW-year,0.000000,NZD/MWh_e,1.000000,,,,,0.000000,,,,,,23.558811,0.000000,3600,0.000000,111.561478,MBIE EDGS 2024 assumptions workbook + explicit study assumptions in build_capacity_EDGS.py,,,,EDGS plant=Rangitāiki solar (Stage 3); status=Fully consented; capital_cost is the legacy annualised NZ generator value (investment + fixed O&M for flexible candidates; zero for sunk existing/fixed capacity); variable_O&M_NZD_per_MWh=0.000000; overnight_CAPEX_NZD_per_MW=1115614.782609.
solar_bay_of_plenty_rangitaiki_solar_stage_3,solar,2030,2030,,,MW_e generator capacity,,,,113462.193892,NZD/MW-year,0.000000,NZD/MWh_e,1.000000,,,,,0.000000,,,,,,23.558811,0.000000,3600,0.000000,111.561478,MBIE EDGS 2024 assumptions workbook + explicit study assumptions in build_capacity_EDGS.py,,,,EDGS plant=Rangitāiki solar (Stage 3); status=Fully consented; capital_cost is the legacy annualised NZ generator value (investment + fixed O&M for flexible candidates; zero for sunk existing/fixed capacity); variable_O&M_NZD_per_MWh=0.000000; overnight_CAPEX_NZD_per_MW=1115614.782609.
solar_bay_of_plenty_rangitaiki_solar_stage_3,solar,2040,2040,,,MW_e generator capacity,,,,113462.193892,NZD/MW-year,0.000000,NZD/MWh_e,1.000000,,,,,0.000000,,,,,,23.558811,0.000000,3600,0.000000,111.561478,MBIE EDGS 2024 assumptions workbook + explicit study assumptions in build_capacity_EDGS.py,,,,EDGS plant=Rangitāiki solar (Stage 3); status=Fully consented; capital_cost is the legacy annualised NZ generator value (investment + fixed O&M for flexible candidates; zero for sunk existing/fixed capacity); variable_O&M_NZD_per_MWh=0.000000; overnight_CAPEX_NZD_per_MW=1115614.782609.
solar_bay_of_plenty_rangitaiki_solar_stage_3,solar,2050,2050,,,MW_e generator capacity,,,,113462.193892,NZD/MW-year,0.000000,NZD/MWh_e,1.000000,,,,,0.000000,,,,,,23.558811,0.000000,3600,0.000000,111.561478,MBIE EDGS 2024 assumptions workbook + explicit study assumptions in build_capacity_EDGS.py,,,,EDGS plant=Rangitāiki solar (Stage 3); status=Fully consented; capital_cost is the legacy annualised NZ generator value (investment + fixed O&M for flexible candidates; zero for sunk existing/fixed capacity); variable_O&M_NZD_per_MWh=0.000000; overnight_CAPEX_NZD_per_MW=1115614.782609.
solar_bay_of_plenty_waiotahe_solar_farm,solar,2025,2025,,,MW_e generator capacity,,,,133911.847229,NZD/MW-year,0.000000,NZD/MWh_e,1.000000,,,,,0.000000,,,,,,23.558811,0.000000,3600,23.620000,110.919405,MBIE EDGS 2024 assumptions workbook + explicit study assumptions in build_capacity_EDGS.py,,,,EDGS plant=Waiotahe solar farm; status=Fully consented; capital_cost is the legacy annualised NZ generator value (investment + fixed O&M for flexible candidates; zero for sunk existing/fixed capacity); variable_O&M_NZD_per_MWh=0.000000; overnight_CAPEX_NZD_per_MW=1369375.373054.
solar_bay_of_plenty_waiotahe_solar_farm,solar,2030,2030,,,MW_e generator capacity,,,,133911.847229,NZD/MW-year,0.000000,NZD/MWh_e,1.000000,,,,,0.000000,,,,,,23.558811,0.000000,3600,23.620000,110.919405,MBIE EDGS 2024 assumptions workbook + explicit study assumptions in build_capacity_EDGS.py,,,,EDGS plant=Waiotahe solar farm; status=Fully consented; capital_cost is the legacy annualised NZ generator value (investment + fixed O&M for flexible candidates; zero for sunk existing/fixed capacity); variable_O&M_NZD_per_MWh=0.000000; overnight_CAPEX_NZD_per_MW=1369375.373054.
solar_bay_of_plenty_waiotahe_solar_farm,solar,2040,2040,,,MW_e generator capacity,,,,133911.847229,NZD/MW-year,0.000000,NZD/MWh_e,1.000000,,,,,0.000000,,,,,,23.558811,0.000000,3600,23.620000,110.919405,MBIE EDGS 2024 assumptions workbook + explicit study assumptions in build_capacity_EDGS.py,,,,EDGS plant=Waiotahe solar farm; status=Fully consented; capital_cost is the legacy annualised NZ generator value (investment + fixed O&M for flexible candidates; zero for sunk existing/fixed capacity); variable_O&M_NZD_per_MWh=0.000000; overnight_CAPEX_NZD_per_MW=1369375.373054.
solar_bay_of_plenty_waiotahe_solar_farm,solar,2050,2050,,,MW_e generator capacity,,,,133911.847229,NZD/MW-year,0.000000,NZD/MWh_e,1.000000,,,,,0.000000,,,,,,23.558811,0.000000,3600,23.620000,110.919405,MBIE EDGS 2024 assumptions workbook + explicit study assumptions in build_capacity_EDGS.py,,,,EDGS plant=Waiotahe solar farm; status=Fully consented; capital_cost is the legacy annualised NZ generator value (investment + fixed O&M for flexible candidates; zero for sunk existing/fixed capacity); variable_O&M_NZD_per_MWh=0.000000; overnight_CAPEX_NZD_per_MW=1369375.373054.
bio_reciprocating_canterbury_generic_reciprocating_biogas_2_christchurch,bio_reciprocating,2025,2025,,,MW_e generator capacity,,,,242996.220512,NZD/MW-year,16.012294,NZD/MWh_e,1.000000,,,,,0.000000,,,,,,21.173282,0.000000,11400,0.661665,25.850321,MBIE EDGS 2024 assumptions workbook + explicit study assumptions in build_capacity_EDGS.py,,,,EDGS plant=Generic Reciprocating Biogas: 2 (Christchurch); status=Generic; capital_cost is the legacy annualised NZ generator value (investment + fixed O&M for flexible candidates; zero for sunk existing/fixed capacity); variable_O&M_NZD_per_MWh=16.012294; overnight_CAPEX_NZD_per_MW=2585032.068248.
bio_reciprocating_canterbury_generic_reciprocating_biogas_2_christchurch,bio_reciprocating,2030,2030,,,MW_e generator capacity,,,,242996.220512,NZD/MW-year,16.012294,NZD/MWh_e,1.000000,,,,,0.000000,,,,,,21.173282,0.000000,11400,0.661665,25.850321,MBIE EDGS 2024 assumptions workbook + explicit study assumptions in build_capacity_EDGS.py,,,,EDGS plant=Generic Reciprocating Biogas: 2 (Christchurch); status=Generic; capital_cost is the legacy annualised NZ generator value (investment + fixed O&M for flexible candidates; zero for sunk existing/fixed capacity); variable_O&M_NZD_per_MWh=16.012294; overnight_CAPEX_NZD_per_MW=2585032.068248.
bio_reciprocating_canterbury_generic_reciprocating_biogas_2_christchurch,bio_reciprocating,2040,2040,,,MW_e generator capacity,,,,242996.220512,NZD/MW-year,16.012294,NZD/MWh_e,1.000000,,,,,0.000000,,,,,,21.173282,0.000000,11400,0.661665,25.850321,MBIE EDGS 2024 assumptions workbook + explicit study assumptions in build_capacity_EDGS.py,,,,EDGS plant=Generic Reciprocating Biogas: 2 (Christchurch); status=Generic; capital_cost is the legacy annualised NZ generator value (investment + fixed O&M for flexible candidates; zero for sunk existing/fixed capacity); variable_O&M_NZD_per_MWh=16.012294; overnight_CAPEX_NZD_per_MW=2585032.068248.
bio_reciprocating_canterbury_generic_reciprocating_biogas_2_christchurch,bio_reciprocating,2050,2050,,,MW_e generator capacity,,,,242996.220512,NZD/MW-year,16.012294,NZD/MWh_e,1.000000,,,,,0.000000,,,,,,21.173282,0.000000,11400,0.661665,25.850321,MBIE EDGS 2024 assumptions workbook + explicit study assumptions in build_capacity_EDGS.py,,,,EDGS plant=Generic Reciprocating Biogas: 2 (Christchurch); status=Generic; capital_cost is the legacy annualised NZ generator value (investment + fixed O&M for flexible candidates; zero for sunk existing/fixed capacity); variable_O&M_NZD_per_MWh=16.012294; overnight_CAPEX_NZD_per_MW=2585032.068248.
hydro_peaking_canterbury_lake_pukaki_hydro_plant,hydro_peaking,2025,2025,,,MW_e generator capacity,,,,371023.631251,NZD/MW-year,0.000000,NZD/MWh_e,1.000000,,,,,0.000000,,,,,,76.300527,0.000000,3600,5.160987,146.704376,MBIE EDGS 2024 assumptions workbook + explicit study assumptions in build_capacity_EDGS.py,,,,EDGS plant=Lake Pūkaki hydro plant; status=Consent lapsed; capital_cost is the legacy annualised NZ generator value (investment + fixed O&M for flexible candidates; zero for sunk existing/fixed capacity); variable_O&M_NZD_per_MWh=0.000000; overnight_CAPEX_NZD_per_MW=4191553.588715.
hydro_peaking_canterbury_lake_pukaki_hydro_plant,hydro_peaking,2030,2030,,,MW_e generator capacity,,,,371023.631251,NZD/MW-year,0.000000,NZD/MWh_e,1.000000,,,,,0.000000,,,,,,76.300527,0.000000,3600,5.160987,146.704376,MBIE EDGS 2024 assumptions workbook + explicit study assumptions in build_capacity_EDGS.py,,,,EDGS plant=Lake Pūkaki hydro plant; status=Consent lapsed; capital_cost is the legacy annualised NZ generator value (investment + fixed O&M for flexible candidates; zero for sunk existing/fixed capacity); variable_O&M_NZD_per_MWh=0.000000; overnight_CAPEX_NZD_per_MW=4191553.588715.
hydro_peaking_canterbury_lake_pukaki_hydro_plant,hydro_peaking,2040,2040,,,MW_e generator capacity,,,,371023.631251,NZD/MW-year,0.000000,NZD/MWh_e,1.000000,,,,,0.000000,,,,,,76.300527,0.000000,3600,5.160987,146.704376,MBIE EDGS 2024 assumptions workbook + explicit study assumptions in build_capacity_EDGS.py,,,,EDGS plant=Lake Pūkaki hydro plant; status=Consent lapsed; capital_cost is the legacy annualised NZ generator value (investment + fixed O&M for flexible candidates; zero for sunk existing/fixed capacity); variable_O&M_NZD_per_MWh=0.000000; overnight_CAPEX_NZD_per_MW=4191553.588715.
hydro_peaking_canterbury_lake_pukaki_hydro_plant,hydro_peaking,2050,2050,,,MW_e generator capacity,,,,371023.631251,NZD/MW-year,0.000000,NZD/MWh_e,1.000000,,,,,0.000000,,,,,,76.300527,0.000000,3600,5.160987,146.704376,MBIE EDGS 2024 assumptions workbook + explicit study assumptions in build_capacity_EDGS.py,,,,EDGS plant=Lake Pūkaki hydro plant; status=Consent lapsed; capital_cost is the legacy annualised NZ generator value (investment + fixed O&M for flexible candidates; zero for sunk existing/fixed capacity); variable_O&M_NZD_per_MWh=0.000000; overnight_CAPEX_NZD_per_MW=4191553.588715.
hydro_run_of_river_canterbury_bush_stream_hydro_plant,hydro_run_of_river,2025,2025,,,MW_e generator capacity,,,,514196.117001,NZD/MW-year,0.000000,NZD/MWh_e,1.000000,,,,,0.000000,,,,,,76.566311,0.000000,3600,9.527977,186.719204,MBIE EDGS 2024 assumptions workbook + explicit study assumptions in build_capacity_EDGS.py,,,,EDGS plant=Bush Stream hydro plant; status=Generic; capital_cost is the legacy annualised NZ generator value (investment + fixed O&M for flexible candidates; zero for sunk existing/fixed capacity); variable_O&M_NZD_per_MWh=0.000000; overnight_CAPEX_NZD_per_MW=6223973.474556.
hydro_run_of_river_canterbury_bush_stream_hydro_plant,hydro_run_of_river,2030,2030,,,MW_e generator capacity,,,,514196.117001,NZD/MW-year,0.000000,NZD/MWh_e,1.000000,,,,,0.000000,,,,,,76.566311,0.000000,3600,9.527977,186.719204,MBIE EDGS 2024 assumptions workbook + explicit study assumptions in build_capacity_EDGS.py,,,,EDGS plant=Bush Stream hydro plant; status=Generic; capital_cost is the legacy annualised NZ generator value (investment + fixed O&M for flexible candidates; zero for sunk existing/fixed capacity); variable_O&M_NZD_per_MWh=0.000000; overnight_CAPEX_NZD_per_MW=6223973.474556.
hydro_run_of_river_canterbury_bush_stream_hydro_plant,hydro_run_of_river,2040,2040,,,MW_e generator capacity,,,,514196.117001,NZD/MW-year,0.000000,NZD/MWh_e,1.000000,,,,,0.000000,,,,,,76.566311,0.000000,3600,9.527977,186.719204,MBIE EDGS 2024 assumptions workbook + explicit study assumptions in build_capacity_EDGS.py,,,,EDGS plant=Bush Stream hydro plant; status=Generic; capital_cost is the legacy annualised NZ generator value (investment + fixed O&M for flexible candidates; zero for sunk existing/fixed capacity); variable_O&M_NZD_per_MWh=0.000000; overnight_CAPEX_NZD_per_MW=6223973.474556.
hydro_run_of_river_canterbury_bush_stream_hydro_plant,hydro_run_of_river,2050,2050,,,MW_e generator capacity,,,,514196.117001,NZD/MW-year,0.000000,NZD/MWh_e,1.000000,,,,,0.000000,,,,,,76.566311,0.000000,3600,9.527977,186.719204,MBIE EDGS 2024 assumptions workbook + explicit study assumptions in build_capacity_EDGS.py,,,,EDGS plant=Bush Stream hydro plant; status=Generic; capital_cost is the legacy annualised NZ generator value (investment + fixed O&M for flexible candidates; zero for sunk existing/fixed capacity); variable_O&M_NZD_per_MWh=0.000000; overnight_CAPEX_NZD_per_MW=6223973.474556.
hydro_run_of_river_canterbury_clarence_hydro_waiau_diversions,hydro_run_of_river,2025,2025,,,MW_e generator capacity,,,,499288.520310,NZD/MW-year,0.000000,NZD/MWh_e,1.000000,,,,,0.000000,,,,,,74.419592,0.000000,3600,9.527977,422.974174,MBIE EDGS 2024 assumptions workbook + explicit study assumptions in build_capacity_EDGS.py,,,,EDGS plant=Clarence hydro: Waiau Diversions; status=Generic; capital_cost is the legacy annualised NZ generator value (investment + fixed O&M for flexible candidates; zero for sunk existing/fixed capacity); variable_O&M_NZD_per_MWh=0.000000; overnight_CAPEX_NZD_per_MW=6042488.202810.
hydro_run_of_river_canterbury_clarence_hydro_waiau_diversions,hydro_run_of_river,2030,2030,,,MW_e generator capacity,,,,499288.520310,NZD/MW-year,0.000000,NZD/MWh_e,1.000000,,,,,0.000000,,,,,,74.419592,0.000000,3600,9.527977,422.974174,MBIE EDGS 2024 assumptions workbook + explicit study assumptions in build_capacity_EDGS.py,,,,EDGS plant=Clarence hydro: Waiau Diversions; status=Generic; capital_cost is the legacy annualised NZ generator value (investment + fixed O&M for flexible candidates; zero for sunk existing/fixed capacity); variable_O&M_NZD_per_MWh=0.000000; overnight_CAPEX_NZD_per_MW=6042488.202810.
hydro_run_of_river_canterbury_clarence_hydro_waiau_diversions,hydro_run_of_river,2040,2040,,,MW_e generator capacity,,,,499288.520310,NZD/MW-year,0.000000,NZD/MWh_e,1.000000,,,,,0.000000,,,,,,74.419592,0.000000,3600,9.527977,422.974174,MBIE EDGS 2024 assumptions workbook + explicit study assumptions in build_capacity_EDGS.py,,,,EDGS plant=Clarence hydro: Waiau Diversions; status=Generic; capital_cost is the legacy annualised NZ generator value (investment + fixed O&M for flexible candidates; zero for sunk existing/fixed capacity); variable_O&M_NZD_per_MWh=0.000000; overnight_CAPEX_NZD_per_MW=6042488.202810.
hydro_run_of_river_canterbury_clarence_hydro_waiau_diversions,hydro_run_of_river,2050,2050,,,MW_e generator capacity,,,,499288.520310,NZD/MW-year,0.000000,NZD/MWh_e,1.000000,,,,,0.000000,,,,,,74.419592,0.000000,3600,9.527977,422.974174,MBIE EDGS 2024 assumptions workbook + explicit study assumptions in build_capacity_EDGS.py,,,,EDGS plant=Clarence hydro: Waiau Diversions; status=Generic; capital_cost is the legacy annualised NZ generator value (investment + fixed O&M for flexible candidates; zero for sunk existing/fixed capacity); variable_O&M_NZD_per_MWh=0.000000; overnight_CAPEX_NZD_per_MW=6042488.202810.
hydro_run_of_river_canterbury_potts_river_hydro,hydro_run_of_river,2025,2025,,,MW_e generator capacity,,,,510740.113323,NZD/MW-year,0.000000,NZD/MWh_e,1.000000,,,,,0.000000,,,,,,76.300527,0.000000,3600,9.527977,216.251075,MBIE EDGS 2024 assumptions workbook + explicit study assumptions in build_capacity_EDGS.py,,,,EDGS plant=Potts River hydro; status=Generic; capital_cost is the legacy annualised NZ generator value (investment + fixed O&M for flexible candidates; zero for sunk existing/fixed capacity); variable_O&M_NZD_per_MWh=0.000000; overnight_CAPEX_NZD_per_MW=6178602.156620.
hydro_run_of_river_canterbury_potts_river_hydro,hydro_run_of_river,2030,2030,,,MW_e generator capacity,,,,510740.113323,NZD/MW-year,0.000000,NZD/MWh_e,1.000000,,,,,0.000000,,,,,,76.300527,0.000000,3600,9.527977,216.251075,MBIE EDGS 2024 assumptions workbook + explicit study assumptions in build_capacity_EDGS.py,,,,EDGS plant=Potts River hydro; status=Generic; capital_cost is the legacy annualised NZ generator value (investment + fixed O&M for flexible candidates; zero for sunk existing/fixed capacity); variable_O&M_NZD_per_MWh=0.000000; overnight_CAPEX_NZD_per_MW=6178602.156620.
hydro_run_of_river_canterbury_potts_river_hydro,hydro_run_of_river,2040,2040,,,MW_e generator capacity,,,,510740.113323,NZD/MW-year,0.000000,NZD/MWh_e,1.000000,,,,,0.000000,,,,,,76.300527,0.000000,3600,9.527977,216.251075,MBIE EDGS 2024 assumptions workbook + explicit study assumptions in build_capacity_EDGS.py,,,,EDGS plant=Potts River hydro; status=Generic; capital_cost is the legacy annualised NZ generator value (investment + fixed O&M for flexible candidates; zero for sunk existing/fixed capacity); variable_O&M_NZD_per_MWh=0.000000; overnight_CAPEX_NZD_per_MW=6178602.156620.
hydro_run_of_river_canterbury_potts_river_hydro,hydro_run_of_river,2050,2050,,,MW_e generator capacity,,,,510740.113323,NZD/MW-year,0.000000,NZD/MWh_e,1.000000,,,,,0.000000,,,,,,76.300527,0.000000,3600,9.527977,216.251075,MBIE EDGS 2024 assumptions workbook + explicit study assumptions in build_capacity_EDGS.py,,,,EDGS plant=Potts River hydro; status=Generic; capital_cost is the legacy annualised NZ generator value (investment + fixed O&M for flexible candidates; zero for sunk existing/fixed capacity); variable_O&M_NZD_per_MWh=0.000000; overnight_CAPEX_NZD_per_MW=6178602.156620.
hydro_run_of_river_canterbury_rakaia_river_dam,hydro_run_of_river,2025,2025,,,MW_e generator capacity,,,,792004.981351,NZD/MW-year,0.000000,NZD/MWh_e,1.000000,,,,,0.000000,,,,,,153.132623,0.000000,3600,8.479899,27.258138,MBIE EDGS 2024 assumptions workbook + explicit study assumptions in build_capacity_EDGS.py,,,,EDGS plant=Rakaia River dam; status=Potential; capital_cost is the legacy annualised NZ generator value (investment + fixed O&M for flexible candidates; zero for sunk existing/fixed capacity); variable_O&M_NZD_per_MWh=0.000000; overnight_CAPEX_NZD_per_MW=9086046.156260.
hydro_run_of_river_canterbury_rakaia_river_dam,hydro_run_of_river,2030,2030,,,MW_e generator capacity,,,,792004.981351,NZD/MW-year,0.000000,NZD/MWh_e,1.000000,,,,,0.000000,,,,,,153.132623,0.000000,3600,8.479899,27.258138,MBIE EDGS 2024 assumptions workbook + explicit study assumptions in build_capacity_EDGS.py,,,,EDGS plant=Rakaia River dam; status=Potential; capital_cost is the legacy annualised NZ generator value (investment + fixed O&M for flexible candidates; zero for sunk existing/fixed capacity); variable_O&M_NZD_per_MWh=0.000000; overnight_CAPEX_NZD_per_MW=9086046.156260.
hydro_run_of_river_canterbury_rakaia_river_dam,hydro_run_of_river,2040,2040,,,MW_e generator capacity,,,,792004.981351,NZD/MW-year,0.000000,NZD/MWh_e,1.000000,,,,,0.000000,,,,,,153.132623,0.000000,3600,8.479899,27.258138,MBIE EDGS 2024 assumptions workbook + explicit study assumptions in build_capacity_EDGS.py,,,,EDGS plant=Rakaia River dam; status=Potential; capital_cost is the legacy annualised NZ generator value (investment + fixed O&M for flexible candidates; zero for sunk existing/fixed capacity); variable_O&M_NZD_per_MWh=0.000000; overnight_CAPEX_NZD_per_MW=9086046.156260.
hydro_run_of_river_canterbury_rakaia_river_dam,hydro_run_of_river,2050,2050,,,MW_e generator capacity,,,,792004.981351,NZD/MW-year,0.000000,NZD/MWh_e,1.000000,,,,,0.000000,,,,,,153.132623,0.000000,3600,8.479899,27.258138,MBIE EDGS 2024 assumptions workbook + explicit study assumptions in build_capacity_EDGS.py,,,,EDGS plant=Rakaia River dam; status=Potential; capital_cost is the legacy annualised NZ generator value (investment + fixed O&M for flexible candidates; zero for sunk existing/fixed capacity); variable_O&M_NZD_per_MWh=0.000000; overnight_CAPEX_NZD_per_MW=9086046.156260.
hydro_storage_canterbury_christchurch_hydro_scheme_embedded,hydro_storage,2025,2025,,,MW_e generator capacity,,,,0.000000,NZD/MW-year,0.000000,NZD/MWh_e,1.000000,,,,,0.000000,,,,,,153.132623,0.000000,3600,,,MBIE EDGS 2024 assumptions workbook + explicit study assumptions in build_capacity_EDGS.py,,,,EDGS plant=Christchurch hydro scheme (embedded); status=Current; capital_cost is the legacy annualised NZ generator value (investment + fixed O&M for flexible candidates; zero for sunk existing/fixed capacity); variable_O&M_NZD_per_MWh=0.000000.
hydro_storage_canterbury_christchurch_hydro_scheme_embedded,hydro_storage,2030,2030,,,MW_e generator capacity,,,,0.000000,NZD/MW-year,0.000000,NZD/MWh_e,1.000000,,,,,0.000000,,,,,,153.132623,0.000000,3600,,,MBIE EDGS 2024 assumptions workbook + explicit study assumptions in build_capacity_EDGS.py,,,,EDGS plant=Christchurch hydro scheme (embedded); status=Current; capital_cost is the legacy annualised NZ generator value (investment + fixed O&M for flexible candidates; zero for sunk existing/fixed capacity); variable_O&M_NZD_per_MWh=0.000000.
hydro_storage_canterbury_christchurch_hydro_scheme_embedded,hydro_storage,2040,2040,,,MW_e generator capacity,,,,0.000000,NZD/MW-year,0.000000,NZD/MWh_e,1.000000,,,,,0.000000,,,,,,153.132623,0.000000,3600,,,MBIE EDGS 2024 assumptions workbook + explicit study assumptions in build_capacity_EDGS.py,,,,EDGS plant=Christchurch hydro scheme (embedded); status=Current; capital_cost is the legacy annualised NZ generator value (investment + fixed O&M for flexible candidates; zero for sunk existing/fixed capacity); variable_O&M_NZD_per_MWh=0.000000.
hydro_storage_canterbury_christchurch_hydro_scheme_embedded,hydro_storage,2050,2050,,,MW_e generator capacity,,,,0.000000,NZD/MW-year,0.000000,NZD/MWh_e,1.000000,,,,,0.000000,,,,,,153.132623,0.000000,3600,,,MBIE EDGS 2024 assumptions workbook + explicit study assumptions in build_capacity_EDGS.py,,,,EDGS plant=Christchurch hydro scheme (embedded); status=Current; capital_cost is the legacy annualised NZ generator value (investment + fixed O&M for flexible candidates; zero for sunk existing/fixed capacity); variable_O&M_NZD_per_MWh=0.000000.
hydro_storage_canterbury_coleridge,hydro_storage,2025,2025,,,MW_e generator capacity,,,,0.000000,NZD/MW-year,0.000000,NZD/MWh_e,1.000000,,,,,0.000000,,,,,,76.055188,0.000000,3600,,,MBIE EDGS 2024 assumptions workbook + explicit study assumptions in build_capacity_EDGS.py,,,,EDGS plant=Coleridge; status=Current; capital_cost is the legacy annualised NZ generator value (investment + fixed O&M for flexible candidates; zero for sunk existing/fixed capacity); variable_O&M_NZD_per_MWh=0.000000.
hydro_storage_canterbury_coleridge,hydro_storage,2030,2030,,,MW_e generator capacity,,,,0.000000,NZD/MW-year,0.000000,NZD/MWh_e,1.000000,,,,,0.000000,,,,,,76.055188,0.000000,3600,,,MBIE EDGS 2024 assumptions workbook + explicit study assumptions in build_capacity_EDGS.py,,,,EDGS plant=Coleridge; status=Current; capital_cost is the legacy annualised NZ generator value (investment + fixed O&M for flexible candidates; zero for sunk existing/fixed capacity); variable_O&M_NZD_per_MWh=0.000000.
hydro_storage_canterbury_coleridge,hydro_storage,2040,2040,,,MW_e generator capacity,,,,0.000000,NZD/MW-year,0.000000,NZD/MWh_e,1.000000,,,,,0.000000,,,,,,76.055188,0.000000,3600,,,MBIE EDGS 2024 assumptions workbook + explicit study assumptions in build_capacity_EDGS.py,,,,EDGS plant=Coleridge; status=Current; capital_cost is the legacy annualised NZ generator value (investment + fixed O&M for flexible candidates; zero for sunk existing/fixed capacity); variable_O&M_NZD_per_MWh=0.000000.
hydro_storage_canterbury_coleridge,hydro_storage,2050,2050,,,MW_e generator capacity,,,,0.000000,NZD/MW-year,0.000000,NZD/MWh_e,1.000000,,,,,0.000000,,,,,,76.055188,0.000000,3600,,,MBIE EDGS 2024 assumptions workbook + explicit study assumptions in build_capacity_EDGS.py,,,,EDGS plant=Coleridge; status=Current; capital_cost is the legacy annualised NZ generator value (investment + fixed O&M for flexible candidates; zero for sunk existing/fixed capacity); variable_O&M_NZD_per_MWh=0.000000.
hydro_storage_canterbury_waitaki_hydro_scheme,hydro_storage,2025,2025,,,MW_e generator capacity,,,,0.000000,NZD/MW-year,0.000000,NZD/MWh_e,1.000000,,,,,0.000000,,,,,,61.375719,0.000000,3600,,,MBIE EDGS 2024 assumptions workbook + explicit study assumptions in build_capacity_EDGS.py,,,,EDGS plant=Waitaki hydro scheme; status=Current; capital_cost is the legacy annualised NZ generator value (investment + fixed O&M for flexible candidates; zero for sunk existing/fixed capacity); variable_O&M_NZD_per_MWh=0.000000.
hydro_storage_canterbury_waitaki_hydro_scheme,hydro_storage,2030,2030,,,MW_e generator capacity,,,,0.000000,NZD/MW-year,0.000000,NZD/MWh_e,1.000000,,,,,0.000000,,,,,,61.375719,0.000000,3600,,,MBIE EDGS 2024 assumptions workbook + explicit study assumptions in build_capacity_EDGS.py,,,,EDGS plant=Waitaki hydro scheme; status=Current; capital_cost is the legacy annualised NZ generator value (investment + fixed O&M for flexible candidates; zero for sunk existing/fixed capacity); variable_O&M_NZD_per_MWh=0.000000.
hydro_storage_canterbury_waitaki_hydro_scheme,hydro_storage,2040,2040,,,MW_e generator capacity,,,,0.000000,NZD/MW-year,0.000000,NZD/MWh_e,1.000000,,,,,0.000000,,,,,,61.375719,0.000000,3600,,,MBIE EDGS 2024 assumptions workbook + explicit study assumptions in build_capacity_EDGS.py,,,,EDGS plant=Waitaki hydro scheme; status=Current; capital_cost is the legacy annualised NZ generator value (investment + fixed O&M for flexible candidates; zero for sunk existing/fixed capacity); variable_O&M_NZD_per_MWh=0.000000.
hydro_storage_canterbury_waitaki_hydro_scheme,hydro_storage,2050,2050,,,MW_e generator capacity,,,,0.000000,NZD/MW-year,0.000000,NZD/MWh_e,1.000000,,,,,0.000000,,,,,,61.375719,0.000000,3600,,,MBIE EDGS 2024 assumptions workbook + explicit study assumptions in build_capacity_EDGS.py,,,,EDGS plant=Waitaki hydro scheme; status=Current; capital_cost is the legacy annualised NZ generator value (investment + fixed O&M for flexible candidates; zero for sunk existing/fixed capacity); variable_O&M_NZD_per_MWh=0.000000.
solar_canterbury_brookside_solar_farm,solar,2025,2025,,,MW_e generator capacity,,,,150223.433732,NZD/MW-year,0.000000,NZD/MWh_e,1.000000,,,,,0.000000,,,,,,23.558811,0.000000,3600,23.050000,78.589326,MBIE EDGS 2024 assumptions workbook + explicit study assumptions in build_capacity_EDGS.py,,,,EDGS plant=Brookside solar farm; status=Fully consented; capital_cost is the legacy annualised NZ generator value (investment + fixed O&M for flexible candidates; zero for sunk existing/fixed capacity); variable_O&M_NZD_per_MWh=0.000000; overnight_CAPEX_NZD_per_MW=1571786.521739.
solar_canterbury_brookside_solar_farm,solar,2030,2030,,,MW_e generator capacity,,,,150223.433732,NZD/MW-year,0.000000,NZD/MWh_e,1.000000,,,,,0.000000,,,,,,23.558811,0.000000,3600,23.050000,78.589326,MBIE EDGS 2024 assumptions workbook + explicit study assumptions in build_capacity_EDGS.py,,,,EDGS plant=Brookside solar farm; status=Fully consented; capital_cost is the legacy annualised NZ generator value (investment + fixed O&M for flexible candidates; zero for sunk existing/fixed capacity); variable_O&M_NZD_per_MWh=0.000000; overnight_CAPEX_NZD_per_MW=1571786.521739.
solar_canterbury_brookside_solar_farm,solar,2040,2040,,,MW_e generator capacity,,,,150223.433732,NZD/MW-year,0.000000,NZD/MWh_e,1.000000,,,,,0.000000,,,,,,23.558811,0.000000,3600,23.050000,78.589326,MBIE EDGS 2024 assumptions workbook + explicit study assumptions in build_capacity_EDGS.py,,,,EDGS plant=Brookside solar farm; status=Fully consented; capital_cost is the legacy annualised NZ generator value (investment + fixed O&M for flexible candidates; zero for sunk existing/fixed capacity); variable_O&M_NZD_per_MWh=0.000000; overnight_CAPEX_NZD_per_MW=1571786.521739.
solar_canterbury_brookside_solar_farm,solar,2050,2050,,,MW_e generator capacity,,,,150223.433732,NZD/MW-year,0.000000,NZD/MWh_e,1.000000,,,,,0.000000,,,,,,23.558811,0.000000,3600,23.050000,78.589326,MBIE EDGS 2024 assumptions workbook + explicit study assumptions in build_capacity_EDGS.py,,,,EDGS plant=Brookside solar farm; status=Fully consented; capital_cost is the legacy annualised NZ generator value (investment + fixed O&M for flexible candidates; zero for sunk existing/fixed capacity); variable_O&M_NZD_per_MWh=0.000000; overnight_CAPEX_NZD_per_MW=1571786.521739.
solar_canterbury_clandeboye_solar_farm,solar,2025,2025,,,MW_e generator capacity,,,,174978.490726,NZD/MW-year,0.000000,NZD/MWh_e,1.000000,,,,,0.000000,,,,,,23.558811,0.000000,3600,17.280000,50.732272,MBIE EDGS 2024 assumptions workbook + explicit study assumptions in build_capacity_EDGS.py,,,,EDGS plant=Clandeboye solar farm; status=Fully consented; capital_cost is the legacy annualised NZ generator value (investment + fixed O&M for flexible candidates; zero for sunk existing/fixed capacity); variable_O&M_NZD_per_MWh=0.000000; overnight_CAPEX_NZD_per_MW=1878973.043478.
solar_canterbury_clandeboye_solar_farm,solar,2030,2030,,,MW_e generator capacity,,,,174978.490726,NZD/MW-year,0.000000,NZD/MWh_e,1.000000,,,,,0.000000,,,,,,23.558811,0.000000,3600,17.280000,50.732272,MBIE EDGS 2024 assumptions workbook + explicit study assumptions in build_capacity_EDGS.py,,,,EDGS plant=Clandeboye solar farm; status=Fully consented; capital_cost is the legacy annualised NZ generator value (investment + fixed O&M for flexible candidates; zero for sunk existing/fixed capacity); variable_O&M_NZD_per_MWh=0.000000; overnight_CAPEX_NZD_per_MW=1878973.043478.
solar_canterbury_clandeboye_solar_farm,solar,2040,2040,,,MW_e generator capacity,,,,174978.490726,NZD/MW-year,0.000000,NZD/MWh_e,1.000000,,,,,0.000000,,,,,,23.558811,0.000000,3600,17.280000,50.732272,MBIE EDGS 2024 assumptions workbook + explicit study assumptions in build_capacity_EDGS.py,,,,EDGS plant=Clandeboye solar farm; status=Fully consented; capital_cost is the legacy annualised NZ generator value (investment + fixed O&M for flexible candidates; zero for sunk existing/fixed capacity); variable_O&M_NZD_per_MWh=0.000000; overnight_CAPEX_NZD_per_MW=1878973.043478.
solar_canterbury_clandeboye_solar_farm,solar,2050,2050,,,MW_e generator capacity,,,,174978.490726,NZD/MW-year,0.000000,NZD/MWh_e,1.000000,,,,,0.000000,,,,,,23.558811,0.000000,3600,17.280000,50.732272,MBIE EDGS 2024 assumptions workbook + explicit study assumptions in build_capacity_EDGS.py,,,,EDGS plant=Clandeboye solar farm; status=Fully consented; capital_cost is the legacy annualised NZ generator value (investment + fixed O&M for flexible candidates; zero for sunk existing/fixed capacity); variable_O&M_NZD_per_MWh=0.000000; overnight_CAPEX_NZD_per_MW=1878973.043478.
solar_canterbury_dunsandel_solar_farm,solar,2025,2025,,,MW_e generator capacity,,,,145606.685391,NZD/MW-year,0.000000,NZD/MWh_e,1.000000,,,,,0.000000,,,,,,23.558811,0.000000,3600,23.050000,90.869826,MBIE EDGS 2024 assumptions workbook + explicit study assumptions in build_capacity_EDGS.py,,,,EDGS plant=Dunsandel solar farm; status=Fully consented; capital_cost is the legacy annualised NZ generator value (investment + fixed O&M for flexible candidates; zero for sunk existing/fixed capacity); variable_O&M_NZD_per_MWh=0.000000; overnight_CAPEX_NZD_per_MW=1514497.101449.
solar_canterbury_dunsandel_solar_farm,solar,2030,2030,,,MW_e generator capacity,,,,145606.685391,NZD/MW-year,0.000000,NZD/MWh_e,1.000000,,,,,0.000000,,,,,,23.558811,0.000000,3600,23.050000,90.869826,MBIE EDGS 2024 assumptions workbook + explicit study assumptions in build_capacity_EDGS.py,,,,EDGS plant=Dunsandel solar farm; status=Fully consented; capital_cost is the legacy annualised NZ generator value (investment + fixed O&M for flexible candidates; zero for sunk existing/fixed capacity); variable_O&M_NZD_per_MWh=0.000000; overnight_CAPEX_NZD_per_MW=1514497.101449.
solar_canterbury_dunsandel_solar_farm,solar,2040,2040,,,MW_e generator capacity,,,,145606.685391,NZD/MW-year,0.000000,NZD/MWh_e,1.000000,,,,,0.000000,,,,,,23.558811,0.000000,3600,23.050000,90.869826,MBIE EDGS 2024 assumptions workbook + explicit study assumptions in build_capacity_EDGS.py,,,,EDGS plant=Dunsandel solar farm; status=Fully consented; capital_cost is the legacy annualised NZ generator value (investment + fixed O&M for flexible candidates; zero for sunk existing/fixed capacity); variable_O&M_NZD_per_MWh=0.000000; overnight_CAPEX_NZD_per_MW=1514497.101449.
solar_canterbury_dunsandel_solar_farm,solar,2050,2050,,,MW_e generator capacity,,,,145606.685391,NZD/MW-year,0.000000,NZD/MWh_e,1.000000,,,,,0.000000,,,,,,23.558811,0.000000,3600,23.050000,90.869826,MBIE EDGS 2024 assumptions workbook + explicit study assumptions in build_capacity_EDGS.py,,,,EDGS plant=Dunsandel solar farm; status=Fully consented; capital_cost is the legacy annualised NZ generator value (investment + fixed O&M for flexible candidates; zero for sunk existing/fixed capacity); variable_O&M_NZD_per_MWh=0.000000; overnight_CAPEX_NZD_per_MW=1514497.101449.
solar_canterbury_generic_solar_200mw+_2,solar,2025,2025,,,MW_e generator capacity,,,,127549.710302,NZD/MW-year,0.000000,NZD/MWh_e,1.000000,,,,,0.000000,,,,,,23.558811,0.000000,3600,41.710000,258.085471,MBIE EDGS 2024 assumptions workbook + explicit study assumptions in build_capacity_EDGS.py,,,,EDGS plant=Generic solar (200MW+): 2; status=Generic; capital_cost is the legacy annualised NZ generator value (investment + fixed O&M for flexible candidates; zero for sunk existing/fixed capacity); variable_O&M_NZD_per_MWh=0.000000; overnight_CAPEX_NZD_per_MW=1290427.353913.
solar_canterbury_generic_solar_200mw+_2,solar,2030,2030,,,MW_e generator capacity,,,,127549.710302,NZD/MW-year,0.000000,NZD/MWh_e,1.000000,,,,,0.000000,,,,,,23.558811,0.000000,3600,41.710000,258.085471,MBIE EDGS 2024 assumptions workbook + explicit study assumptions in build_capacity_EDGS.py,,,,EDGS plant=Generic solar (200MW+): 2; status=Generic; capital_cost is the legacy annualised NZ generator value (investment + fixed O&M for flexible candidates; zero for sunk existing/fixed capacity); variable_O&M_NZD_per_MWh=0.000000; overnight_CAPEX_NZD_per_MW=1290427.353913.
solar_canterbury_generic_solar_200mw+_2,solar,2040,2040,,,MW_e generator capacity,,,,127549.710302,NZD/MW-year,0.000000,NZD/MWh_e,1.000000,,,,,0.000000,,,,,,23.558811,0.000000,3600,41.710000,258.085471,MBIE EDGS 2024 assumptions workbook + explicit study assumptions in build_capacity_EDGS.py,,,,EDGS plant=Generic solar (200MW+): 2; status=Generic; capital_cost is the legacy annualised NZ generator value (investment + fixed O&M for flexible candidates; zero for sunk existing/fixed capacity); variable_O&M_NZD_per_MWh=0.000000; overnight_CAPEX_NZD_per_MW=1290427.353913.
solar_canterbury_generic_solar_200mw+_2,solar,2050,2050,,,MW_e generator capacity,,,,127549.710302,NZD/MW-year,0.000000,NZD/MWh_e,1.000000,,,,,0.000000,,,,,,23.558811,0.000000,3600,41.710000,258.085471,MBIE EDGS 2024 assumptions workbook + explicit study assumptions in build_capacity_EDGS.py,,,,EDGS plant=Generic solar (200MW+): 2; status=Generic; capital_cost is the legacy annualised NZ generator value (investment + fixed O&M for flexible candidates; zero for sunk existing/fixed capacity); variable_O&M_NZD_per_MWh=0.000000; overnight_CAPEX_NZD_per_MW=1290427.353913.
solar_canterbury_generic_solar_200mw+_87,solar,2025,2025,,,MW_e generator capacity,,,,126519.577529,NZD/MW-year,0.000000,NZD/MWh_e,1.000000,,,,,0.000000,,,,,,23.558811,0.000000,3600,38.830000,255.528879,MBIE EDGS 2024 assumptions workbook + explicit study assumptions in build_capacity_EDGS.py,,,,EDGS plant=Generic solar (200MW+): 87; status=Generic; capital_cost is the legacy annualised NZ generator value (investment + fixed O&M for flexible candidates; zero for sunk existing/fixed capacity); variable_O&M_NZD_per_MWh=0.000000; overnight_CAPEX_NZD_per_MW=1277644.393913.
solar_canterbury_generic_solar_200mw+_87,solar,2030,2030,,,MW_e generator capacity,,,,126519.577529,NZD/MW-year,0.000000,NZD/MWh_e,1.000000,,,,,0.000000,,,,,,23.558811,0.000000,3600,38.830000,255.528879,MBIE EDGS 2024 assumptions workbook + explicit study assumptions in build_capacity_EDGS.py,,,,EDGS plant=Generic solar (200MW+): 87; status=Generic; capital_cost is the legacy annualised NZ generator value (investment + fixed O&M for flexible candidates; zero for sunk existing/fixed capacity); variable_O&M_NZD_per_MWh=0.000000; overnight_CAPEX_NZD_per_MW=1277644.393913.
solar_canterbury_generic_solar_200mw+_87,solar,2040,2040,,,MW_e generator capacity,,,,126519.577529,NZD/MW-year,0.000000,NZD/MWh_e,1.000000,,,,,0.000000,,,,,,23.558811,0.000000,3600,38.830000,255.528879,MBIE EDGS 2024 assumptions workbook + explicit study assumptions in build_capacity_EDGS.py,,,,EDGS plant=Generic solar (200MW+): 87; status=Generic; capital_cost is the legacy annualised NZ generator value (investment + fixed O&M for flexible candidates; zero for sunk existing/fixed capacity); variable_O&M_NZD_per_MWh=0.000000; overnight_CAPEX_NZD_per_MW=1277644.393913.
solar_canterbury_generic_solar_200mw+_87,solar,2050,2050,,,MW_e generator capacity,,,,126519.577529,NZD/MW-year,0.000000,NZD/MWh_e,1.000000,,,,,0.000000,,,,,,23.558811,0.000000,3600,38.830000,255.528879,MBIE EDGS 2024 assumptions workbook + explicit study assumptions in build_capacity_EDGS.py,,,,EDGS plant=Generic solar (200MW+): 87; status=Generic; capital_cost is the legacy annualised NZ generator value (investment + fixed O&M for flexible candidates; zero for sunk existing/fixed capacity); variable_O&M_NZD_per_MWh=0.000000; overnight_CAPEX_NZD_per_MW=1277644.393913.
solar_canterbury_generic_solar_<100_mw_40,solar,2025,2025,,,MW_e generator capacity,,,,151934.927559,NZD/MW-year,0.000000,NZD/MWh_e,1.000000,,,,,0.000000,,,,,,23.558811,0.000000,3600,16.170000,95.581471,MBIE EDGS 2024 assumptions workbook + explicit study assumptions in build_capacity_EDGS.py,,,,EDGS plant=Generic solar (<100 MW): 40; status=Generic; capital_cost is the legacy annualised NZ generator value (investment + fixed O&M for flexible candidates; zero for sunk existing/fixed capacity); variable_O&M_NZD_per_MWh=0.000000; overnight_CAPEX_NZD_per_MW=1593024.519130.
solar_canterbury_generic_solar_<100_mw_40,solar,2030,2030,,,MW_e generator capacity,,,,151934.927559,NZD/MW-year,0.000000,NZD/MWh_e,1.000000,,,,,0.000000,,,,,,23.558811,0.000000,3600,16.170000,95.581471,MBIE EDGS 2024 assumptions workbook + explicit study assumptions in build_capacity_EDGS.py,,,,EDGS plant=Generic solar (<100 MW): 40; status=Generic; capital_cost is the legacy annualised NZ generator value (investment + fixed O&M for flexible candidates; zero for sunk existing/fixed capacity); variable_O&M_NZD_per_MWh=0.000000; overnight_CAPEX_NZD_per_MW=1593024.519130.
solar_canterbury_generic_solar_<100_mw_40,solar,2040,2040,,,MW_e generator capacity,,,,151934.927559,NZD/MW-year,0.000000,NZD/MWh_e,1.000000,,,,,0.000000,,,,,,23.558811,0.000000,3600,16.170000,95.581471,MBIE EDGS 2024 assumptions workbook + explicit study assumptions in build_capacity_EDGS.py,,,,EDGS plant=Generic solar (<100 MW): 40; status=Generic; capital_cost is the legacy annualised NZ generator value (investment + fixed O&M for flexible candidates; zero for sunk existing/fixed capacity); variable_O&M_NZD_per_MWh=0.000000; overnight_CAPEX_NZD_per_MW=1593024.519130.
solar_canterbury_generic_solar_<100_mw_40,solar,2050,2050,,,MW_e generator capacity,,,,151934.927559,NZD/MW-year,0.000000,NZD/MWh_e,1.000000,,,,,0.000000,,,,,,23.558811,0.000000,3600,16.170000,95.581471,MBIE EDGS 2024 assumptions workbook + explicit study assumptions in build_capacity_EDGS.py,,,,EDGS plant=Generic solar (<100 MW): 40; status=Generic; capital_cost is the legacy annualised NZ generator value (investment + fixed O&M for flexible candidates; zero for sunk existing/fixed capacity); variable_O&M_NZD_per_MWh=0.000000; overnight_CAPEX_NZD_per_MW=1593024.519130.
solar_canterbury_generic_solar_<100_mw_79,solar,2025,2025,,,MW_e generator capacity,,,,153862.680536,NZD/MW-year,0.000000,NZD/MWh_e,1.000000,,,,,0.000000,,,,,,23.558811,0.000000,3600,25.250000,129.355687,MBIE EDGS 2024 assumptions workbook + explicit study assumptions in build_capacity_EDGS.py,,,,EDGS plant=Generic solar (<100 MW): 79; status=Generic; capital_cost is the legacy annualised NZ generator value (investment + fixed O&M for flexible candidates; zero for sunk existing/fixed capacity); variable_O&M_NZD_per_MWh=0.000000; overnight_CAPEX_NZD_per_MW=1616946.085217.
solar_canterbury_generic_solar_<100_mw_79,solar,2030,2030,,,MW_e generator capacity,,,,153862.680536,NZD/MW-year,0.000000,NZD/MWh_e,1.000000,,,,,0.000000,,,,,,23.558811,0.000000,3600,25.250000,129.355687,MBIE EDGS 2024 assumptions workbook + explicit study assumptions in build_capacity_EDGS.py,,,,EDGS plant=Generic solar (<100 MW): 79; status=Generic; capital_cost is the legacy annualised NZ generator value (investment + fixed O&M for flexible candidates; zero for sunk existing/fixed capacity); variable_O&M_NZD_per_MWh=0.000000; overnight_CAPEX_NZD_per_MW=1616946.085217.
solar_canterbury_generic_solar_<100_mw_79,solar,2040,2040,,,MW_e generator capacity,,,,153862.680536,NZD/MW-year,0.000000,NZD/MWh_e,1.000000,,,,,0.000000,,,,,,23.558811,0.000000,3600,25.250000,129.355687,MBIE EDGS 2024 assumptions workbook + explicit study assumptions in build_capacity_EDGS.py,,,,EDGS plant=Generic solar (<100 MW): 79; status=Generic; capital_cost is the legacy annualised NZ generator value (investment + fixed O&M for flexible candidates; zero for sunk existing/fixed capacity); variable_O&M_NZD_per_MWh=0.000000; overnight_CAPEX_NZD_per_MW=1616946.085217.
solar_canterbury_generic_solar_<100_mw_79,solar,2050,2050,,,MW_e generator capacity,,,,153862.680536,NZD/MW-year,0.000000,NZD/MWh_e,1.000000,,,,,0.000000,,,,,,23.558811,0.000000,3600,25.250000,129.355687,MBIE EDGS 2024 assumptions workbook + explicit study assumptions in build_capacity_EDGS.py,,,,EDGS plant=Generic solar (<100 MW): 79; status=Generic; capital_cost is the legacy annualised NZ generator value (investment + fixed O&M for flexible candidates; zero for sunk existing/fixed capacity); variable_O&M_NZD_per_MWh=0.000000; overnight_CAPEX_NZD_per_MW=1616946.085217.
solar_canterbury_kowhai_park_solar_farm,solar,2025,2025,,,MW_e generator capacity,,,,123192.803446,NZD/MW-year,0.000000,NZD/MWh_e,1.000000,,,,,0.000000,,,,,,23.558811,0.000000,3600,32.977693,185.454348,MBIE EDGS 2024 assumptions workbook + explicit study assumptions in build_capacity_EDGS.py,,,,EDGS plant=Kōwhai Park solar farm; status=Early stages; capital_cost is the legacy annualised NZ generator value (investment + fixed O&M for flexible candidates; zero for sunk existing/fixed capacity); variable_O&M_NZD_per_MWh=0.000000; overnight_CAPEX_NZD_per_MW=1236362.317307.
solar_canterbury_kowhai_park_solar_farm,solar,2030,2030,,,MW_e generator capacity,,,,123192.803446,NZD/MW-year,0.000000,NZD/MWh_e,1.000000,,,,,0.000000,,,,,,23.558811,0.000000,3600,32.977693,185.454348,MBIE EDGS 2024 assumptions workbook + explicit study assumptions in build_capacity_EDGS.py,,,,EDGS plant=Kōwhai Park solar farm; status=Early stages; capital_cost is the legacy annualised NZ generator value (investment + fixed O&M for flexible candidates; zero for sunk existing/fixed capacity); variable_O&M_NZD_per_MWh=0.000000; overnight_CAPEX_NZD_per_MW=1236362.317307.
solar_canterbury_kowhai_park_solar_farm,solar,2040,2040,,,MW_e generator capacity,,,,123192.803446,NZD/MW-year,0.000000,NZD/MWh_e,1.000000,,,,,0.000000,,,,,,23.558811,0.000000,3600,32.977693,185.454348,MBIE EDGS 2024 assumptions workbook + explicit study assumptions in build_capacity_EDGS.py,,,,EDGS plant=Kōwhai Park solar farm; status=Early stages; capital_cost is the legacy annualised NZ generator value (investment + fixed O&M for flexible candidates; zero for sunk existing/fixed capacity); variable_O&M_NZD_per_MWh=0.000000; overnight_CAPEX_NZD_per_MW=1236362.317307.
solar_canterbury_kowhai_park_solar_farm,solar,2050,2050,,,MW_e generator capacity,,,,123192.803446,NZD/MW-year,0.000000,NZD/MWh_e,1.000000,,,,,0.000000,,,,,,23.558811,0.000000,3600,32.977693,185.454348,MBIE EDGS 2024 assumptions workbook + explicit study assumptions in build_capacity_EDGS.py,,,,EDGS plant=Kōwhai Park solar farm; status=Early stages; capital_cost is the legacy annualised NZ generator value (investment + fixed O&M for flexible candidates; zero for sunk existing/fixed capacity); variable_O&M_NZD_per_MWh=0.000000; overnight_CAPEX_NZD_per_MW=1236362.317307.
solar_canterbury_lauriston_solar_farm,solar,2025,2025,,,MW_e generator capacity,,,,0.000000,NZD/MW-year,0.000000,NZD/MWh_e,1.000000,,,,,0.000000,,,,,,23.558811,0.000000,3600,34.570000,131.018015,MBIE EDGS 2024 assumptions workbook + explicit study assumptions in build_capacity_EDGS.py,,,,EDGS plant=Lauriston solar farm; status=Under construction; capital_cost is the legacy annualised NZ generator value (investment + fixed O&M for flexible candidates; zero for sunk existing/fixed capacity); variable_O&M_NZD_per_MWh=0.000000; overnight_CAPEX_NZD_per_MW=2079651.028295.
solar_canterbury_lauriston_solar_farm,solar,2030,2030,,,MW_e generator capacity,,,,0.000000,NZD/MW-year,0.000000,NZD/MWh_e,1.000000,,,,,0.000000,,,,,,23.558811,0.000000,3600,34.570000,131.018015,MBIE EDGS 2024 assumptions workbook + explicit study assumptions in build_capacity_EDGS.py,,,,EDGS plant=Lauriston solar farm; status=Under construction; capital_cost is the legacy annualised NZ generator value (investment + fixed O&M for flexible candidates; zero for sunk existing/fixed capacity); variable_O&M_NZD_per_MWh=0.000000; overnight_CAPEX_NZD_per_MW=2079651.028295.
solar_canterbury_lauriston_solar_farm,solar,2040,2040,,,MW_e generator capacity,,,,0.000000,NZD/MW-year,0.000000,NZD/MWh_e,1.000000,,,,,0.000000,,,,,,23.558811,0.000000,3600,34.570000,131.018015,MBIE EDGS 2024 assumptions workbook + explicit study assumptions in build_capacity_EDGS.py,,,,EDGS plant=Lauriston solar farm; status=Under construction; capital_cost is the legacy annualised NZ generator value (investment + fixed O&M for flexible candidates; zero for sunk existing/fixed capacity); variable_O&M_NZD_per_MWh=0.000000; overnight_CAPEX_NZD_per_MW=2079651.028295.
solar_canterbury_lauriston_solar_farm,solar,2050,2050,,,MW_e generator capacity,,,,0.000000,NZD/MW-year,0.000000,NZD/MWh_e,1.000000,,,,,0.000000,,,,,,23.558811,0.000000,3600,34.570000,131.018015,MBIE EDGS 2024 assumptions workbook + explicit study assumptions in build_capacity_EDGS.py,,,,EDGS plant=Lauriston solar farm; status=Under construction; capital_cost is the legacy annualised NZ generator value (investment + fixed O&M for flexible candidates; zero for sunk existing/fixed capacity); variable_O&M_NZD_per_MWh=0.000000; overnight_CAPEX_NZD_per_MW=2079651.028295.
solar_canterbury_mt_somers_solar_farm,solar,2025,2025,,,MW_e generator capacity,,,,174978.490726,NZD/MW-year,0.000000,NZD/MWh_e,1.000000,,,,,0.000000,,,,,,23.558811,0.000000,3600,17.280000,50.732272,MBIE EDGS 2024 assumptions workbook + explicit study assumptions in build_capacity_EDGS.py,,,,EDGS plant=Mt Somers solar farm; status=Fully consented; capital_cost is the legacy annualised NZ generator value (investment + fixed O&M for flexible candidates; zero for sunk existing/fixed capacity); variable_O&M_NZD_per_MWh=0.000000; overnight_CAPEX_NZD_per_MW=1878973.043478.
solar_canterbury_mt_somers_solar_farm,solar,2030,2030,,,MW_e generator capacity,,,,174978.490726,NZD/MW-year,0.000000,NZD/MWh_e,1.000000,,,,,0.000000,,,,,,23.558811,0.000000,3600,17.280000,50.732272,MBIE EDGS 2024 assumptions workbook + explicit study assumptions in build_capacity_EDGS.py,,,,EDGS plant=Mt Somers solar farm; status=Fully consented; capital_cost is the legacy annualised NZ generator value (investment + fixed O&M for flexible candidates; zero for sunk existing/fixed capacity); variable_O&M_NZD_per_MWh=0.000000; overnight_CAPEX_NZD_per_MW=1878973.043478.
solar_canterbury_mt_somers_solar_farm,solar,2040,2040,,,MW_e generator capacity,,,,174978.490726,NZD/MW-year,0.000000,NZD/MWh_e,1.000000,,,,,0.000000,,,,,,23.558811,0.000000,3600,17.280000,50.732272,MBIE EDGS 2024 assumptions workbook + explicit study assumptions in build_capacity_EDGS.py,,,,EDGS plant=Mt Somers solar farm; status=Fully consented; capital_cost is the legacy annualised NZ generator value (investment + fixed O&M for flexible candidates; zero for sunk existing/fixed capacity); variable_O&M_NZD_per_MWh=0.000000; overnight_CAPEX_NZD_per_MW=1878973.043478.
solar_canterbury_mt_somers_solar_farm,solar,2050,2050,,,MW_e generator capacity,,,,174978.490726,NZD/MW-year,0.000000,NZD/MWh_e,1.000000,,,,,0.000000,,,,,,23.558811,0.000000,3600,17.280000,50.732272,MBIE EDGS 2024 assumptions workbook + explicit study assumptions in build_capacity_EDGS.py,,,,EDGS plant=Mt Somers solar farm; status=Fully consented; capital_cost is the legacy annualised NZ generator value (investment + fixed O&M for flexible candidates; zero for sunk existing/fixed capacity); variable_O&M_NZD_per_MWh=0.000000; overnight_CAPEX_NZD_per_MW=1878973.043478.
solar_canterbury_ohau_a_solar_plant,solar,2025,2025,,,MW_e generator capacity,,,,106441.178482,NZD/MW-year,0.000000,NZD/MWh_e,1.000000,,,,,0.000000,,,,,,23.558811,0.000000,3600,29.380000,285.920418,MBIE EDGS 2024 assumptions workbook + explicit study assumptions in build_capacity_EDGS.py,,,,EDGS plant=Ohau A solar plant; status=Announced; capital_cost is the legacy annualised NZ generator value (investment + fixed O&M for flexible candidates; zero for sunk existing/fixed capacity); variable_O&M_NZD_per_MWh=0.000000; overnight_CAPEX_NZD_per_MW=1028490.713237.
solar_canterbury_ohau_a_solar_plant,solar,2030,2030,,,MW_e generator capacity,,,,106441.178482,NZD/MW-year,0.000000,NZD/MWh_e,1.000000,,,,,0.000000,,,,,,23.558811,0.000000,3600,29.380000,285.920418,MBIE EDGS 2024 assumptions workbook + explicit study assumptions in build_capacity_EDGS.py,,,,EDGS plant=Ohau A solar plant; status=Announced; capital_cost is the legacy annualised NZ generator value (investment + fixed O&M for flexible candidates; zero for sunk existing/fixed capacity); variable_O&M_NZD_per_MWh=0.000000; overnight_CAPEX_NZD_per_MW=1028490.713237.
solar_canterbury_ohau_a_solar_plant,solar,2040,2040,,,MW_e generator capacity,,,,106441.178482,NZD/MW-year,0.000000,NZD/MWh_e,1.000000,,,,,0.000000,,,,,,23.558811,0.000000,3600,29.380000,285.920418,MBIE EDGS 2024 assumptions workbook + explicit study assumptions in build_capacity_EDGS.py,,,,EDGS plant=Ohau A solar plant; status=Announced; capital_cost is the legacy annualised NZ generator value (investment + fixed O&M for flexible candidates; zero for sunk existing/fixed capacity); variable_O&M_NZD_per_MWh=0.000000; overnight_CAPEX_NZD_per_MW=1028490.713237.
solar_canterbury_ohau_a_solar_plant,solar,2050,2050,,,MW_e generator capacity,,,,106441.178482,NZD/MW-year,0.000000,NZD/MWh_e,1.000000,,,,,0.000000,,,,,,23.558811,0.000000,3600,29.380000,285.920418,MBIE EDGS 2024 assumptions workbook + explicit study assumptions in build_capacity_EDGS.py,,,,EDGS plant=Ohau A solar plant; status=Announced; capital_cost is the legacy annualised NZ generator value (investment + fixed O&M for flexible candidates; zero for sunk existing/fixed capacity); variable_O&M_NZD_per_MWh=0.000000; overnight_CAPEX_NZD_per_MW=1028490.713237.
solar_canterbury_swannanoa_solar_farm,solar,2025,2025,,,MW_e generator capacity,,,,144838.916757,NZD/MW-year,0.000000,NZD/MWh_e,1.000000,,,,,0.000000,,,,,,23.558811,0.000000,3600,41.227228,195.646078,MBIE EDGS 2024 assumptions workbook + explicit study assumptions in build_capacity_EDGS.py,,,,EDGS plant=Swannanoa solar farm; status=Announced; capital_cost is the legacy annualised NZ generator value (investment + fixed O&M for flexible candidates; zero for sunk existing/fixed capacity); variable_O&M_NZD_per_MWh=0.000000; overnight_CAPEX_NZD_per_MW=1504969.828844.
solar_canterbury_swannanoa_solar_farm,solar,2030,2030,,,MW_e generator capacity,,,,144838.916757,NZD/MW-year,0.000000,NZD/MWh_e,1.000000,,,,,0.000000,,,,,,23.558811,0.000000,3600,41.227228,195.646078,MBIE EDGS 2024 assumptions workbook + explicit study assumptions in build_capacity_EDGS.py,,,,EDGS plant=Swannanoa solar farm; status=Announced; capital_cost is the legacy annualised NZ generator value (investment + fixed O&M for flexible candidates; zero for sunk existing/fixed capacity); variable_O&M_NZD_per_MWh=0.000000; overnight_CAPEX_NZD_per_MW=1504969.828844.
solar_canterbury_swannanoa_solar_farm,solar,2040,2040,,,MW_e generator capacity,,,,144838.916757,NZD/MW-year,0.000000,NZD/MWh_e,1.000000,,,,,0.000000,,,,,,23.558811,0.000000,3600,41.227228,195.646078,MBIE EDGS 2024 assumptions workbook + explicit study assumptions in build_capacity_EDGS.py,,,,EDGS plant=Swannanoa solar farm; status=Announced; capital_cost is the legacy annualised NZ generator value (investment + fixed O&M for flexible candidates; zero for sunk existing/fixed capacity); variable_O&M_NZD_per_MWh=0.000000; overnight_CAPEX_NZD_per_MW=1504969.828844.
solar_canterbury_swannanoa_solar_farm,solar,2050,2050,,,MW_e generator capacity,,,,144838.916757,NZD/MW-year,0.000000,NZD/MWh_e,1.000000,,,,,0.000000,,,,,,23.558811,0.000000,3600,41.227228,195.646078,MBIE EDGS 2024 assumptions workbook + explicit study assumptions in build_capacity_EDGS.py,,,,EDGS plant=Swannanoa solar farm; status=Announced; capital_cost is the legacy annualised NZ generator value (investment + fixed O&M for flexible candidates; zero for sunk existing/fixed capacity); variable_O&M_NZD_per_MWh=0.000000; overnight_CAPEX_NZD_per_MW=1504969.828844.
solar_canterbury_the_point_solar_farm,solar,2025,2025,,,MW_e generator capacity,,,,97211.237505,NZD/MW-year,0.000000,NZD/MWh_e,1.000000,,,,,0.000000,,,,,,20.444943,0.000000,3600,28.810000,400.090366,MBIE EDGS 2024 assumptions workbook + explicit study assumptions in build_capacity_EDGS.py,,,,EDGS plant=The Point solar farm; status=Applied for consent; capital_cost is the legacy annualised NZ generator value (investment + fixed O&M for flexible candidates; zero for sunk existing/fixed capacity); variable_O&M_NZD_per_MWh=0.000000; overnight_CAPEX_NZD_per_MW=952596.110269.
solar_canterbury_the_point_solar_farm,solar,2030,2030,,,MW_e generator capacity,,,,97211.237505,NZD/MW-year,0.000000,NZD/MWh_e,1.000000,,,,,0.000000,,,,,,20.444943,0.000000,3600,28.810000,400.090366,MBIE EDGS 2024 assumptions workbook + explicit study assumptions in build_capacity_EDGS.py,,,,EDGS plant=The Point solar farm; status=Applied for consent; capital_cost is the legacy annualised NZ generator value (investment + fixed O&M for flexible candidates; zero for sunk existing/fixed capacity); variable_O&M_NZD_per_MWh=0.000000; overnight_CAPEX_NZD_per_MW=952596.110269.
solar_canterbury_the_point_solar_farm,solar,2040,2040,,,MW_e generator capacity,,,,97211.237505,NZD/MW-year,0.000000,NZD/MWh_e,1.000000,,,,,0.000000,,,,,,20.444943,0.000000,3600,28.810000,400.090366,MBIE EDGS 2024 assumptions workbook + explicit study assumptions in build_capacity_EDGS.py,,,,EDGS plant=The Point solar farm; status=Applied for consent; capital_cost is the legacy annualised NZ generator value (investment + fixed O&M for flexible candidates; zero for sunk existing/fixed capacity); variable_O&M_NZD_per_MWh=0.000000; overnight_CAPEX_NZD_per_MW=952596.110269.
solar_canterbury_the_point_solar_farm,solar,2050,2050,,,MW_e generator capacity,,,,97211.237505,NZD/MW-year,0.000000,NZD/MWh_e,1.000000,,,,,0.000000,,,,,,20.444943,0.000000,3600,28.810000,400.090366,MBIE EDGS 2024 assumptions workbook + explicit study assumptions in build_capacity_EDGS.py,,,,EDGS plant=The Point solar farm; status=Applied for consent; capital_cost is the legacy annualised NZ generator value (investment + fixed O&M for flexible candidates; zero for sunk existing/fixed capacity); variable_O&M_NZD_per_MWh=0.000000; overnight_CAPEX_NZD_per_MW=952596.110269.
solar_canterbury_waipara_solar_farm,solar,2025,2025,,,MW_e generator capacity,,,,121539.721586,NZD/MW-year,0.000000,NZD/MWh_e,1.000000,,,,,0.000000,,,,,,23.558811,0.000000,3600,29.960000,175.082279,MBIE EDGS 2024 assumptions workbook + explicit study assumptions in build_capacity_EDGS.py,,,,EDGS plant=Waipara solar farm; status=Announced; capital_cost is the legacy annualised NZ generator value (investment + fixed O&M for flexible candidates; zero for sunk existing/fixed capacity); variable_O&M_NZD_per_MWh=0.000000; overnight_CAPEX_NZD_per_MW=1215849.156425.
solar_canterbury_waipara_solar_farm,solar,2030,2030,,,MW_e generator capacity,,,,121539.721586,NZD/MW-year,0.000000,NZD/MWh_e,1.000000,,,,,0.000000,,,,,,23.558811,0.000000,3600,29.960000,175.082279,MBIE EDGS 2024 assumptions workbook + explicit study assumptions in build_capacity_EDGS.py,,,,EDGS plant=Waipara solar farm; status=Announced; capital_cost is the legacy annualised NZ generator value (investment + fixed O&M for flexible candidates; zero for sunk existing/fixed capacity); variable_O&M_NZD_per_MWh=0.000000; overnight_CAPEX_NZD_per_MW=1215849.156425.
solar_canterbury_waipara_solar_farm,solar,2040,2040,,,MW_e generator capacity,,,,121539.721586,NZD/MW-year,0.000000,NZD/MWh_e,1.000000,,,,,0.000000,,,,,,23.558811,0.000000,3600,29.960000,175.082279,MBIE EDGS 2024 assumptions workbook + explicit study assumptions in build_capacity_EDGS.py,,,,EDGS plant=Waipara solar farm; status=Announced; capital_cost is the legacy annualised NZ generator value (investment + fixed O&M for flexible candidates; zero for sunk existing/fixed capacity); variable_O&M_NZD_per_MWh=0.000000; overnight_CAPEX_NZD_per_MW=1215849.156425.
solar_canterbury_waipara_solar_farm,solar,2050,2050,,,MW_e generator capacity,,,,121539.721586,NZD/MW-year,0.000000,NZD/MWh_e,1.000000,,,,,0.000000,,,,,,23.558811,0.000000,3600,29.960000,175.082279,MBIE EDGS 2024 assumptions workbook + explicit study assumptions in build_capacity_EDGS.py,,,,EDGS plant=Waipara solar farm; status=Announced; capital_cost is the legacy annualised NZ generator value (investment + fixed O&M for flexible candidates; zero for sunk existing/fixed capacity); variable_O&M_NZD_per_MWh=0.000000; overnight_CAPEX_NZD_per_MW=1215849.156425.
wind_canterbury_generic_wind_no_69,wind,2025,2025,,,MW_e generator capacity,,,,293656.581442,NZD/MW-year,0.000000,NZD/MWh_e,1.000000,,,,,0.000000,,,,,,53.549177,0.000000,3600,71.524550,297.950267,MBIE EDGS 2024 assumptions workbook + explicit study assumptions in build_capacity_EDGS.py,,,,EDGS plant=Generic Wind No. 69; status=Generic; capital_cost is the legacy annualised NZ generator value (investment + fixed O&M for flexible candidates; zero for sunk existing/fixed capacity); variable_O&M_NZD_per_MWh=0.000000; overnight_CAPEX_NZD_per_MW=2979502.669212.
wind_canterbury_generic_wind_no_69,wind,2030,2030,,,MW_e generator capacity,,,,293656.581442,NZD/MW-year,0.000000,NZD/MWh_e,1.000000,,,,,0.000000,,,,,,53.549177,0.000000,3600,71.524550,297.950267,MBIE EDGS 2024 assumptions workbook + explicit study assumptions in build_capacity_EDGS.py,,,,EDGS plant=Generic Wind No. 69; status=Generic; capital_cost is the legacy annualised NZ generator value (investment + fixed O&M for flexible candidates; zero for sunk existing/fixed capacity); variable_O&M_NZD_per_MWh=0.000000; overnight_CAPEX_NZD_per_MW=2979502.669212.
wind_canterbury_generic_wind_no_69,wind,2040,2040,,,MW_e generator capacity,,,,293656.581442,NZD/MW-year,0.000000,NZD/MWh_e,1.000000,,,,,0.000000,,,,,,53.549177,0.000000,3600,71.524550,297.950267,MBIE EDGS 2024 assumptions workbook + explicit study assumptions in build_capacity_EDGS.py,,,,EDGS plant=Generic Wind No. 69; status=Generic; capital_cost is the legacy annualised NZ generator value (investment + fixed O&M for flexible candidates; zero for sunk existing/fixed capacity); variable_O&M_NZD_per_MWh=0.000000; overnight_CAPEX_NZD_per_MW=2979502.669212.
wind_canterbury_generic_wind_no_69,wind,2050,2050,,,MW_e generator capacity,,,,293656.581442,NZD/MW-year,0.000000,NZD/MWh_e,1.000000,,,,,0.000000,,,,,,53.549177,0.000000,3600,71.524550,297.950267,MBIE EDGS 2024 assumptions workbook + explicit study assumptions in build_capacity_EDGS.py,,,,EDGS plant=Generic Wind No. 69; status=Generic; capital_cost is the legacy annualised NZ generator value (investment + fixed O&M for flexible candidates; zero for sunk existing/fixed capacity); variable_O&M_NZD_per_MWh=0.000000; overnight_CAPEX_NZD_per_MW=2979502.669212.
wind_canterbury_mount_cass_wind_farm,wind,2025,2025,,,MW_e generator capacity,,,,239643.187465,NZD/MW-year,0.000000,NZD/MWh_e,1.000000,,,,,0.000000,,,,,,47.270754,0.000000,3600,16.008390,225.825095,MBIE EDGS 2024 assumptions workbook + explicit study assumptions in build_capacity_EDGS.py,,,,EDGS plant=Mount Cass wind farm; status=Fully consented; capital_cost is the legacy annualised NZ generator value (investment + fixed O&M for flexible candidates; zero for sunk existing/fixed capacity); variable_O&M_NZD_per_MWh=0.000000; overnight_CAPEX_NZD_per_MW=2387157.449622.
wind_canterbury_mount_cass_wind_farm,wind,2030,2030,,,MW_e generator capacity,,,,239643.187465,NZD/MW-year,0.000000,NZD/MWh_e,1.000000,,,,,0.000000,,,,,,47.270754,0.000000,3600,16.008390,225.825095,MBIE EDGS 2024 assumptions workbook + explicit study assumptions in build_capacity_EDGS.py,,,,EDGS plant=Mount Cass wind farm; status=Fully consented; capital_cost is the legacy annualised NZ generator value (investment + fixed O&M for flexible candidates; zero for sunk existing/fixed capacity); variable_O&M_NZD_per_MWh=0.000000; overnight_CAPEX_NZD_per_MW=2387157.449622.
wind_canterbury_mount_cass_wind_farm,wind,2040,2040,,,MW_e generator capacity,,,,239643.187465,NZD/MW-year,0.000000,NZD/MWh_e,1.000000,,,,,0.000000,,,,,,47.270754,0.000000,3600,16.008390,225.825095,MBIE EDGS 2024 assumptions workbook + explicit study assumptions in build_capacity_EDGS.py,,,,EDGS plant=Mount Cass wind farm; status=Fully consented; capital_cost is the legacy annualised NZ generator value (investment + fixed O&M for flexible candidates; zero for sunk existing/fixed capacity); variable_O&M_NZD_per_MWh=0.000000; overnight_CAPEX_NZD_per_MW=2387157.449622.
wind_canterbury_mount_cass_wind_farm,wind,2050,2050,,,MW_e generator capacity,,,,239643.187465,NZD/MW-year,0.000000,NZD/MWh_e,1.000000,,,,,0.000000,,,,,,47.270754,0.000000,3600,16.008390,225.825095,MBIE EDGS 2024 assumptions workbook + explicit study assumptions in build_capacity_EDGS.py,,,,EDGS plant=Mount Cass wind farm; status=Fully consented; capital_cost is the legacy annualised NZ generator value (investment + fixed O&M for flexible candidates; zero for sunk existing/fixed capacity); variable_O&M_NZD_per_MWh=0.000000; overnight_CAPEX_NZD_per_MW=2387157.449622.
wind_canterbury_project_hurunui_wind_farm,wind,2025,2025,,,MW_e generator capacity,,,,278314.848369,NZD/MW-year,0.000000,NZD/MWh_e,1.000000,,,,,0.000000,,,,,,52.901310,0.000000,3600,46.283640,212.584607,MBIE EDGS 2024 assumptions workbook + explicit study assumptions in build_capacity_EDGS.py,,,,EDGS plant=Project Hurunui Wind Farm; status=Generic; capital_cost is the legacy annualised NZ generator value (investment + fixed O&M for flexible candidates; zero for sunk existing/fixed capacity); variable_O&M_NZD_per_MWh=0.000000; overnight_CAPEX_NZD_per_MW=2797165.883671.
wind_canterbury_project_hurunui_wind_farm,wind,2030,2030,,,MW_e generator capacity,,,,278314.848369,NZD/MW-year,0.000000,NZD/MWh_e,1.000000,,,,,0.000000,,,,,,52.901310,0.000000,3600,46.283640,212.584607,MBIE EDGS 2024 assumptions workbook + explicit study assumptions in build_capacity_EDGS.py,,,,EDGS plant=Project Hurunui Wind Farm; status=Generic; capital_cost is the legacy annualised NZ generator value (investment + fixed O&M for flexible candidates; zero for sunk existing/fixed capacity); variable_O&M_NZD_per_MWh=0.000000; overnight_CAPEX_NZD_per_MW=2797165.883671.
wind_canterbury_project_hurunui_wind_farm,wind,2040,2040,,,MW_e generator capacity,,,,278314.848369,NZD/MW-year,0.000000,NZD/MWh_e,1.000000,,,,,0.000000,,,,,,52.901310,0.000000,3600,46.283640,212.584607,MBIE EDGS 2024 assumptions workbook + explicit study assumptions in build_capacity_EDGS.py,,,,EDGS plant=Project Hurunui Wind Farm; status=Generic; capital_cost is the legacy annualised NZ generator value (investment + fixed O&M for flexible candidates; zero for sunk existing/fixed capacity); variable_O&M_NZD_per_MWh=0.000000; overnight_CAPEX_NZD_per_MW=2797165.883671.
wind_canterbury_project_hurunui_wind_farm,wind,2050,2050,,,MW_e generator capacity,,,,278314.848369,NZD/MW-year,0.000000,NZD/MWh_e,1.000000,,,,,0.000000,,,,,,52.901310,0.000000,3600,46.283640,212.584607,MBIE EDGS 2024 assumptions workbook + explicit study assumptions in build_capacity_EDGS.py,,,,EDGS plant=Project Hurunui Wind Farm; status=Generic; capital_cost is the legacy annualised NZ generator value (investment + fixed O&M for flexible candidates; zero for sunk existing/fixed capacity); variable_O&M_NZD_per_MWh=0.000000; overnight_CAPEX_NZD_per_MW=2797165.883671.
diesel_peaker_hawkes_bay_whirinaki_peaker_plant,diesel_peaker,2025,2025,,,MW_e generator capacity,,,,0.000000,NZD/MW-year,627.820008,NZD/MWh_e,0.327273,,,,,0.815833,,,,,,27.092632,3.133322,11000,,,MBIE EDGS 2024 assumptions workbook + explicit study assumptions in build_capacity_EDGS.py,,,,EDGS plant=Whirinaki peaker plant; status=Current; capital_cost is the legacy annualised NZ generator value (investment + fixed O&M for flexible candidates; zero for sunk existing/fixed capacity); variable_O&M_NZD_per_MWh=13.664110.
diesel_peaker_hawkes_bay_whirinaki_peaker_plant,diesel_peaker,2030,2030,,,MW_e generator capacity,,,,0.000000,NZD/MW-year,648.287653,NZD/MWh_e,0.327273,,,,,0.815833,,,,,,27.092632,3.133322,11000,,,MBIE EDGS 2024 assumptions workbook + explicit study assumptions in build_capacity_EDGS.py,,,,EDGS plant=Whirinaki peaker plant; status=Current; capital_cost is the legacy annualised NZ generator value (investment + fixed O&M for flexible candidates; zero for sunk existing/fixed capacity); variable_O&M_NZD_per_MWh=13.664110.
diesel_peaker_hawkes_bay_whirinaki_peaker_plant,diesel_peaker,2040,2040,,,MW_e generator capacity,,,,0.000000,NZD/MW-year,615.206317,NZD/MWh_e,0.327273,,,,,0.815833,,,,,,27.092632,3.133322,11000,,,MBIE EDGS 2024 assumptions workbook + explicit study assumptions in build_capacity_EDGS.py,,,,EDGS plant=Whirinaki peaker plant; status=Current; capital_cost is the legacy annualised NZ generator value (investment + fixed O&M for flexible candidates; zero for sunk existing/fixed capacity); variable_O&M_NZD_per_MWh=13.664110.
diesel_peaker_hawkes_bay_whirinaki_peaker_plant,diesel_peaker,2050,2050,,,MW_e generator capacity,,,,0.000000,NZD/MW-year,611.466317,NZD/MWh_e,0.327273,,,,,0.815833,,,,,,27.092632,3.133322,11000,,,MBIE EDGS 2024 assumptions workbook + explicit study assumptions in build_capacity_EDGS.py,,,,EDGS plant=Whirinaki peaker plant; status=Current; capital_cost is the legacy annualised NZ generator value (investment + fixed O&M for flexible candidates; zero for sunk existing/fixed capacity); variable_O&M_NZD_per_MWh=13.664110.
hydro_storage_hawkes_bay_waikaremoana_hydro_scheme,hydro_storage,2025,2025,,,MW_e generator capacity,,,,0.000000,NZD/MW-year,0.000000,NZD/MWh_e,1.000000,,,,,0.000000,,,,,,75.584954,0.000000,3600,,,MBIE EDGS 2024 assumptions workbook + explicit study assumptions in build_capacity_EDGS.py,,,,EDGS plant=Waikaremoana hydro scheme; status=Current; capital_cost is the legacy annualised NZ generator value (investment + fixed O&M for flexible candidates; zero for sunk existing/fixed capacity); variable_O&M_NZD_per_MWh=0.000000.
hydro_storage_hawkes_bay_waikaremoana_hydro_scheme,hydro_storage,2030,2030,,,MW_e generator capacity,,,,0.000000,NZD/MW-year,0.000000,NZD/MWh_e,1.000000,,,,,0.000000,,,,,,75.584954,0.000000,3600,,,MBIE EDGS 2024 assumptions workbook + explicit study assumptions in build_capacity_EDGS.py,,,,EDGS plant=Waikaremoana hydro scheme; status=Current; capital_cost is the legacy annualised NZ generator value (investment + fixed O&M for flexible candidates; zero for sunk existing/fixed capacity); variable_O&M_NZD_per_MWh=0.000000.
hydro_storage_hawkes_bay_waikaremoana_hydro_scheme,hydro_storage,2040,2040,,,MW_e generator capacity,,,,0.000000,NZD/MW-year,0.000000,NZD/MWh_e,1.000000,,,,,0.000000,,,,,,75.584954,0.000000,3600,,,MBIE EDGS 2024 assumptions workbook + explicit study assumptions in build_capacity_EDGS.py,,,,EDGS plant=Waikaremoana hydro scheme; status=Current; capital_cost is the legacy annualised NZ generator value (investment + fixed O&M for flexible candidates; zero for sunk existing/fixed capacity); variable_O&M_NZD_per_MWh=0.000000.
hydro_storage_hawkes_bay_waikaremoana_hydro_scheme,hydro_storage,2050,2050,,,MW_e generator capacity,,,,0.000000,NZD/MW-year,0.000000,NZD/MWh_e,1.000000,,,,,0.000000,,,,,,75.584954,0.000000,3600,,,MBIE EDGS 2024 assumptions workbook + explicit study assumptions in build_capacity_EDGS.py,,,,EDGS plant=Waikaremoana hydro scheme; status=Current; capital_cost is the legacy annualised NZ generator value (investment + fixed O&M for flexible candidates; zero for sunk existing/fixed capacity); variable_O&M_NZD_per_MWh=0.000000.
solar_hawkes_bay_generic_solar_200mw+_15,solar,2025,2025,,,MW_e generator capacity,,,,132332.344119,NZD/MW-year,0.000000,NZD/MWh_e,1.000000,,,,,0.000000,,,,,,23.558811,0.000000,3600,33.830000,269.955051,MBIE EDGS 2024 assumptions workbook + explicit study assumptions in build_capacity_EDGS.py,,,,EDGS plant=Generic solar (200MW+): 15; status=Generic; capital_cost is the legacy annualised NZ generator value (investment + fixed O&M for flexible candidates; zero for sunk existing/fixed capacity); variable_O&M_NZD_per_MWh=0.000000; overnight_CAPEX_NZD_per_MW=1349775.253913.
solar_hawkes_bay_generic_solar_200mw+_15,solar,2030,2030,,,MW_e generator capacity,,,,132332.344119,NZD/MW-year,0.000000,NZD/MWh_e,1.000000,,,,,0.000000,,,,,,23.558811,0.000000,3600,33.830000,269.955051,MBIE EDGS 2024 assumptions workbook + explicit study assumptions in build_capacity_EDGS.py,,,,EDGS plant=Generic solar (200MW+): 15; status=Generic; capital_cost is the legacy annualised NZ generator value (investment + fixed O&M for flexible candidates; zero for sunk existing/fixed capacity); variable_O&M_NZD_per_MWh=0.000000; overnight_CAPEX_NZD_per_MW=1349775.253913.
solar_hawkes_bay_generic_solar_200mw+_15,solar,2040,2040,,,MW_e generator capacity,,,,132332.344119,NZD/MW-year,0.000000,NZD/MWh_e,1.000000,,,,,0.000000,,,,,,23.558811,0.000000,3600,33.830000,269.955051,MBIE EDGS 2024 assumptions workbook + explicit study assumptions in build_capacity_EDGS.py,,,,EDGS plant=Generic solar (200MW+): 15; status=Generic; capital_cost is the legacy annualised NZ generator value (investment + fixed O&M for flexible candidates; zero for sunk existing/fixed capacity); variable_O&M_NZD_per_MWh=0.000000; overnight_CAPEX_NZD_per_MW=1349775.253913.
solar_hawkes_bay_generic_solar_200mw+_15,solar,2050,2050,,,MW_e generator capacity,,,,132332.344119,NZD/MW-year,0.000000,NZD/MWh_e,1.000000,,,,,0.000000,,,,,,23.558811,0.000000,3600,33.830000,269.955051,MBIE EDGS 2024 assumptions workbook + explicit study assumptions in build_capacity_EDGS.py,,,,EDGS plant=Generic solar (200MW+): 15; status=Generic; capital_cost is the legacy annualised NZ generator value (investment + fixed O&M for flexible candidates; zero for sunk existing/fixed capacity); variable_O&M_NZD_per_MWh=0.000000; overnight_CAPEX_NZD_per_MW=1349775.253913.
solar_hawkes_bay_hawkes_bay_airport_solar_farm,solar,2025,2025,,,MW_e generator capacity,,,,176239.814792,NZD/MW-year,0.000000,NZD/MWh_e,1.000000,,,,,0.000000,,,,,,23.558811,0.000000,3600,20.444943,75.784995,MBIE EDGS 2024 assumptions workbook + explicit study assumptions in build_capacity_EDGS.py,,,,EDGS plant=Hawke's Bay Airport solar farm; status=Announced; capital_cost is the legacy annualised NZ generator value (investment + fixed O&M for flexible candidates; zero for sunk existing/fixed capacity); variable_O&M_NZD_per_MWh=0.000000; overnight_CAPEX_NZD_per_MW=1894624.865761.
solar_hawkes_bay_hawkes_bay_airport_solar_farm,solar,2030,2030,,,MW_e generator capacity,,,,176239.814792,NZD/MW-year,0.000000,NZD/MWh_e,1.000000,,,,,0.000000,,,,,,23.558811,0.000000,3600,20.444943,75.784995,MBIE EDGS 2024 assumptions workbook + explicit study assumptions in build_capacity_EDGS.py,,,,EDGS plant=Hawke's Bay Airport solar farm; status=Announced; capital_cost is the legacy annualised NZ generator value (investment + fixed O&M for flexible candidates; zero for sunk existing/fixed capacity); variable_O&M_NZD_per_MWh=0.000000; overnight_CAPEX_NZD_per_MW=1894624.865761.
solar_hawkes_bay_hawkes_bay_airport_solar_farm,solar,2040,2040,,,MW_e generator capacity,,,,176239.814792,NZD/MW-year,0.000000,NZD/MWh_e,1.000000,,,,,0.000000,,,,,,23.558811,0.000000,3600,20.444943,75.784995,MBIE EDGS 2024 assumptions workbook + explicit study assumptions in build_capacity_EDGS.py,,,,EDGS plant=Hawke's Bay Airport solar farm; status=Announced; capital_cost is the legacy annualised NZ generator value (investment + fixed O&M for flexible candidates; zero for sunk existing/fixed capacity); variable_O&M_NZD_per_MWh=0.000000; overnight_CAPEX_NZD_per_MW=1894624.865761.
solar_hawkes_bay_hawkes_bay_airport_solar_farm,solar,2050,2050,,,MW_e generator capacity,,,,176239.814792,NZD/MW-year,0.000000,NZD/MWh_e,1.000000,,,,,0.000000,,,,,,23.558811,0.000000,3600,20.444943,75.784995,MBIE EDGS 2024 assumptions workbook + explicit study assumptions in build_capacity_EDGS.py,,,,EDGS plant=Hawke's Bay Airport solar farm; status=Announced; capital_cost is the legacy annualised NZ generator value (investment + fixed O&M for flexible candidates; zero for sunk existing/fixed capacity); variable_O&M_NZD_per_MWh=0.000000; overnight_CAPEX_NZD_per_MW=1894624.865761.
solar_hawkes_bay_ongaonga_solar_helios,solar,2025,2025,,,MW_e generator capacity,,,,119554.060760,NZD/MW-year,0.000000,NZD/MWh_e,1.000000,,,,,0.000000,,,,,,23.558811,0.000000,3600,24.615711,119.120901,MBIE EDGS 2024 assumptions workbook + explicit study assumptions in build_capacity_EDGS.py,,,,EDGS plant=Ongaonga solar (Helios); status=Announced; capital_cost is the legacy annualised NZ generator value (investment + fixed O&M for flexible candidates; zero for sunk existing/fixed capacity); variable_O&M_NZD_per_MWh=0.000000; overnight_CAPEX_NZD_per_MW=1191209.009460.
solar_hawkes_bay_ongaonga_solar_helios,solar,2030,2030,,,MW_e generator capacity,,,,119554.060760,NZD/MW-year,0.000000,NZD/MWh_e,1.000000,,,,,0.000000,,,,,,23.558811,0.000000,3600,24.615711,119.120901,MBIE EDGS 2024 assumptions workbook + explicit study assumptions in build_capacity_EDGS.py,,,,EDGS plant=Ongaonga solar (Helios); status=Announced; capital_cost is the legacy annualised NZ generator value (investment + fixed O&M for flexible candidates; zero for sunk existing/fixed capacity); variable_O&M_NZD_per_MWh=0.000000; overnight_CAPEX_NZD_per_MW=1191209.009460.
solar_hawkes_bay_ongaonga_solar_helios,solar,2040,2040,,,MW_e generator capacity,,,,119554.060760,NZD/MW-year,0.000000,NZD/MWh_e,1.000000,,,,,0.000000,,,,,,23.558811,0.000000,3600,24.615711,119.120901,MBIE EDGS 2024 assumptions workbook + explicit study assumptions in build_capacity_EDGS.py,,,,EDGS plant=Ongaonga solar (Helios); status=Announced; capital_cost is the legacy annualised NZ generator value (investment + fixed O&M for flexible candidates; zero for sunk existing/fixed capacity); variable_O&M_NZD_per_MWh=0.000000; overnight_CAPEX_NZD_per_MW=1191209.009460.
solar_hawkes_bay_ongaonga_solar_helios,solar,2050,2050,,,MW_e generator capacity,,,,119554.060760,NZD/MW-year,0.000000,NZD/MWh_e,1.000000,,,,,0.000000,,,,,,23.558811,0.000000,3600,24.615711,119.120901,MBIE EDGS 2024 assumptions workbook + explicit study assumptions in build_capacity_EDGS.py,,,,EDGS plant=Ongaonga solar (Helios); status=Announced; capital_cost is the legacy annualised NZ generator value (investment + fixed O&M for flexible candidates; zero for sunk existing/fixed capacity); variable_O&M_NZD_per_MWh=0.000000; overnight_CAPEX_NZD_per_MW=1191209.009460.
solar_hawkes_bay_ongaonga_solar_farm_sky_solar,solar,2025,2025,,,MW_e generator capacity,,,,179360.664482,NZD/MW-year,0.000000,NZD/MWh_e,1.000000,,,,,0.000000,,,,,,23.558811,0.000000,3600,36.645730,135.334613,MBIE EDGS 2024 assumptions workbook + explicit study assumptions in build_capacity_EDGS.py,,,,EDGS plant=Ongaonga solar farm (Sky Solar); status=Fully consented; capital_cost is the legacy annualised NZ generator value (investment + fixed O&M for flexible candidates; zero for sunk existing/fixed capacity); variable_O&M_NZD_per_MWh=0.000000; overnight_CAPEX_NZD_per_MW=1933351.618091.
solar_hawkes_bay_ongaonga_solar_farm_sky_solar,solar,2030,2030,,,MW_e generator capacity,,,,179360.664482,NZD/MW-year,0.000000,NZD/MWh_e,1.000000,,,,,0.000000,,,,,,23.558811,0.000000,3600,36.645730,135.334613,MBIE EDGS 2024 assumptions workbook + explicit study assumptions in build_capacity_EDGS.py,,,,EDGS plant=Ongaonga solar farm (Sky Solar); status=Fully consented; capital_cost is the legacy annualised NZ generator value (investment + fixed O&M for flexible candidates; zero for sunk existing/fixed capacity); variable_O&M_NZD_per_MWh=0.000000; overnight_CAPEX_NZD_per_MW=1933351.618091.
solar_hawkes_bay_ongaonga_solar_farm_sky_solar,solar,2040,2040,,,MW_e generator capacity,,,,179360.664482,NZD/MW-year,0.000000,NZD/MWh_e,1.000000,,,,,0.000000,,,,,,23.558811,0.000000,3600,36.645730,135.334613,MBIE EDGS 2024 assumptions workbook + explicit study assumptions in build_capacity_EDGS.py,,,,EDGS plant=Ongaonga solar farm (Sky Solar); status=Fully consented; capital_cost is the legacy annualised NZ generator value (investment + fixed O&M for flexible candidates; zero for sunk existing/fixed capacity); variable_O&M_NZD_per_MWh=0.000000; overnight_CAPEX_NZD_per_MW=1933351.618091.
solar_hawkes_bay_ongaonga_solar_farm_sky_solar,solar,2050,2050,,,MW_e generator capacity,,,,179360.664482,NZD/MW-year,0.000000,NZD/MWh_e,1.000000,,,,,0.000000,,,,,,23.558811,0.000000,3600,36.645730,135.334613,MBIE EDGS 2024 assumptions workbook + explicit study assumptions in build_capacity_EDGS.py,,,,EDGS plant=Ongaonga solar farm (Sky Solar); status=Fully consented; capital_cost is the legacy annualised NZ generator value (investment + fixed O&M for flexible candidates; zero for sunk existing/fixed capacity); variable_O&M_NZD_per_MWh=0.000000; overnight_CAPEX_NZD_per_MW=1933351.618091.
solar_hawkes_bay_tikokino_solar_farm,solar,2025,2025,,,MW_e generator capacity,,,,145102.402116,NZD/MW-year,0.000000,NZD/MWh_e,1.000000,,,,,0.000000,,,,,,20.444943,0.000000,3600,17.280000,66.515820,MBIE EDGS 2024 assumptions workbook + explicit study assumptions in build_capacity_EDGS.py,,,,EDGS plant=Tikokino solar farm; status=Announced; capital_cost is the legacy annualised NZ generator value (investment + fixed O&M for flexible candidates; zero for sunk existing/fixed capacity); variable_O&M_NZD_per_MWh=0.000000; overnight_CAPEX_NZD_per_MW=1546879.544247.
solar_hawkes_bay_tikokino_solar_farm,solar,2030,2030,,,MW_e generator capacity,,,,145102.402116,NZD/MW-year,0.000000,NZD/MWh_e,1.000000,,,,,0.000000,,,,,,20.444943,0.000000,3600,17.280000,66.515820,MBIE EDGS 2024 assumptions workbook + explicit study assumptions in build_capacity_EDGS.py,,,,EDGS plant=Tikokino solar farm; status=Announced; capital_cost is the legacy annualised NZ generator value (investment + fixed O&M for flexible candidates; zero for sunk existing/fixed capacity); variable_O&M_NZD_per_MWh=0.000000; overnight_CAPEX_NZD_per_MW=1546879.544247.
solar_hawkes_bay_tikokino_solar_farm,solar,2040,2040,,,MW_e generator capacity,,,,145102.402116,NZD/MW-year,0.000000,NZD/MWh_e,1.000000,,,,,0.000000,,,,,,20.444943,0.000000,3600,17.280000,66.515820,MBIE EDGS 2024 assumptions workbook + explicit study assumptions in build_capacity_EDGS.py,,,,EDGS plant=Tikokino solar farm; status=Announced; capital_cost is the legacy annualised NZ generator value (investment + fixed O&M for flexible candidates; zero for sunk existing/fixed capacity); variable_O&M_NZD_per_MWh=0.000000; overnight_CAPEX_NZD_per_MW=1546879.544247.
solar_hawkes_bay_tikokino_solar_farm,solar,2050,2050,,,MW_e generator capacity,,,,145102.402116,NZD/MW-year,0.000000,NZD/MWh_e,1.000000,,,,,0.000000,,,,,,20.444943,0.000000,3600,17.280000,66.515820,MBIE EDGS 2024 assumptions workbook + explicit study assumptions in build_capacity_EDGS.py,,,,EDGS plant=Tikokino solar farm; status=Announced; capital_cost is the legacy annualised NZ generator value (investment + fixed O&M for flexible candidates; zero for sunk existing/fixed capacity); variable_O&M_NZD_per_MWh=0.000000; overnight_CAPEX_NZD_per_MW=1546879.544247.
wind_hawkes_bay_generic_wind_no_32,wind,2025,2025,,,MW_e generator capacity,,,,225623.736043,NZD/MW-year,0.000000,NZD/MWh_e,1.000000,,,,,0.000000,,,,,,47.188298,0.000000,3600,3.451366,110.710635,MBIE EDGS 2024 assumptions workbook + explicit study assumptions in build_capacity_EDGS.py,,,,EDGS plant=Generic Wind No. 32; status=Generic; capital_cost is the legacy annualised NZ generator value (investment + fixed O&M for flexible candidates; zero for sunk existing/fixed capacity); variable_O&M_NZD_per_MWh=0.000000; overnight_CAPEX_NZD_per_MW=2214212.697441.
wind_hawkes_bay_generic_wind_no_32,wind,2030,2030,,,MW_e generator capacity,,,,225623.736043,NZD/MW-year,0.000000,NZD/MWh_e,1.000000,,,,,0.000000,,,,,,47.188298,0.000000,3600,3.451366,110.710635,MBIE EDGS 2024 assumptions workbook + explicit study assumptions in build_capacity_EDGS.py,,,,EDGS plant=Generic Wind No. 32; status=Generic; capital_cost is the legacy annualised NZ generator value (investment + fixed O&M for flexible candidates; zero for sunk existing/fixed capacity); variable_O&M_NZD_per_MWh=0.000000; overnight_CAPEX_NZD_per_MW=2214212.697441.
wind_hawkes_bay_generic_wind_no_32,wind,2040,2040,,,MW_e generator capacity,,,,225623.736043,NZD/MW-year,0.000000,NZD/MWh_e,1.000000,,,,,0.000000,,,,,,47.188298,0.000000,3600,3.451366,110.710635,MBIE EDGS 2024 assumptions workbook + explicit study assumptions in build_capacity_EDGS.py,,,,EDGS plant=Generic Wind No. 32; status=Generic; capital_cost is the legacy annualised NZ generator value (investment + fixed O&M for flexible candidates; zero for sunk existing/fixed capacity); variable_O&M_NZD_per_MWh=0.000000; overnight_CAPEX_NZD_per_MW=2214212.697441.
wind_hawkes_bay_generic_wind_no_32,wind,2050,2050,,,MW_e generator capacity,,,,225623.736043,NZD/MW-year,0.000000,NZD/MWh_e,1.000000,,,,,0.000000,,,,,,47.188298,0.000000,3600,3.451366,110.710635,MBIE EDGS 2024 assumptions workbook + explicit study assumptions in build_capacity_EDGS.py,,,,EDGS plant=Generic Wind No. 32; status=Generic; capital_cost is the legacy annualised NZ generator value (investment + fixed O&M for flexible candidates; zero for sunk existing/fixed capacity); variable_O&M_NZD_per_MWh=0.000000; overnight_CAPEX_NZD_per_MW=2214212.697441.
wind_hawkes_bay_generic_wind_no_70,wind,2025,2025,,,MW_e generator capacity,,,,342869.262998,NZD/MW-year,0.000000,NZD/MWh_e,1.000000,,,,,0.000000,,,,,,56.764955,0.000000,3600,188.988781,532.542022,MBIE EDGS 2024 assumptions workbook + explicit study assumptions in build_capacity_EDGS.py,,,,EDGS plant=Generic Wind No. 70; status=Generic; capital_cost is the legacy annualised NZ generator value (investment + fixed O&M for flexible candidates; zero for sunk existing/fixed capacity); variable_O&M_NZD_per_MWh=0.000000; overnight_CAPEX_NZD_per_MW=3550280.143697.
wind_hawkes_bay_generic_wind_no_70,wind,2030,2030,,,MW_e generator capacity,,,,342869.262998,NZD/MW-year,0.000000,NZD/MWh_e,1.000000,,,,,0.000000,,,,,,56.764955,0.000000,3600,188.988781,532.542022,MBIE EDGS 2024 assumptions workbook + explicit study assumptions in build_capacity_EDGS.py,,,,EDGS plant=Generic Wind No. 70; status=Generic; capital_cost is the legacy annualised NZ generator value (investment + fixed O&M for flexible candidates; zero for sunk existing/fixed capacity); variable_O&M_NZD_per_MWh=0.000000; overnight_CAPEX_NZD_per_MW=3550280.143697.
wind_hawkes_bay_generic_wind_no_70,wind,2040,2040,,,MW_e generator capacity,,,,342869.262998,NZD/MW-year,0.000000,NZD/MWh_e,1.000000,,,,,0.000000,,,,,,56.764955,0.000000,3600,188.988781,532.542022,MBIE EDGS 2024 assumptions workbook + explicit study assumptions in build_capacity_EDGS.py,,,,EDGS plant=Generic Wind No. 70; status=Generic; capital_cost is the legacy annualised NZ generator value (investment + fixed O&M for flexible candidates; zero for sunk existing/fixed capacity); variable_O&M_NZD_per_MWh=0.000000; overnight_CAPEX_NZD_per_MW=3550280.143697.
wind_hawkes_bay_generic_wind_no_70,wind,2050,2050,,,MW_e generator capacity,,,,342869.262998,NZD/MW-year,0.000000,NZD/MWh_e,1.000000,,,,,0.000000,,,,,,56.764955,0.000000,3600,188.988781,532.542022,MBIE EDGS 2024 assumptions workbook + explicit study assumptions in build_capacity_EDGS.py,,,,EDGS plant=Generic Wind No. 70; status=Generic; capital_cost is the legacy annualised NZ generator value (investment + fixed O&M for flexible candidates; zero for sunk existing/fixed capacity); variable_O&M_NZD_per_MWh=0.000000; overnight_CAPEX_NZD_per_MW=3550280.143697.
wind_hawkes_bay_harapaki_wind_farm,wind,2025,2025,,,MW_e generator capacity,,,,0.000000,NZD/MW-year,0.000000,NZD/MWh_e,1.000000,,,,,0.000000,,,,,,41.239698,0.000000,3600,21.518302,457.966314,MBIE EDGS 2024 assumptions workbook + explicit study assumptions in build_capacity_EDGS.py,,,,EDGS plant=Harapaki wind farm; status=Under construction; capital_cost is the legacy annualised NZ generator value (investment + fixed O&M for flexible candidates; zero for sunk existing/fixed capacity); variable_O&M_NZD_per_MWh=0.000000; overnight_CAPEX_NZD_per_MW=2602081.328711.
wind_hawkes_bay_harapaki_wind_farm,wind,2030,2030,,,MW_e generator capacity,,,,0.000000,NZD/MW-year,0.000000,NZD/MWh_e,1.000000,,,,,0.000000,,,,,,41.239698,0.000000,3600,21.518302,457.966314,MBIE EDGS 2024 assumptions workbook + explicit study assumptions in build_capacity_EDGS.py,,,,EDGS plant=Harapaki wind farm; status=Under construction; capital_cost is the legacy annualised NZ generator value (investment + fixed O&M for flexible candidates; zero for sunk existing/fixed capacity); variable_O&M_NZD_per_MWh=0.000000; overnight_CAPEX_NZD_per_MW=2602081.328711.
wind_hawkes_bay_harapaki_wind_farm,wind,2040,2040,,,MW_e generator capacity,,,,0.000000,NZD/MW-year,0.000000,NZD/MWh_e,1.000000,,,,,0.000000,,,,,,41.239698,0.000000,3600,21.518302,457.966314,MBIE EDGS 2024 assumptions workbook + explicit study assumptions in build_capacity_EDGS.py,,,,EDGS plant=Harapaki wind farm; status=Under construction; capital_cost is the legacy annualised NZ generator value (investment + fixed O&M for flexible candidates; zero for sunk existing/fixed capacity); variable_O&M_NZD_per_MWh=0.000000; overnight_CAPEX_NZD_per_MW=2602081.328711.
wind_hawkes_bay_harapaki_wind_farm,wind,2050,2050,,,MW_e generator capacity,,,,0.000000,NZD/MW-year,0.000000,NZD/MWh_e,1.000000,,,,,0.000000,,,,,,41.239698,0.000000,3600,21.518302,457.966314,MBIE EDGS 2024 assumptions workbook + explicit study assumptions in build_capacity_EDGS.py,,,,EDGS plant=Harapaki wind farm; status=Under construction; capital_cost is the legacy annualised NZ generator value (investment + fixed O&M for flexible candidates; zero for sunk existing/fixed capacity); variable_O&M_NZD_per_MWh=0.000000; overnight_CAPEX_NZD_per_MW=2602081.328711.
hydro_storage_manawatu_whanganui_mangahao,hydro_storage,2025,2025,,,MW_e generator capacity,,,,0.000000,NZD/MW-year,0.000000,NZD/MWh_e,1.000000,,,,,0.000000,,,,,,76.085855,0.000000,3600,,,MBIE EDGS 2024 assumptions workbook + explicit study assumptions in build_capacity_EDGS.py,,,,EDGS plant=Mangahao; status=Current; capital_cost is the legacy annualised NZ generator value (investment + fixed O&M for flexible candidates; zero for sunk existing/fixed capacity); variable_O&M_NZD_per_MWh=0.000000.
hydro_storage_manawatu_whanganui_mangahao,hydro_storage,2030,2030,,,MW_e generator capacity,,,,0.000000,NZD/MW-year,0.000000,NZD/MWh_e,1.000000,,,,,0.000000,,,,,,76.085855,0.000000,3600,,,MBIE EDGS 2024 assumptions workbook + explicit study assumptions in build_capacity_EDGS.py,,,,EDGS plant=Mangahao; status=Current; capital_cost is the legacy annualised NZ generator value (investment + fixed O&M for flexible candidates; zero for sunk existing/fixed capacity); variable_O&M_NZD_per_MWh=0.000000.
hydro_storage_manawatu_whanganui_mangahao,hydro_storage,2040,2040,,,MW_e generator capacity,,,,0.000000,NZD/MW-year,0.000000,NZD/MWh_e,1.000000,,,,,0.000000,,,,,,76.085855,0.000000,3600,,,MBIE EDGS 2024 assumptions workbook + explicit study assumptions in build_capacity_EDGS.py,,,,EDGS plant=Mangahao; status=Current; capital_cost is the legacy annualised NZ generator value (investment + fixed O&M for flexible candidates; zero for sunk existing/fixed capacity); variable_O&M_NZD_per_MWh=0.000000.
hydro_storage_manawatu_whanganui_mangahao,hydro_storage,2050,2050,,,MW_e generator capacity,,,,0.000000,NZD/MW-year,0.000000,NZD/MWh_e,1.000000,,,,,0.000000,,,,,,76.085855,0.000000,3600,,,MBIE EDGS 2024 assumptions workbook + explicit study assumptions in build_capacity_EDGS.py,,,,EDGS plant=Mangahao; status=Current; capital_cost is the legacy annualised NZ generator value (investment + fixed O&M for flexible candidates; zero for sunk existing/fixed capacity); variable_O&M_NZD_per_MWh=0.000000.
solar_manawatu_whanganui_dannevirke_solar_farm,solar,2025,2025,,,MW_e generator capacity,,,,149095.873307,NZD/MW-year,0.000000,NZD/MWh_e,1.000000,,,,,0.000000,,,,,,23.558811,0.000000,3600,23.620000,101.256648,MBIE EDGS 2024 assumptions workbook + explicit study assumptions in build_capacity_EDGS.py,,,,EDGS plant=Dannevirke Solar Farm; status=Early stages; capital_cost is the legacy annualised NZ generator value (investment + fixed O&M for flexible candidates; zero for sunk existing/fixed capacity); variable_O&M_NZD_per_MWh=0.000000; overnight_CAPEX_NZD_per_MW=1557794.577993.
solar_manawatu_whanganui_dannevirke_solar_farm,solar,2030,2030,,,MW_e generator capacity,,,,149095.873307,NZD/MW-year,0.000000,NZD/MWh_e,1.000000,,,,,0.000000,,,,,,23.558811,0.000000,3600,23.620000,101.256648,MBIE EDGS 2024 assumptions workbook + explicit study assumptions in build_capacity_EDGS.py,,,,EDGS plant=Dannevirke Solar Farm; status=Early stages; capital_cost is the legacy annualised NZ generator value (investment + fixed O&M for flexible candidates; zero for sunk existing/fixed capacity); variable_O&M_NZD_per_MWh=0.000000; overnight_CAPEX_NZD_per_MW=1557794.577993.
solar_manawatu_whanganui_dannevirke_solar_farm,solar,2040,2040,,,MW_e generator capacity,,,,149095.873307,NZD/MW-year,0.000000,NZD/MWh_e,1.000000,,,,,0.000000,,,,,,23.558811,0.000000,3600,23.620000,101.256648,MBIE EDGS 2024 assumptions workbook + explicit study assumptions in build_capacity_EDGS.py,,,,EDGS plant=Dannevirke Solar Farm; status=Early stages; capital_cost is the legacy annualised NZ generator value (investment + fixed O&M for flexible candidates; zero for sunk existing/fixed capacity); variable_O&M_NZD_per_MWh=0.000000; overnight_CAPEX_NZD_per_MW=1557794.577993.
solar_manawatu_whanganui_dannevirke_solar_farm,solar,2050,2050,,,MW_e generator capacity,,,,149095.873307,NZD/MW-year,0.000000,NZD/MWh_e,1.000000,,,,,0.000000,,,,,,23.558811,0.000000,3600,23.620000,101.256648,MBIE EDGS 2024 assumptions workbook + explicit study assumptions in build_capacity_EDGS.py,,,,EDGS plant=Dannevirke Solar Farm; status=Early stages; capital_cost is the legacy annualised NZ generator value (investment + fixed O&M for flexible candidates; zero for sunk existing/fixed capacity); variable_O&M_NZD_per_MWh=0.000000; overnight_CAPEX_NZD_per_MW=1557794.577993.
solar_manawatu_whanganui_foxton_solar_farm,solar,2025,2025,,,MW_e generator capacity,,,,0.000000,NZD/MW-year,0.000000,NZD/MWh_e,1.000000,,,,,0.000000,,,,,,23.558811,0.000000,3600,17.664431,70.132166,MBIE EDGS 2024 assumptions workbook + explicit study assumptions in build_capacity_EDGS.py,,,,EDGS plant=Foxton solar farm; status=Under construction; capital_cost is the legacy annualised NZ generator value (investment + fixed O&M for flexible candidates; zero for sunk existing/fixed capacity); variable_O&M_NZD_per_MWh=0.000000; overnight_CAPEX_NZD_per_MW=1669813.479132.
solar_manawatu_whanganui_foxton_solar_farm,solar,2030,2030,,,MW_e generator capacity,,,,0.000000,NZD/MW-year,0.000000,NZD/MWh_e,1.000000,,,,,0.000000,,,,,,23.558811,0.000000,3600,17.664431,70.132166,MBIE EDGS 2024 assumptions workbook + explicit study assumptions in build_capacity_EDGS.py,,,,EDGS plant=Foxton solar farm; status=Under construction; capital_cost is the legacy annualised NZ generator value (investment + fixed O&M for flexible candidates; zero for sunk existing/fixed capacity); variable_O&M_NZD_per_MWh=0.000000; overnight_CAPEX_NZD_per_MW=1669813.479132.
solar_manawatu_whanganui_foxton_solar_farm,solar,2040,2040,,,MW_e generator capacity,,,,0.000000,NZD/MW-year,0.000000,NZD/MWh_e,1.000000,,,,,0.000000,,,,,,23.558811,0.000000,3600,17.664431,70.132166,MBIE EDGS 2024 assumptions workbook + explicit study assumptions in build_capacity_EDGS.py,,,,EDGS plant=Foxton solar farm; status=Under construction; capital_cost is the legacy annualised NZ generator value (investment + fixed O&M for flexible candidates; zero for sunk existing/fixed capacity); variable_O&M_NZD_per_MWh=0.000000; overnight_CAPEX_NZD_per_MW=1669813.479132.
solar_manawatu_whanganui_foxton_solar_farm,solar,2050,2050,,,MW_e generator capacity,,,,0.000000,NZD/MW-year,0.000000,NZD/MWh_e,1.000000,,,,,0.000000,,,,,,23.558811,0.000000,3600,17.664431,70.132166,MBIE EDGS 2024 assumptions workbook + explicit study assumptions in build_capacity_EDGS.py,,,,EDGS plant=Foxton solar farm; status=Under construction; capital_cost is the legacy annualised NZ generator value (investment + fixed O&M for flexible candidates; zero for sunk existing/fixed capacity); variable_O&M_NZD_per_MWh=0.000000; overnight_CAPEX_NZD_per_MW=1669813.479132.
solar_manawatu_whanganui_karioi_solar_farm,solar,2025,2025,,,MW_e generator capacity,,,,138557.610120,NZD/MW-year,0.000000,NZD/MWh_e,1.000000,,,,,0.000000,,,,,,23.558811,0.000000,3600,26.506869,142.702484,MBIE EDGS 2024 assumptions workbook + explicit study assumptions in build_capacity_EDGS.py,,,,EDGS plant=Karioi solar farm; status=Announced; capital_cost is the legacy annualised NZ generator value (investment + fixed O&M for flexible candidates; zero for sunk existing/fixed capacity); variable_O&M_NZD_per_MWh=0.000000; overnight_CAPEX_NZD_per_MW=1427024.836108.
solar_manawatu_whanganui_karioi_solar_farm,solar,2030,2030,,,MW_e generator capacity,,,,138557.610120,NZD/MW-year,0.000000,NZD/MWh_e,1.000000,,,,,0.000000,,,,,,23.558811,0.000000,3600,26.506869,142.702484,MBIE EDGS 2024 assumptions workbook + explicit study assumptions in build_capacity_EDGS.py,,,,EDGS plant=Karioi solar farm; status=Announced; capital_cost is the legacy annualised NZ generator value (investment + fixed O&M for flexible candidates; zero for sunk existing/fixed capacity); variable_O&M_NZD_per_MWh=0.000000; overnight_CAPEX_NZD_per_MW=1427024.836108.
solar_manawatu_whanganui_karioi_solar_farm,solar,2040,2040,,,MW_e generator capacity,,,,138557.610120,NZD/MW-year,0.000000,NZD/MWh_e,1.000000,,,,,0.000000,,,,,,23.558811,0.000000,3600,26.506869,142.702484,MBIE EDGS 2024 assumptions workbook + explicit study assumptions in build_capacity_EDGS.py,,,,EDGS plant=Karioi solar farm; status=Announced; capital_cost is the legacy annualised NZ generator value (investment + fixed O&M for flexible candidates; zero for sunk existing/fixed capacity); variable_O&M_NZD_per_MWh=0.000000; overnight_CAPEX_NZD_per_MW=1427024.836108.
solar_manawatu_whanganui_karioi_solar_farm,solar,2050,2050,,,MW_e generator capacity,,,,138557.610120,NZD/MW-year,0.000000,NZD/MWh_e,1.000000,,,,,0.000000,,,,,,23.558811,0.000000,3600,26.506869,142.702484,MBIE EDGS 2024 assumptions workbook + explicit study assumptions in build_capacity_EDGS.py,,,,EDGS plant=Karioi solar farm; status=Announced; capital_cost is the legacy annualised NZ generator value (investment + fixed O&M for flexible candidates; zero for sunk existing/fixed capacity); variable_O&M_NZD_per_MWh=0.000000; overnight_CAPEX_NZD_per_MW=1427024.836108.
solar_manawatu_whanganui_mangamaire_solar_farm,solar,2025,2025,,,MW_e generator capacity,,,,151778.128838,NZD/MW-year,0.000000,NZD/MWh_e,1.000000,,,,,0.000000,,,,,,23.558811,0.000000,3600,17.664431,79.553940,MBIE EDGS 2024 assumptions workbook + explicit study assumptions in build_capacity_EDGS.py,,,,EDGS plant=Mangamaire solar farm; status=Fully consented; capital_cost is the legacy annualised NZ generator value (investment + fixed O&M for flexible candidates; zero for sunk existing/fixed capacity); variable_O&M_NZD_per_MWh=0.000000; overnight_CAPEX_NZD_per_MW=1591078.797337.
solar_manawatu_whanganui_mangamaire_solar_farm,solar,2030,2030,,,MW_e generator capacity,,,,151778.128838,NZD/MW-year,0.000000,NZD/MWh_e,1.000000,,,,,0.000000,,,,,,23.558811,0.000000,3600,17.664431,79.553940,MBIE EDGS 2024 assumptions workbook + explicit study assumptions in build_capacity_EDGS.py,,,,EDGS plant=Mangamaire solar farm; status=Fully consented; capital_cost is the legacy annualised NZ generator value (investment + fixed O&M for flexible candidates; zero for sunk existing/fixed capacity); variable_O&M_NZD_per_MWh=0.000000; overnight_CAPEX_NZD_per_MW=1591078.797337.
solar_manawatu_whanganui_mangamaire_solar_farm,solar,2040,2040,,,MW_e generator capacity,,,,151778.128838,NZD/MW-year,0.000000,NZD/MWh_e,1.000000,,,,,0.000000,,,,,,23.558811,0.000000,3600,17.664431,79.553940,MBIE EDGS 2024 assumptions workbook + explicit study assumptions in build_capacity_EDGS.py,,,,EDGS plant=Mangamaire solar farm; status=Fully consented; capital_cost is the legacy annualised NZ generator value (investment + fixed O&M for flexible candidates; zero for sunk existing/fixed capacity); variable_O&M_NZD_per_MWh=0.000000; overnight_CAPEX_NZD_per_MW=1591078.797337.
solar_manawatu_whanganui_mangamaire_solar_farm,solar,2050,2050,,,MW_e generator capacity,,,,151778.128838,NZD/MW-year,0.000000,NZD/MWh_e,1.000000,,,,,0.000000,,,,,,23.558811,0.000000,3600,17.664431,79.553940,MBIE EDGS 2024 assumptions workbook + explicit study assumptions in build_capacity_EDGS.py,,,,EDGS plant=Mangamaire solar farm; status=Fully consented; capital_cost is the legacy annualised NZ generator value (investment + fixed O&M for flexible candidates; zero for sunk existing/fixed capacity); variable_O&M_NZD_per_MWh=0.000000; overnight_CAPEX_NZD_per_MW=1591078.797337.
solar_manawatu_whanganui_marton_solar_farm_energy_farms_ltd,solar,2025,2025,,,MW_e generator capacity,,,,131852.906947,NZD/MW-year,0.000000,NZD/MWh_e,1.000000,,,,,0.000000,,,,,,23.558811,0.000000,3600,25.350000,127.663460,MBIE EDGS 2024 assumptions workbook + explicit study assumptions in build_capacity_EDGS.py,,,,EDGS plant=Marton Solar Farm (Energy Farms Ltd); status=Applied for consent; capital_cost is the legacy annualised NZ generator value (investment + fixed O&M for flexible candidates; zero for sunk existing/fixed capacity); variable_O&M_NZD_per_MWh=0.000000; overnight_CAPEX_NZD_per_MW=1343825.898307.
solar_manawatu_whanganui_marton_solar_farm_energy_farms_ltd,solar,2030,2030,,,MW_e generator capacity,,,,131852.906947,NZD/MW-year,0.000000,NZD/MWh_e,1.000000,,,,,0.000000,,,,,,23.558811,0.000000,3600,25.350000,127.663460,MBIE EDGS 2024 assumptions workbook + explicit study assumptions in build_capacity_EDGS.py,,,,EDGS plant=Marton Solar Farm (Energy Farms Ltd); status=Applied for consent; capital_cost is the legacy annualised NZ generator value (investment + fixed O&M for flexible candidates; zero for sunk existing/fixed capacity); variable_O&M_NZD_per_MWh=0.000000; overnight_CAPEX_NZD_per_MW=1343825.898307.
solar_manawatu_whanganui_marton_solar_farm_energy_farms_ltd,solar,2040,2040,,,MW_e generator capacity,,,,131852.906947,NZD/MW-year,0.000000,NZD/MWh_e,1.000000,,,,,0.000000,,,,,,23.558811,0.000000,3600,25.350000,127.663460,MBIE EDGS 2024 assumptions workbook + explicit study assumptions in build_capacity_EDGS.py,,,,EDGS plant=Marton Solar Farm (Energy Farms Ltd); status=Applied for consent; capital_cost is the legacy annualised NZ generator value (investment + fixed O&M for flexible candidates; zero for sunk existing/fixed capacity); variable_O&M_NZD_per_MWh=0.000000; overnight_CAPEX_NZD_per_MW=1343825.898307.
solar_manawatu_whanganui_marton_solar_farm_energy_farms_ltd,solar,2050,2050,,,MW_e generator capacity,,,,131852.906947,NZD/MW-year,0.000000,NZD/MWh_e,1.000000,,,,,0.000000,,,,,,23.558811,0.000000,3600,25.350000,127.663460,MBIE EDGS 2024 assumptions workbook + explicit study assumptions in build_capacity_EDGS.py,,,,EDGS plant=Marton Solar Farm (Energy Farms Ltd); status=Applied for consent; capital_cost is the legacy annualised NZ generator value (investment + fixed O&M for flexible candidates; zero for sunk existing/fixed capacity); variable_O&M_NZD_per_MWh=0.000000; overnight_CAPEX_NZD_per_MW=1343825.898307.
solar_manawatu_whanganui_marton_solar_farm_harmony,solar,2025,2025,,,MW_e generator capacity,,,,141731.720314,NZD/MW-year,0.000000,NZD/MWh_e,1.000000,,,,,0.000000,,,,,,23.558811,0.000000,3600,23.330000,107.048113,MBIE EDGS 2024 assumptions workbook + explicit study assumptions in build_capacity_EDGS.py,,,,EDGS plant=Marton Solar Farm (Harmony); status=Applied for consent; capital_cost is the legacy annualised NZ generator value (investment + fixed O&M for flexible candidates; zero for sunk existing/fixed capacity); variable_O&M_NZD_per_MWh=0.000000; overnight_CAPEX_NZD_per_MW=1466412.500226.
solar_manawatu_whanganui_marton_solar_farm_harmony,solar,2030,2030,,,MW_e generator capacity,,,,141731.720314,NZD/MW-year,0.000000,NZD/MWh_e,1.000000,,,,,0.000000,,,,,,23.558811,0.000000,3600,23.330000,107.048113,MBIE EDGS 2024 assumptions workbook + explicit study assumptions in build_capacity_EDGS.py,,,,EDGS plant=Marton Solar Farm (Harmony); status=Applied for consent; capital_cost is the legacy annualised NZ generator value (investment + fixed O&M for flexible candidates; zero for sunk existing/fixed capacity); variable_O&M_NZD_per_MWh=0.000000; overnight_CAPEX_NZD_per_MW=1466412.500226.
solar_manawatu_whanganui_marton_solar_farm_harmony,solar,2040,2040,,,MW_e generator capacity,,,,141731.720314,NZD/MW-year,0.000000,NZD/MWh_e,1.000000,,,,,0.000000,,,,,,23.558811,0.000000,3600,23.330000,107.048113,MBIE EDGS 2024 assumptions workbook + explicit study assumptions in build_capacity_EDGS.py,,,,EDGS plant=Marton Solar Farm (Harmony); status=Applied for consent; capital_cost is the legacy annualised NZ generator value (investment + fixed O&M for flexible candidates; zero for sunk existing/fixed capacity); variable_O&M_NZD_per_MWh=0.000000; overnight_CAPEX_NZD_per_MW=1466412.500226.
solar_manawatu_whanganui_marton_solar_farm_harmony,solar,2050,2050,,,MW_e generator capacity,,,,141731.720314,NZD/MW-year,0.000000,NZD/MWh_e,1.000000,,,,,0.000000,,,,,,23.558811,0.000000,3600,23.330000,107.048113,MBIE EDGS 2024 assumptions workbook + explicit study assumptions in build_capacity_EDGS.py,,,,EDGS plant=Marton Solar Farm (Harmony); status=Applied for consent; capital_cost is the legacy annualised NZ generator value (investment + fixed O&M for flexible candidates; zero for sunk existing/fixed capacity); variable_O&M_NZD_per_MWh=0.000000; overnight_CAPEX_NZD_per_MW=1466412.500226.
solar_manawatu_whanganui_marton_solar_farm,solar,2025,2025,,,MW_e generator capacity,,,,151384.594076,NZD/MW-year,0.000000,NZD/MWh_e,1.000000,,,,,0.000000,,,,,,23.558811,0.000000,3600,17.860000,65.034012,MBIE EDGS 2024 assumptions workbook + explicit study assumptions in build_capacity_EDGS.py,,,,EDGS plant=Marton solar farm; status=Fully consented; capital_cost is the legacy annualised NZ generator value (investment + fixed O&M for flexible candidates; zero for sunk existing/fixed capacity); variable_O&M_NZD_per_MWh=0.000000; overnight_CAPEX_NZD_per_MW=1586195.408271.
solar_manawatu_whanganui_marton_solar_farm,solar,2030,2030,,,MW_e generator capacity,,,,151384.594076,NZD/MW-year,0.000000,NZD/MWh_e,1.000000,,,,,0.000000,,,,,,23.558811,0.000000,3600,17.860000,65.034012,MBIE EDGS 2024 assumptions workbook + explicit study assumptions in build_capacity_EDGS.py,,,,EDGS plant=Marton solar farm; status=Fully consented; capital_cost is the legacy annualised NZ generator value (investment + fixed O&M for flexible candidates; zero for sunk existing/fixed capacity); variable_O&M_NZD_per_MWh=0.000000; overnight_CAPEX_NZD_per_MW=1586195.408271.
solar_manawatu_whanganui_marton_solar_farm,solar,2040,2040,,,MW_e generator capacity,,,,151384.594076,NZD/MW-year,0.000000,NZD/MWh_e,1.000000,,,,,0.000000,,,,,,23.558811,0.000000,3600,17.860000,65.034012,MBIE EDGS 2024 assumptions workbook + explicit study assumptions in build_capacity_EDGS.py,,,,EDGS plant=Marton solar farm; status=Fully consented; capital_cost is the legacy annualised NZ generator value (investment + fixed O&M for flexible candidates; zero for sunk existing/fixed capacity); variable_O&M_NZD_per_MWh=0.000000; overnight_CAPEX_NZD_per_MW=1586195.408271.
solar_manawatu_whanganui_marton_solar_farm,solar,2050,2050,,,MW_e generator capacity,,,,151384.594076,NZD/MW-year,0.000000,NZD/MWh_e,1.000000,,,,,0.000000,,,,,,23.558811,0.000000,3600,17.860000,65.034012,MBIE EDGS 2024 assumptions workbook + explicit study assumptions in build_capacity_EDGS.py,,,,EDGS plant=Marton solar farm; status=Fully consented; capital_cost is the legacy annualised NZ generator value (investment + fixed O&M for flexible candidates; zero for sunk existing/fixed capacity); variable_O&M_NZD_per_MWh=0.000000; overnight_CAPEX_NZD_per_MW=1586195.408271.
solar_manawatu_whanganui_palmerston_north_solar_farm,solar,2025,2025,,,MW_e generator capacity,,,,188941.028601,NZD/MW-year,0.000000,NZD/MWh_e,1.000000,,,,,0.000000,,,,,,23.558811,0.000000,3600,20.618725,57.462573,MBIE EDGS 2024 assumptions workbook + explicit study assumptions in build_capacity_EDGS.py,,,,EDGS plant=Palmerston North solar farm; status=Announced; capital_cost is the legacy annualised NZ generator value (investment + fixed O&M for flexible candidates; zero for sunk existing/fixed capacity); variable_O&M_NZD_per_MWh=0.000000; overnight_CAPEX_NZD_per_MW=2052234.750999.
solar_manawatu_whanganui_palmerston_north_solar_farm,solar,2030,2030,,,MW_e generator capacity,,,,188941.028601,NZD/MW-year,0.000000,NZD/MWh_e,1.000000,,,,,0.000000,,,,,,23.558811,0.000000,3600,20.618725,57.462573,MBIE EDGS 2024 assumptions workbook + explicit study assumptions in build_capacity_EDGS.py,,,,EDGS plant=Palmerston North solar farm; status=Announced; capital_cost is the legacy annualised NZ generator value (investment + fixed O&M for flexible candidates; zero for sunk existing/fixed capacity); variable_O&M_NZD_per_MWh=0.000000; overnight_CAPEX_NZD_per_MW=2052234.750999.
solar_manawatu_whanganui_palmerston_north_solar_farm,solar,2040,2040,,,MW_e generator capacity,,,,188941.028601,NZD/MW-year,0.000000,NZD/MWh_e,1.000000,,,,,0.000000,,,,,,23.558811,0.000000,3600,20.618725,57.462573,MBIE EDGS 2024 assumptions workbook + explicit study assumptions in build_capacity_EDGS.py,,,,EDGS plant=Palmerston North solar farm; status=Announced; capital_cost is the legacy annualised NZ generator value (investment + fixed O&M for flexible candidates; zero for sunk existing/fixed capacity); variable_O&M_NZD_per_MWh=0.000000; overnight_CAPEX_NZD_per_MW=2052234.750999.
solar_manawatu_whanganui_palmerston_north_solar_farm,solar,2050,2050,,,MW_e generator capacity,,,,188941.028601,NZD/MW-year,0.000000,NZD/MWh_e,1.000000,,,,,0.000000,,,,,,23.558811,0.000000,3600,20.618725,57.462573,MBIE EDGS 2024 assumptions workbook + explicit study assumptions in build_capacity_EDGS.py,,,,EDGS plant=Palmerston North solar farm; status=Announced; capital_cost is the legacy annualised NZ generator value (investment + fixed O&M for flexible candidates; zero for sunk existing/fixed capacity); variable_O&M_NZD_per_MWh=0.000000; overnight_CAPEX_NZD_per_MW=2052234.750999.
wind_manawatu_whanganui_generic_wind_no_27,wind,2025,2025,,,MW_e generator capacity,,,,233493.236689,NZD/MW-year,0.000000,NZD/MWh_e,1.000000,,,,,0.000000,,,,,,47.812607,0.000000,3600,34.018923,345.617788,MBIE EDGS 2024 assumptions workbook + explicit study assumptions in build_capacity_EDGS.py,,,,EDGS plant=Generic Wind No. 27; status=Generic; capital_cost is the legacy annualised NZ generator value (investment + fixed O&M for flexible candidates; zero for sunk existing/fixed capacity); variable_O&M_NZD_per_MWh=0.000000; overnight_CAPEX_NZD_per_MW=2304118.585317.
wind_manawatu_whanganui_generic_wind_no_27,wind,2030,2030,,,MW_e generator capacity,,,,233493.236689,NZD/MW-year,0.000000,NZD/MWh_e,1.000000,,,,,0.000000,,,,,,47.812607,0.000000,3600,34.018923,345.617788,MBIE EDGS 2024 assumptions workbook + explicit study assumptions in build_capacity_EDGS.py,,,,EDGS plant=Generic Wind No. 27; status=Generic; capital_cost is the legacy annualised NZ generator value (investment + fixed O&M for flexible candidates; zero for sunk existing/fixed capacity); variable_O&M_NZD_per_MWh=0.000000; overnight_CAPEX_NZD_per_MW=2304118.585317.
wind_manawatu_whanganui_generic_wind_no_27,wind,2040,2040,,,MW_e generator capacity,,,,233493.236689,NZD/MW-year,0.000000,NZD/MWh_e,1.000000,,,,,0.000000,,,,,,47.812607,0.000000,3600,34.018923,345.617788,MBIE EDGS 2024 assumptions workbook + explicit study assumptions in build_capacity_EDGS.py,,,,EDGS plant=Generic Wind No. 27; status=Generic; capital_cost is the legacy annualised NZ generator value (investment + fixed O&M for flexible candidates; zero for sunk existing/fixed capacity); variable_O&M_NZD_per_MWh=0.000000; overnight_CAPEX_NZD_per_MW=2304118.585317.
wind_manawatu_whanganui_generic_wind_no_27,wind,2050,2050,,,MW_e generator capacity,,,,233493.236689,NZD/MW-year,0.000000,NZD/MWh_e,1.000000,,,,,0.000000,,,,,,47.812607,0.000000,3600,34.018923,345.617788,MBIE EDGS 2024 assumptions workbook + explicit study assumptions in build_capacity_EDGS.py,,,,EDGS plant=Generic Wind No. 27; status=Generic; capital_cost is the legacy annualised NZ generator value (investment + fixed O&M for flexible candidates; zero for sunk existing/fixed capacity); variable_O&M_NZD_per_MWh=0.000000; overnight_CAPEX_NZD_per_MW=2304118.585317.
wind_manawatu_whanganui_generic_wind_no_48,wind,2025,2025,,,MW_e generator capacity,,,,231216.293049,NZD/MW-year,0.000000,NZD/MWh_e,1.000000,,,,,0.000000,,,,,,46.552210,0.000000,3600,18.411211,343.725631,MBIE EDGS 2024 assumptions workbook + explicit study assumptions in build_capacity_EDGS.py,,,,EDGS plant=Generic Wind No. 48; status=Generic; capital_cost is the legacy annualised NZ generator value (investment + fixed O&M for flexible candidates; zero for sunk existing/fixed capacity); variable_O&M_NZD_per_MWh=0.000000; overnight_CAPEX_NZD_per_MW=2291504.208514.
wind_manawatu_whanganui_generic_wind_no_48,wind,2030,2030,,,MW_e generator capacity,,,,231216.293049,NZD/MW-year,0.000000,NZD/MWh_e,1.000000,,,,,0.000000,,,,,,46.552210,0.000000,3600,18.411211,343.725631,MBIE EDGS 2024 assumptions workbook + explicit study assumptions in build_capacity_EDGS.py,,,,EDGS plant=Generic Wind No. 48; status=Generic; capital_cost is the legacy annualised NZ generator value (investment + fixed O&M for flexible candidates; zero for sunk existing/fixed capacity); variable_O&M_NZD_per_MWh=0.000000; overnight_CAPEX_NZD_per_MW=2291504.208514.
wind_manawatu_whanganui_generic_wind_no_48,wind,2040,2040,,,MW_e generator capacity,,,,231216.293049,NZD/MW-year,0.000000,NZD/MWh_e,1.000000,,,,,0.000000,,,,,,46.552210,0.000000,3600,18.411211,343.725631,MBIE EDGS 2024 assumptions workbook + explicit study assumptions in build_capacity_EDGS.py,,,,EDGS plant=Generic Wind No. 48; status=Generic; capital_cost is the legacy annualised NZ generator value (investment + fixed O&M for flexible candidates; zero for sunk existing/fixed capacity); variable_O&M_NZD_per_MWh=0.000000; overnight_CAPEX_NZD_per_MW=2291504.208514.
wind_manawatu_whanganui_generic_wind_no_48,wind,2050,2050,,,MW_e generator capacity,,,,231216.293049,NZD/MW-year,0.000000,NZD/MWh_e,1.000000,,,,,0.000000,,,,,,46.552210,0.000000,3600,18.411211,343.725631,MBIE EDGS 2024 assumptions workbook + explicit study assumptions in build_capacity_EDGS.py,,,,EDGS plant=Generic Wind No. 48; status=Generic; capital_cost is the legacy annualised NZ generator value (investment + fixed O&M for flexible candidates; zero for sunk existing/fixed capacity); variable_O&M_NZD_per_MWh=0.000000; overnight_CAPEX_NZD_per_MW=2291504.208514.
wind_manawatu_whanganui_generic_wind_no_82,wind,2025,2025,,,MW_e generator capacity,,,,225346.320031,NZD/MW-year,0.000000,NZD/MWh_e,1.000000,,,,,0.000000,,,,,,45.704093,0.000000,3600,31.827953,668.756338,MBIE EDGS 2024 assumptions workbook + explicit study assumptions in build_capacity_EDGS.py,,,,EDGS plant=Generic Wind No. 82; status=Generic; capital_cost is the legacy annualised NZ generator value (investment + fixed O&M for flexible candidates; zero for sunk existing/fixed capacity); variable_O&M_NZD_per_MWh=0.000000; overnight_CAPEX_NZD_per_MW=2229187.792739.
wind_manawatu_whanganui_generic_wind_no_82,wind,2030,2030,,,MW_e generator capacity,,,,225346.320031,NZD/MW-year,0.000000,NZD/MWh_e,1.000000,,,,,0.000000,,,,,,45.704093,0.000000,3600,31.827953,668.756338,MBIE EDGS 2024 assumptions workbook + explicit study assumptions in build_capacity_EDGS.py,,,,EDGS plant=Generic Wind No. 82; status=Generic; capital_cost is the legacy annualised NZ generator value (investment + fixed O&M for flexible candidates; zero for sunk existing/fixed capacity); variable_O&M_NZD_per_MWh=0.000000; overnight_CAPEX_NZD_per_MW=2229187.792739.
wind_manawatu_whanganui_generic_wind_no_82,wind,2040,2040,,,MW_e generator capacity,,,,225346.320031,NZD/MW-year,0.000000,NZD/MWh_e,1.000000,,,,,0.000000,,,,,,45.704093,0.000000,3600,31.827953,668.756338,MBIE EDGS 2024 assumptions workbook + explicit study assumptions in build_capacity_EDGS.py,,,,EDGS plant=Generic Wind No. 82; status=Generic; capital_cost is the legacy annualised NZ generator value (investment + fixed O&M for flexible candidates; zero for sunk existing/fixed capacity); variable_O&M_NZD_per_MWh=0.000000; overnight_CAPEX_NZD_per_MW=2229187.792739.
wind_manawatu_whanganui_generic_wind_no_82,wind,2050,2050,,,MW_e generator capacity,,,,225346.320031,NZD/MW-year,0.000000,NZD/MWh_e,1.000000,,,,,0.000000,,,,,,45.704093,0.000000,3600,31.827953,668.756338,MBIE EDGS 2024 assumptions workbook + explicit study assumptions in build_capacity_EDGS.py,,,,EDGS plant=Generic Wind No. 82; status=Generic; capital_cost is the legacy annualised NZ generator value (investment + fixed O&M for flexible candidates; zero for sunk existing/fixed capacity); variable_O&M_NZD_per_MWh=0.000000; overnight_CAPEX_NZD_per_MW=2229187.792739.
wind_manawatu_whanganui_generic_wind_no_13,wind,2025,2025,,,MW_e generator capacity,,,,256683.850149,NZD/MW-year,0.000000,NZD/MWh_e,1.000000,,,,,0.000000,,,,,,50.097811,0.000000,3600,36.551495,256.353466,MBIE EDGS 2024 assumptions workbook + explicit study assumptions in build_capacity_EDGS.py,,,,EDGS plant=Generic wind No. 13; status=Generic; capital_cost is the legacy annualised NZ generator value (investment + fixed O&M for flexible candidates; zero for sunk existing/fixed capacity); variable_O&M_NZD_per_MWh=0.000000; overnight_CAPEX_NZD_per_MW=2563534.664162.
wind_manawatu_whanganui_generic_wind_no_13,wind,2030,2030,,,MW_e generator capacity,,,,256683.850149,NZD/MW-year,0.000000,NZD/MWh_e,1.000000,,,,,0.000000,,,,,,50.097811,0.000000,3600,36.551495,256.353466,MBIE EDGS 2024 assumptions workbook + explicit study assumptions in build_capacity_EDGS.py,,,,EDGS plant=Generic wind No. 13; status=Generic; capital_cost is the legacy annualised NZ generator value (investment + fixed O&M for flexible candidates; zero for sunk existing/fixed capacity); variable_O&M_NZD_per_MWh=0.000000; overnight_CAPEX_NZD_per_MW=2563534.664162.
wind_manawatu_whanganui_generic_wind_no_13,wind,2040,2040,,,MW_e generator capacity,,,,256683.850149,NZD/MW-year,0.000000,NZD/MWh_e,1.000000,,,,,0.000000,,,,,,50.097811,0.000000,3600,36.551495,256.353466,MBIE EDGS 2024 assumptions workbook + explicit study assumptions in build_capacity_EDGS.py,,,,EDGS plant=Generic wind No. 13; status=Generic; capital_cost is the legacy annualised NZ generator value (investment + fixed O&M for flexible candidates; zero for sunk existing/fixed capacity); variable_O&M_NZD_per_MWh=0.000000; overnight_CAPEX_NZD_per_MW=2563534.664162.
wind_manawatu_whanganui_generic_wind_no_13,wind,2050,2050,,,MW_e generator capacity,,,,256683.850149,NZD/MW-year,0.000000,NZD/MWh_e,1.000000,,,,,0.000000,,,,,,50.097811,0.000000,3600,36.551495,256.353466,MBIE EDGS 2024 assumptions workbook + explicit study assumptions in build_capacity_EDGS.py,,,,EDGS plant=Generic wind No. 13; status=Generic; capital_cost is the legacy annualised NZ generator value (investment + fixed O&M for flexible candidates; zero for sunk existing/fixed capacity); variable_O&M_NZD_per_MWh=0.000000; overnight_CAPEX_NZD_per_MW=2563534.664162.
wind_manawatu_whanganui_manawatu_wind_meridian,wind,2025,2025,,,MW_e generator capacity,,,,246470.559049,NZD/MW-year,0.000000,NZD/MWh_e,1.000000,,,,,0.000000,,,,,,49.473503,0.000000,3600,57.954675,488.908917,MBIE EDGS 2024 assumptions workbook + explicit study assumptions in build_capacity_EDGS.py,,,,EDGS plant=Manawatū Wind (Meridian); status=Announced; capital_cost is the legacy annualised NZ generator value (investment + fixed O&M for flexible candidates; zero for sunk existing/fixed capacity); variable_O&M_NZD_per_MWh=0.000000; overnight_CAPEX_NZD_per_MW=2444544.584018.
wind_manawatu_whanganui_manawatu_wind_meridian,wind,2030,2030,,,MW_e generator capacity,,,,246470.559049,NZD/MW-year,0.000000,NZD/MWh_e,1.000000,,,,,0.000000,,,,,,49.473503,0.000000,3600,57.954675,488.908917,MBIE EDGS 2024 assumptions workbook + explicit study assumptions in build_capacity_EDGS.py,,,,EDGS plant=Manawatū Wind (Meridian); status=Announced; capital_cost is the legacy annualised NZ generator value (investment + fixed O&M for flexible candidates; zero for sunk existing/fixed capacity); variable_O&M_NZD_per_MWh=0.000000; overnight_CAPEX_NZD_per_MW=2444544.584018.
wind_manawatu_whanganui_manawatu_wind_meridian,wind,2040,2040,,,MW_e generator capacity,,,,246470.559049,NZD/MW-year,0.000000,NZD/MWh_e,1.000000,,,,,0.000000,,,,,,49.473503,0.000000,3600,57.954675,488.908917,MBIE EDGS 2024 assumptions workbook + explicit study assumptions in build_capacity_EDGS.py,,,,EDGS plant=Manawatū Wind (Meridian); status=Announced; capital_cost is the legacy annualised NZ generator value (investment + fixed O&M for flexible candidates; zero for sunk existing/fixed capacity); variable_O&M_NZD_per_MWh=0.000000; overnight_CAPEX_NZD_per_MW=2444544.584018.
wind_manawatu_whanganui_manawatu_wind_meridian,wind,2050,2050,,,MW_e generator capacity,,,,246470.559049,NZD/MW-year,0.000000,NZD/MWh_e,1.000000,,,,,0.000000,,,,,,49.473503,0.000000,3600,57.954675,488.908917,MBIE EDGS 2024 assumptions workbook + explicit study assumptions in build_capacity_EDGS.py,,,,EDGS plant=Manawatū Wind (Meridian); status=Announced; capital_cost is the legacy annualised NZ generator value (investment + fixed O&M for flexible candidates; zero for sunk existing/fixed capacity); variable_O&M_NZD_per_MWh=0.000000; overnight_CAPEX_NZD_per_MW=2444544.584018.
wind_manawatu_whanganui_mt_munro_wind_farm,wind,2025,2025,,,MW_e generator capacity,,,,250322.465856,NZD/MW-year,0.000000,NZD/MWh_e,1.000000,,,,,0.000000,,,,,,49.826885,0.000000,3600,25.891133,149.277475,MBIE EDGS 2024 assumptions workbook + explicit study assumptions in build_capacity_EDGS.py,,,,EDGS plant=Mt Munro wind farm; status=Applied for consent; capital_cost is the legacy annualised NZ generator value (investment + fixed O&M for flexible candidates; zero for sunk existing/fixed capacity); variable_O&M_NZD_per_MWh=0.000000; overnight_CAPEX_NZD_per_MW=2487957.920402.
wind_manawatu_whanganui_mt_munro_wind_farm,wind,2030,2030,,,MW_e generator capacity,,,,250322.465856,NZD/MW-year,0.000000,NZD/MWh_e,1.000000,,,,,0.000000,,,,,,49.826885,0.000000,3600,25.891133,149.277475,MBIE EDGS 2024 assumptions workbook + explicit study assumptions in build_capacity_EDGS.py,,,,EDGS plant=Mt Munro wind farm; status=Applied for consent; capital_cost is the legacy annualised NZ generator value (investment + fixed O&M for flexible candidates; zero for sunk existing/fixed capacity); variable_O&M_NZD_per_MWh=0.000000; overnight_CAPEX_NZD_per_MW=2487957.920402.
wind_manawatu_whanganui_mt_munro_wind_farm,wind,2040,2040,,,MW_e generator capacity,,,,250322.465856,NZD/MW-year,0.000000,NZD/MWh_e,1.000000,,,,,0.000000,,,,,,49.826885,0.000000,3600,25.891133,149.277475,MBIE EDGS 2024 assumptions workbook + explicit study assumptions in build_capacity_EDGS.py,,,,EDGS plant=Mt Munro wind farm; status=Applied for consent; capital_cost is the legacy annualised NZ generator value (investment + fixed O&M for flexible candidates; zero for sunk existing/fixed capacity); variable_O&M_NZD_per_MWh=0.000000; overnight_CAPEX_NZD_per_MW=2487957.920402.
wind_manawatu_whanganui_mt_munro_wind_farm,wind,2050,2050,,,MW_e generator capacity,,,,250322.465856,NZD/MW-year,0.000000,NZD/MWh_e,1.000000,,,,,0.000000,,,,,,49.826885,0.000000,3600,25.891133,149.277475,MBIE EDGS 2024 assumptions workbook + explicit study assumptions in build_capacity_EDGS.py,,,,EDGS plant=Mt Munro wind farm; status=Applied for consent; capital_cost is the legacy annualised NZ generator value (investment + fixed O&M for flexible candidates; zero for sunk existing/fixed capacity); variable_O&M_NZD_per_MWh=0.000000; overnight_CAPEX_NZD_per_MW=2487957.920402.
wind_manawatu_whanganui_ototoka_wind_farm,wind,2025,2025,,,MW_e generator capacity,,,,253996.127000,NZD/MW-year,0.000000,NZD/MWh_e,1.000000,,,,,0.000000,,,,,,49.237915,0.000000,3600,57.954675,381.127963,MBIE EDGS 2024 assumptions workbook + explicit study assumptions in build_capacity_EDGS.py,,,,EDGS plant=Ototoka Wind Farm; status=Announced; capital_cost is the legacy annualised NZ generator value (investment + fixed O&M for flexible candidates; zero for sunk existing/fixed capacity); variable_O&M_NZD_per_MWh=0.000000; overnight_CAPEX_NZD_per_MW=2540853.089186.
wind_manawatu_whanganui_ototoka_wind_farm,wind,2030,2030,,,MW_e generator capacity,,,,253996.127000,NZD/MW-year,0.000000,NZD/MWh_e,1.000000,,,,,0.000000,,,,,,49.237915,0.000000,3600,57.954675,381.127963,MBIE EDGS 2024 assumptions workbook + explicit study assumptions in build_capacity_EDGS.py,,,,EDGS plant=Ototoka Wind Farm; status=Announced; capital_cost is the legacy annualised NZ generator value (investment + fixed O&M for flexible candidates; zero for sunk existing/fixed capacity); variable_O&M_NZD_per_MWh=0.000000; overnight_CAPEX_NZD_per_MW=2540853.089186.
wind_manawatu_whanganui_ototoka_wind_farm,wind,2040,2040,,,MW_e generator capacity,,,,253996.127000,NZD/MW-year,0.000000,NZD/MWh_e,1.000000,,,,,0.000000,,,,,,49.237915,0.000000,3600,57.954675,381.127963,MBIE EDGS 2024 assumptions workbook + explicit study assumptions in build_capacity_EDGS.py,,,,EDGS plant=Ototoka Wind Farm; status=Announced; capital_cost is the legacy annualised NZ generator value (investment + fixed O&M for flexible candidates; zero for sunk existing/fixed capacity); variable_O&M_NZD_per_MWh=0.000000; overnight_CAPEX_NZD_per_MW=2540853.089186.
wind_manawatu_whanganui_ototoka_wind_farm,wind,2050,2050,,,MW_e generator capacity,,,,253996.127000,NZD/MW-year,0.000000,NZD/MWh_e,1.000000,,,,,0.000000,,,,,,49.237915,0.000000,3600,57.954675,381.127963,MBIE EDGS 2024 assumptions workbook + explicit study assumptions in build_capacity_EDGS.py,,,,EDGS plant=Ototoka Wind Farm; status=Announced; capital_cost is the legacy annualised NZ generator value (investment + fixed O&M for flexible candidates; zero for sunk existing/fixed capacity); variable_O&M_NZD_per_MWh=0.000000; overnight_CAPEX_NZD_per_MW=2540853.089186.
wind_manawatu_whanganui_pahiatua_wind_farm,wind,2025,2025,,,MW_e generator capacity,,,,284812.517381,NZD/MW-year,0.000000,NZD/MWh_e,1.000000,,,,,0.000000,,,,,,49.485282,0.000000,3600,37.953244,146.009268,MBIE EDGS 2024 assumptions workbook + explicit study assumptions in build_capacity_EDGS.py,,,,EDGS plant=Pahiatua Wind Farm; status=Announced; capital_cost is the legacy annualised NZ generator value (investment + fixed O&M for flexible candidates; zero for sunk existing/fixed capacity); variable_O&M_NZD_per_MWh=0.000000; overnight_CAPEX_NZD_per_MW=2920185.352882.
wind_manawatu_whanganui_pahiatua_wind_farm,wind,2030,2030,,,MW_e generator capacity,,,,284812.517381,NZD/MW-year,0.000000,NZD/MWh_e,1.000000,,,,,0.000000,,,,,,49.485282,0.000000,3600,37.953244,146.009268,MBIE EDGS 2024 assumptions workbook + explicit study assumptions in build_capacity_EDGS.py,,,,EDGS plant=Pahiatua Wind Farm; status=Announced; capital_cost is the legacy annualised NZ generator value (investment + fixed O&M for flexible candidates; zero for sunk existing/fixed capacity); variable_O&M_NZD_per_MWh=0.000000; overnight_CAPEX_NZD_per_MW=2920185.352882.
wind_manawatu_whanganui_pahiatua_wind_farm,wind,2040,2040,,,MW_e generator capacity,,,,284812.517381,NZD/MW-year,0.000000,NZD/MWh_e,1.000000,,,,,0.000000,,,,,,49.485282,0.000000,3600,37.953244,146.009268,MBIE EDGS 2024 assumptions workbook + explicit study assumptions in build_capacity_EDGS.py,,,,EDGS plant=Pahiatua Wind Farm; status=Announced; capital_cost is the legacy annualised NZ generator value (investment + fixed O&M for flexible candidates; zero for sunk existing/fixed capacity); variable_O&M_NZD_per_MWh=0.000000; overnight_CAPEX_NZD_per_MW=2920185.352882.
wind_manawatu_whanganui_pahiatua_wind_farm,wind,2050,2050,,,MW_e generator capacity,,,,284812.517381,NZD/MW-year,0.000000,NZD/MWh_e,1.000000,,,,,0.000000,,,,,,49.485282,0.000000,3600,37.953244,146.009268,MBIE EDGS 2024 assumptions workbook + explicit study assumptions in build_capacity_EDGS.py,,,,EDGS plant=Pahiatua Wind Farm; status=Announced; capital_cost is the legacy annualised NZ generator value (investment + fixed O&M for flexible candidates; zero for sunk existing/fixed capacity); variable_O&M_NZD_per_MWh=0.000000; overnight_CAPEX_NZD_per_MW=2920185.352882.
wind_manawatu_whanganui_project_huriwaka,wind,2025,2025,,,MW_e generator capacity,,,,255562.842042,NZD/MW-year,0.000000,NZD/MWh_e,1.000000,,,,,0.000000,,,,,,49.473503,0.000000,3600,42.429418,639.342775,MBIE EDGS 2024 assumptions workbook + explicit study assumptions in build_capacity_EDGS.py,,,,EDGS plant=Project Huriwaka; status=Applied for consent; capital_cost is the legacy annualised NZ generator value (investment + fixed O&M for flexible candidates; zero for sunk existing/fixed capacity); variable_O&M_NZD_per_MWh=0.000000; overnight_CAPEX_NZD_per_MW=2557371.098124.
wind_manawatu_whanganui_project_huriwaka,wind,2030,2030,,,MW_e generator capacity,,,,255562.842042,NZD/MW-year,0.000000,NZD/MWh_e,1.000000,,,,,0.000000,,,,,,49.473503,0.000000,3600,42.429418,639.342775,MBIE EDGS 2024 assumptions workbook + explicit study assumptions in build_capacity_EDGS.py,,,,EDGS plant=Project Huriwaka; status=Applied for consent; capital_cost is the legacy annualised NZ generator value (investment + fixed O&M for flexible candidates; zero for sunk existing/fixed capacity); variable_O&M_NZD_per_MWh=0.000000; overnight_CAPEX_NZD_per_MW=2557371.098124.
wind_manawatu_whanganui_project_huriwaka,wind,2040,2040,,,MW_e generator capacity,,,,255562.842042,NZD/MW-year,0.000000,NZD/MWh_e,1.000000,,,,,0.000000,,,,,,49.473503,0.000000,3600,42.429418,639.342775,MBIE EDGS 2024 assumptions workbook + explicit study assumptions in build_capacity_EDGS.py,,,,EDGS plant=Project Huriwaka; status=Applied for consent; capital_cost is the legacy annualised NZ generator value (investment + fixed O&M for flexible candidates; zero for sunk existing/fixed capacity); variable_O&M_NZD_per_MWh=0.000000; overnight_CAPEX_NZD_per_MW=2557371.098124.
wind_manawatu_whanganui_project_huriwaka,wind,2050,2050,,,MW_e generator capacity,,,,255562.842042,NZD/MW-year,0.000000,NZD/MWh_e,1.000000,,,,,0.000000,,,,,,49.473503,0.000000,3600,42.429418,639.342775,MBIE EDGS 2024 assumptions workbook + explicit study assumptions in build_capacity_EDGS.py,,,,EDGS plant=Project Huriwaka; status=Applied for consent; capital_cost is the legacy annualised NZ generator value (investment + fixed O&M for flexible candidates; zero for sunk existing/fixed capacity); variable_O&M_NZD_per_MWh=0.000000; overnight_CAPEX_NZD_per_MW=2557371.098124.
wind_manawatu_whanganui_puketoi_wind_farm,wind,2025,2025,,,MW_e generator capacity,,,,268918.798343,NZD/MW-year,0.000000,NZD/MWh_e,1.000000,,,,,0.000000,,,,,,51.417105,0.000000,3600,147.560612,615.369144,MBIE EDGS 2024 assumptions workbook + explicit study assumptions in build_capacity_EDGS.py,,,,EDGS plant=Puketoi wind farm; status=Fully consented; capital_cost is the legacy annualised NZ generator value (investment + fixed O&M for flexible candidates; zero for sunk existing/fixed capacity); variable_O&M_NZD_per_MWh=0.000000; overnight_CAPEX_NZD_per_MW=2698987.473941.
wind_manawatu_whanganui_puketoi_wind_farm,wind,2030,2030,,,MW_e generator capacity,,,,268918.798343,NZD/MW-year,0.000000,NZD/MWh_e,1.000000,,,,,0.000000,,,,,,51.417105,0.000000,3600,147.560612,615.369144,MBIE EDGS 2024 assumptions workbook + explicit study assumptions in build_capacity_EDGS.py,,,,EDGS plant=Puketoi wind farm; status=Fully consented; capital_cost is the legacy annualised NZ generator value (investment + fixed O&M for flexible candidates; zero for sunk existing/fixed capacity); variable_O&M_NZD_per_MWh=0.000000; overnight_CAPEX_NZD_per_MW=2698987.473941.
wind_manawatu_whanganui_puketoi_wind_farm,wind,2040,2040,,,MW_e generator capacity,,,,268918.798343,NZD/MW-year,0.000000,NZD/MWh_e,1.000000,,,,,0.000000,,,,,,51.417105,0.000000,3600,147.560612,615.369144,MBIE EDGS 2024 assumptions workbook + explicit study assumptions in build_capacity_EDGS.py,,,,EDGS plant=Puketoi wind farm; status=Fully consented; capital_cost is the legacy annualised NZ generator value (investment + fixed O&M for flexible candidates; zero for sunk existing/fixed capacity); variable_O&M_NZD_per_MWh=0.000000; overnight_CAPEX_NZD_per_MW=2698987.473941.
wind_manawatu_whanganui_puketoi_wind_farm,wind,2050,2050,,,MW_e generator capacity,,,,268918.798343,NZD/MW-year,0.000000,NZD/MWh_e,1.000000,,,,,0.000000,,,,,,51.417105,0.000000,3600,147.560612,615.369144,MBIE EDGS 2024 assumptions workbook + explicit study assumptions in build_capacity_EDGS.py,,,,EDGS plant=Puketoi wind farm; status=Fully consented; capital_cost is the legacy annualised NZ generator value (investment + fixed O&M for flexible candidates; zero for sunk existing/fixed capacity); variable_O&M_NZD_per_MWh=0.000000; overnight_CAPEX_NZD_per_MW=2698987.473941.
wind_manawatu_whanganui_tararua_stage_1_and_2,wind,2025,2025,,,MW_e generator capacity,,,,0.000000,NZD/MW-year,0.000000,NZD/MWh_e,1.000000,,,,,0.000000,,,,,,49.473503,0.000000,3600,,,MBIE EDGS 2024 assumptions workbook + explicit study assumptions in build_capacity_EDGS.py,,,,EDGS plant=Tararua Stage 1 & 2; status=Current; capital_cost is the legacy annualised NZ generator value (investment + fixed O&M for flexible candidates; zero for sunk existing/fixed capacity); variable_O&M_NZD_per_MWh=0.000000.
wind_manawatu_whanganui_tararua_stage_1_and_2,wind,2030,2030,,,MW_e generator capacity,,,,0.000000,NZD/MW-year,0.000000,NZD/MWh_e,1.000000,,,,,0.000000,,,,,,49.473503,0.000000,3600,,,MBIE EDGS 2024 assumptions workbook + explicit study assumptions in build_capacity_EDGS.py,,,,EDGS plant=Tararua Stage 1 & 2; status=Current; capital_cost is the legacy annualised NZ generator value (investment + fixed O&M for flexible candidates; zero for sunk existing/fixed capacity); variable_O&M_NZD_per_MWh=0.000000.
wind_manawatu_whanganui_tararua_stage_1_and_2,wind,2040,2040,,,MW_e generator capacity,,,,0.000000,NZD/MW-year,0.000000,NZD/MWh_e,1.000000,,,,,0.000000,,,,,,49.473503,0.000000,3600,,,MBIE EDGS 2024 assumptions workbook + explicit study assumptions in build_capacity_EDGS.py,,,,EDGS plant=Tararua Stage 1 & 2; status=Current; capital_cost is the legacy annualised NZ generator value (investment + fixed O&M for flexible candidates; zero for sunk existing/fixed capacity); variable_O&M_NZD_per_MWh=0.000000.
wind_manawatu_whanganui_tararua_stage_1_and_2,wind,2050,2050,,,MW_e generator capacity,,,,0.000000,NZD/MW-year,0.000000,NZD/MWh_e,1.000000,,,,,0.000000,,,,,,49.473503,0.000000,3600,,,MBIE EDGS 2024 assumptions workbook + explicit study assumptions in build_capacity_EDGS.py,,,,EDGS plant=Tararua Stage 1 & 2; status=Current; capital_cost is the legacy annualised NZ generator value (investment + fixed O&M for flexible candidates; zero for sunk existing/fixed capacity); variable_O&M_NZD_per_MWh=0.000000.
wind_manawatu_whanganui_tararua_stage_3,wind,2025,2025,,,MW_e generator capacity,,,,0.000000,NZD/MW-year,0.000000,NZD/MWh_e,1.000000,,,,,0.000000,,,,,,49.473503,0.000000,3600,,,MBIE EDGS 2024 assumptions workbook + explicit study assumptions in build_capacity_EDGS.py,,,,EDGS plant=Tararua Stage 3; status=Current; capital_cost is the legacy annualised NZ generator value (investment + fixed O&M for flexible candidates; zero for sunk existing/fixed capacity); variable_O&M_NZD_per_MWh=0.000000.
wind_manawatu_whanganui_tararua_stage_3,wind,2030,2030,,,MW_e generator capacity,,,,0.000000,NZD/MW-year,0.000000,NZD/MWh_e,1.000000,,,,,0.000000,,,,,,49.473503,0.000000,3600,,,MBIE EDGS 2024 assumptions workbook + explicit study assumptions in build_capacity_EDGS.py,,,,EDGS plant=Tararua Stage 3; status=Current; capital_cost is the legacy annualised NZ generator value (investment + fixed O&M for flexible candidates; zero for sunk existing/fixed capacity); variable_O&M_NZD_per_MWh=0.000000.
wind_manawatu_whanganui_tararua_stage_3,wind,2040,2040,,,MW_e generator capacity,,,,0.000000,NZD/MW-year,0.000000,NZD/MWh_e,1.000000,,,,,0.000000,,,,,,49.473503,0.000000,3600,,,MBIE EDGS 2024 assumptions workbook + explicit study assumptions in build_capacity_EDGS.py,,,,EDGS plant=Tararua Stage 3; status=Current; capital_cost is the legacy annualised NZ generator value (investment + fixed O&M for flexible candidates; zero for sunk existing/fixed capacity); variable_O&M_NZD_per_MWh=0.000000.
wind_manawatu_whanganui_tararua_stage_3,wind,2050,2050,,,MW_e generator capacity,,,,0.000000,NZD/MW-year,0.000000,NZD/MWh_e,1.000000,,,,,0.000000,,,,,,49.473503,0.000000,3600,,,MBIE EDGS 2024 assumptions workbook + explicit study assumptions in build_capacity_EDGS.py,,,,EDGS plant=Tararua Stage 3; status=Current; capital_cost is the legacy annualised NZ generator value (investment + fixed O&M for flexible candidates; zero for sunk existing/fixed capacity); variable_O&M_NZD_per_MWh=0.000000.
wind_manawatu_whanganui_te_rere_hau,wind,2025,2025,,,MW_e generator capacity,,,,0.000000,NZD/MW-year,0.000000,NZD/MWh_e,1.000000,,,,,0.000000,,,,,,49.473503,0.000000,3600,,,MBIE EDGS 2024 assumptions workbook + explicit study assumptions in build_capacity_EDGS.py,,,,EDGS plant=Te Rere Hau; status=Current; capital_cost is the legacy annualised NZ generator value (investment + fixed O&M for flexible candidates; zero for sunk existing/fixed capacity); variable_O&M_NZD_per_MWh=0.000000.
wind_manawatu_whanganui_te_rere_hau,wind,2030,2030,,,MW_e generator capacity,,,,0.000000,NZD/MW-year,0.000000,NZD/MWh_e,1.000000,,,,,0.000000,,,,,,49.473503,0.000000,3600,,,MBIE EDGS 2024 assumptions workbook + explicit study assumptions in build_capacity_EDGS.py,,,,EDGS plant=Te Rere Hau; status=Current; capital_cost is the legacy annualised NZ generator value (investment + fixed O&M for flexible candidates; zero for sunk existing/fixed capacity); variable_O&M_NZD_per_MWh=0.000000.
wind_manawatu_whanganui_te_rere_hau,wind,2040,2040,,,MW_e generator capacity,,,,0.000000,NZD/MW-year,0.000000,NZD/MWh_e,1.000000,,,,,0.000000,,,,,,49.473503,0.000000,3600,,,MBIE EDGS 2024 assumptions workbook + explicit study assumptions in build_capacity_EDGS.py,,,,EDGS plant=Te Rere Hau; status=Current; capital_cost is the legacy annualised NZ generator value (investment + fixed O&M for flexible candidates; zero for sunk existing/fixed capacity); variable_O&M_NZD_per_MWh=0.000000.
wind_manawatu_whanganui_te_rere_hau,wind,2050,2050,,,MW_e generator capacity,,,,0.000000,NZD/MW-year,0.000000,NZD/MWh_e,1.000000,,,,,0.000000,,,,,,49.473503,0.000000,3600,,,MBIE EDGS 2024 assumptions workbook + explicit study assumptions in build_capacity_EDGS.py,,,,EDGS plant=Te Rere Hau; status=Current; capital_cost is the legacy annualised NZ generator value (investment + fixed O&M for flexible candidates; zero for sunk existing/fixed capacity); variable_O&M_NZD_per_MWh=0.000000.
wind_manawatu_whanganui_te_rere_hau_expansion,wind,2025,2025,,,MW_e generator capacity,,,,257411.837879,NZD/MW-year,0.000000,NZD/MWh_e,1.000000,,,,,0.000000,,,,,,49.473503,0.000000,3600,0.000000,98.051984,MBIE EDGS 2024 assumptions workbook + explicit study assumptions in build_capacity_EDGS.py,,,,EDGS plant=Te Rere Hau (Expansion); status=Applied for consent; capital_cost is the legacy annualised NZ generator value (investment + fixed O&M for flexible candidates; zero for sunk existing/fixed capacity); variable_O&M_NZD_per_MWh=0.000000; overnight_CAPEX_NZD_per_MW=2580315.363619.
wind_manawatu_whanganui_te_rere_hau_expansion,wind,2030,2030,,,MW_e generator capacity,,,,257411.837879,NZD/MW-year,0.000000,NZD/MWh_e,1.000000,,,,,0.000000,,,,,,49.473503,0.000000,3600,0.000000,98.051984,MBIE EDGS 2024 assumptions workbook + explicit study assumptions in build_capacity_EDGS.py,,,,EDGS plant=Te Rere Hau (Expansion); status=Applied for consent; capital_cost is the legacy annualised NZ generator value (investment + fixed O&M for flexible candidates; zero for sunk existing/fixed capacity); variable_O&M_NZD_per_MWh=0.000000; overnight_CAPEX_NZD_per_MW=2580315.363619.
wind_manawatu_whanganui_te_rere_hau_expansion,wind,2040,2040,,,MW_e generator capacity,,,,257411.837879,NZD/MW-year,0.000000,NZD/MWh_e,1.000000,,,,,0.000000,,,,,,49.473503,0.000000,3600,0.000000,98.051984,MBIE EDGS 2024 assumptions workbook + explicit study assumptions in build_capacity_EDGS.py,,,,EDGS plant=Te Rere Hau (Expansion); status=Applied for consent; capital_cost is the legacy annualised NZ generator value (investment + fixed O&M for flexible candidates; zero for sunk existing/fixed capacity); variable_O&M_NZD_per_MWh=0.000000; overnight_CAPEX_NZD_per_MW=2580315.363619.
wind_manawatu_whanganui_te_rere_hau_expansion,wind,2050,2050,,,MW_e generator capacity,,,,257411.837879,NZD/MW-year,0.000000,NZD/MWh_e,1.000000,,,,,0.000000,,,,,,49.473503,0.000000,3600,0.000000,98.051984,MBIE EDGS 2024 assumptions workbook + explicit study assumptions in build_capacity_EDGS.py,,,,EDGS plant=Te Rere Hau (Expansion); status=Applied for consent; capital_cost is the legacy annualised NZ generator value (investment + fixed O&M for flexible candidates; zero for sunk existing/fixed capacity); variable_O&M_NZD_per_MWh=0.000000; overnight_CAPEX_NZD_per_MW=2580315.363619.
wind_manawatu_whanganui_te_rere_hau_repower,wind,2025,2025,,,MW_e generator capacity,,,,462328.975394,NZD/MW-year,0.000000,NZD/MWh_e,1.000000,,,,,0.000000,,,,,,49.473503,0.000000,3600,23.050000,637.831000,MBIE EDGS 2024 assumptions workbook + explicit study assumptions in build_capacity_EDGS.py,,,,EDGS plant=Te Rere Hau (Repower); status=Fully consented; capital_cost is the legacy annualised NZ generator value (investment + fixed O&M for flexible candidates; zero for sunk existing/fixed capacity); variable_O&M_NZD_per_MWh=0.000000; overnight_CAPEX_NZD_per_MW=5123140.562249.
wind_manawatu_whanganui_te_rere_hau_repower,wind,2030,2030,,,MW_e generator capacity,,,,462328.975394,NZD/MW-year,0.000000,NZD/MWh_e,1.000000,,,,,0.000000,,,,,,49.473503,0.000000,3600,23.050000,637.831000,MBIE EDGS 2024 assumptions workbook + explicit study assumptions in build_capacity_EDGS.py,,,,EDGS plant=Te Rere Hau (Repower); status=Fully consented; capital_cost is the legacy annualised NZ generator value (investment + fixed O&M for flexible candidates; zero for sunk existing/fixed capacity); variable_O&M_NZD_per_MWh=0.000000; overnight_CAPEX_NZD_per_MW=5123140.562249.
wind_manawatu_whanganui_te_rere_hau_repower,wind,2040,2040,,,MW_e generator capacity,,,,462328.975394,NZD/MW-year,0.000000,NZD/MWh_e,1.000000,,,,,0.000000,,,,,,49.473503,0.000000,3600,23.050000,637.831000,MBIE EDGS 2024 assumptions workbook + explicit study assumptions in build_capacity_EDGS.py,,,,EDGS plant=Te Rere Hau (Repower); status=Fully consented; capital_cost is the legacy annualised NZ generator value (investment + fixed O&M for flexible candidates; zero for sunk existing/fixed capacity); variable_O&M_NZD_per_MWh=0.000000; overnight_CAPEX_NZD_per_MW=5123140.562249.
wind_manawatu_whanganui_te_rere_hau_repower,wind,2050,2050,,,MW_e generator capacity,,,,462328.975394,NZD/MW-year,0.000000,NZD/MWh_e,1.000000,,,,,0.000000,,,,,,49.473503,0.000000,3600,23.050000,637.831000,MBIE EDGS 2024 assumptions workbook + explicit study assumptions in build_capacity_EDGS.py,,,,EDGS plant=Te Rere Hau (Repower); status=Fully consented; capital_cost is the legacy annualised NZ generator value (investment + fixed O&M for flexible candidates; zero for sunk existing/fixed capacity); variable_O&M_NZD_per_MWh=0.000000; overnight_CAPEX_NZD_per_MW=5123140.562249.
wind_manawatu_whanganui_te_apiti,wind,2025,2025,,,MW_e generator capacity,,,,0.000000,NZD/MW-year,0.000000,NZD/MWh_e,1.000000,,,,,0.000000,,,,,,49.473503,0.000000,3600,,,MBIE EDGS 2024 assumptions workbook + explicit study assumptions in build_capacity_EDGS.py,,,,EDGS plant=Te Āpiti; status=Current; capital_cost is the legacy annualised NZ generator value (investment + fixed O&M for flexible candidates; zero for sunk existing/fixed capacity); variable_O&M_NZD_per_MWh=0.000000.
wind_manawatu_whanganui_te_apiti,wind,2030,2030,,,MW_e generator capacity,,,,0.000000,NZD/MW-year,0.000000,NZD/MWh_e,1.000000,,,,,0.000000,,,,,,49.473503,0.000000,3600,,,MBIE EDGS 2024 assumptions workbook + explicit study assumptions in build_capacity_EDGS.py,,,,EDGS plant=Te Āpiti; status=Current; capital_cost is the legacy annualised NZ generator value (investment + fixed O&M for flexible candidates; zero for sunk existing/fixed capacity); variable_O&M_NZD_per_MWh=0.000000.
wind_manawatu_whanganui_te_apiti,wind,2040,2040,,,MW_e generator capacity,,,,0.000000,NZD/MW-year,0.000000,NZD/MWh_e,1.000000,,,,,0.000000,,,,,,49.473503,0.000000,3600,,,MBIE EDGS 2024 assumptions workbook + explicit study assumptions in build_capacity_EDGS.py,,,,EDGS plant=Te Āpiti; status=Current; capital_cost is the legacy annualised NZ generator value (investment + fixed O&M for flexible candidates; zero for sunk existing/fixed capacity); variable_O&M_NZD_per_MWh=0.000000.
wind_manawatu_whanganui_te_apiti,wind,2050,2050,,,MW_e generator capacity,,,,0.000000,NZD/MW-year,0.000000,NZD/MWh_e,1.000000,,,,,0.000000,,,,,,49.473503,0.000000,3600,,,MBIE EDGS 2024 assumptions workbook + explicit study assumptions in build_capacity_EDGS.py,,,,EDGS plant=Te Āpiti; status=Current; capital_cost is the legacy annualised NZ generator value (investment + fixed O&M for flexible candidates; zero for sunk existing/fixed capacity); variable_O&M_NZD_per_MWh=0.000000.
wind_manawatu_whanganui_turitea_north,wind,2025,2025,,,MW_e generator capacity,,,,0.000000,NZD/MW-year,0.000000,NZD/MWh_e,1.000000,,,,,0.000000,,,,,,54.161706,0.000000,3600,,,MBIE EDGS 2024 assumptions workbook + explicit study assumptions in build_capacity_EDGS.py,,,,EDGS plant=Turitea North; status=Current; capital_cost is the legacy annualised NZ generator value (investment + fixed O&M for flexible candidates; zero for sunk existing/fixed capacity); variable_O&M_NZD_per_MWh=0.000000.
wind_manawatu_whanganui_turitea_north,wind,2030,2030,,,MW_e generator capacity,,,,0.000000,NZD/MW-year,0.000000,NZD/MWh_e,1.000000,,,,,0.000000,,,,,,54.161706,0.000000,3600,,,MBIE EDGS 2024 assumptions workbook + explicit study assumptions in build_capacity_EDGS.py,,,,EDGS plant=Turitea North; status=Current; capital_cost is the legacy annualised NZ generator value (investment + fixed O&M for flexible candidates; zero for sunk existing/fixed capacity); variable_O&M_NZD_per_MWh=0.000000.
wind_manawatu_whanganui_turitea_north,wind,2040,2040,,,MW_e generator capacity,,,,0.000000,NZD/MW-year,0.000000,NZD/MWh_e,1.000000,,,,,0.000000,,,,,,54.161706,0.000000,3600,,,MBIE EDGS 2024 assumptions workbook + explicit study assumptions in build_capacity_EDGS.py,,,,EDGS plant=Turitea North; status=Current; capital_cost is the legacy annualised NZ generator value (investment + fixed O&M for flexible candidates; zero for sunk existing/fixed capacity); variable_O&M_NZD_per_MWh=0.000000.
wind_manawatu_whanganui_turitea_north,wind,2050,2050,,,MW_e generator capacity,,,,0.000000,NZD/MW-year,0.000000,NZD/MWh_e,1.000000,,,,,0.000000,,,,,,54.161706,0.000000,3600,,,MBIE EDGS 2024 assumptions workbook + explicit study assumptions in build_capacity_EDGS.py,,,,EDGS plant=Turitea North; status=Current; capital_cost is the legacy annualised NZ generator value (investment + fixed O&M for flexible candidates; zero for sunk existing/fixed capacity); variable_O&M_NZD_per_MWh=0.000000.
wind_manawatu_whanganui_turitea_south,wind,2025,2025,,,MW_e generator capacity,,,,0.000000,NZD/MW-year,0.000000,NZD/MWh_e,1.000000,,,,,0.000000,,,,,,54.161706,0.000000,3600,,,MBIE EDGS 2024 assumptions workbook + explicit study assumptions in build_capacity_EDGS.py,,,,EDGS plant=Turitea South; status=Current; capital_cost is the legacy annualised NZ generator value (investment + fixed O&M for flexible candidates; zero for sunk existing/fixed capacity); variable_O&M_NZD_per_MWh=0.000000.
wind_manawatu_whanganui_turitea_south,wind,2030,2030,,,MW_e generator capacity,,,,0.000000,NZD/MW-year,0.000000,NZD/MWh_e,1.000000,,,,,0.000000,,,,,,54.161706,0.000000,3600,,,MBIE EDGS 2024 assumptions workbook + explicit study assumptions in build_capacity_EDGS.py,,,,EDGS plant=Turitea South; status=Current; capital_cost is the legacy annualised NZ generator value (investment + fixed O&M for flexible candidates; zero for sunk existing/fixed capacity); variable_O&M_NZD_per_MWh=0.000000.
wind_manawatu_whanganui_turitea_south,wind,2040,2040,,,MW_e generator capacity,,,,0.000000,NZD/MW-year,0.000000,NZD/MWh_e,1.000000,,,,,0.000000,,,,,,54.161706,0.000000,3600,,,MBIE EDGS 2024 assumptions workbook + explicit study assumptions in build_capacity_EDGS.py,,,,EDGS plant=Turitea South; status=Current; capital_cost is the legacy annualised NZ generator value (investment + fixed O&M for flexible candidates; zero for sunk existing/fixed capacity); variable_O&M_NZD_per_MWh=0.000000.
wind_manawatu_whanganui_turitea_south,wind,2050,2050,,,MW_e generator capacity,,,,0.000000,NZD/MW-year,0.000000,NZD/MWh_e,1.000000,,,,,0.000000,,,,,,54.161706,0.000000,3600,,,MBIE EDGS 2024 assumptions workbook + explicit study assumptions in build_capacity_EDGS.py,,,,EDGS plant=Turitea South; status=Current; capital_cost is the legacy annualised NZ generator value (investment + fixed O&M for flexible candidates; zero for sunk existing/fixed capacity); variable_O&M_NZD_per_MWh=0.000000.
hydro_run_of_river_marlborough_wairau_hydro_expansion,hydro_run_of_river,2025,2025,,,MW_e generator capacity,,,,460780.987028,NZD/MW-year,0.000000,NZD/MWh_e,1.000000,,,,,0.000000,,,,,,74.317368,0.000000,3600,13.881733,395.732714,MBIE EDGS 2024 assumptions workbook + explicit study assumptions in build_capacity_EDGS.py,,,,EDGS plant=Wairau Hydro Expansion; status=Potential; capital_cost is the legacy annualised NZ generator value (investment + fixed O&M for flexible candidates; zero for sunk existing/fixed capacity); variable_O&M_NZD_per_MWh=0.000000; overnight_CAPEX_NZD_per_MW=5496287.695504.
hydro_run_of_river_marlborough_wairau_hydro_expansion,hydro_run_of_river,2030,2030,,,MW_e generator capacity,,,,460780.987028,NZD/MW-year,0.000000,NZD/MWh_e,1.000000,,,,,0.000000,,,,,,74.317368,0.000000,3600,13.881733,395.732714,MBIE EDGS 2024 assumptions workbook + explicit study assumptions in build_capacity_EDGS.py,,,,EDGS plant=Wairau Hydro Expansion; status=Potential; capital_cost is the legacy annualised NZ generator value (investment + fixed O&M for flexible candidates; zero for sunk existing/fixed capacity); variable_O&M_NZD_per_MWh=0.000000; overnight_CAPEX_NZD_per_MW=5496287.695504.
hydro_run_of_river_marlborough_wairau_hydro_expansion,hydro_run_of_river,2040,2040,,,MW_e generator capacity,,,,460780.987028,NZD/MW-year,0.000000,NZD/MWh_e,1.000000,,,,,0.000000,,,,,,74.317368,0.000000,3600,13.881733,395.732714,MBIE EDGS 2024 assumptions workbook + explicit study assumptions in build_capacity_EDGS.py,,,,EDGS plant=Wairau Hydro Expansion; status=Potential; capital_cost is the legacy annualised NZ generator value (investment + fixed O&M for flexible candidates; zero for sunk existing/fixed capacity); variable_O&M_NZD_per_MWh=0.000000; overnight_CAPEX_NZD_per_MW=5496287.695504.
hydro_run_of_river_marlborough_wairau_hydro_expansion,hydro_run_of_river,2050,2050,,,MW_e generator capacity,,,,460780.987028,NZD/MW-year,0.000000,NZD/MWh_e,1.000000,,,,,0.000000,,,,,,74.317368,0.000000,3600,13.881733,395.732714,MBIE EDGS 2024 assumptions workbook + explicit study assumptions in build_capacity_EDGS.py,,,,EDGS plant=Wairau Hydro Expansion; status=Potential; capital_cost is the legacy annualised NZ generator value (investment + fixed O&M for flexible candidates; zero for sunk existing/fixed capacity); variable_O&M_NZD_per_MWh=0.000000; overnight_CAPEX_NZD_per_MW=5496287.695504.
solar_marlborough_argyle_solar_farm_northern_area,solar,2025,2025,,,MW_e generator capacity,,,,227419.618968,NZD/MW-year,0.000000,NZD/MWh_e,1.000000,,,,,0.000000,,,,,,23.558811,0.000000,3600,17.280000,93.599535,MBIE EDGS 2024 assumptions workbook + explicit study assumptions in build_capacity_EDGS.py,,,,EDGS plant=Argyle Solar Farm - Northern Area; status=Applied for consent; capital_cost is the legacy annualised NZ generator value (investment + fixed O&M for flexible candidates; zero for sunk existing/fixed capacity); variable_O&M_NZD_per_MWh=0.000000; overnight_CAPEX_NZD_per_MW=2529717.163549.
solar_marlborough_argyle_solar_farm_northern_area,solar,2030,2030,,,MW_e generator capacity,,,,227419.618968,NZD/MW-year,0.000000,NZD/MWh_e,1.000000,,,,,0.000000,,,,,,23.558811,0.000000,3600,17.280000,93.599535,MBIE EDGS 2024 assumptions workbook + explicit study assumptions in build_capacity_EDGS.py,,,,EDGS plant=Argyle Solar Farm - Northern Area; status=Applied for consent; capital_cost is the legacy annualised NZ generator value (investment + fixed O&M for flexible candidates; zero for sunk existing/fixed capacity); variable_O&M_NZD_per_MWh=0.000000; overnight_CAPEX_NZD_per_MW=2529717.163549.
solar_marlborough_argyle_solar_farm_northern_area,solar,2040,2040,,,MW_e generator capacity,,,,227419.618968,NZD/MW-year,0.000000,NZD/MWh_e,1.000000,,,,,0.000000,,,,,,23.558811,0.000000,3600,17.280000,93.599535,MBIE EDGS 2024 assumptions workbook + explicit study assumptions in build_capacity_EDGS.py,,,,EDGS plant=Argyle Solar Farm - Northern Area; status=Applied for consent; capital_cost is the legacy annualised NZ generator value (investment + fixed O&M for flexible candidates; zero for sunk existing/fixed capacity); variable_O&M_NZD_per_MWh=0.000000; overnight_CAPEX_NZD_per_MW=2529717.163549.
solar_marlborough_argyle_solar_farm_northern_area,solar,2050,2050,,,MW_e generator capacity,,,,227419.618968,NZD/MW-year,0.000000,NZD/MWh_e,1.000000,,,,,0.000000,,,,,,23.558811,0.000000,3600,17.280000,93.599535,MBIE EDGS 2024 assumptions workbook + explicit study assumptions in build_capacity_EDGS.py,,,,EDGS plant=Argyle Solar Farm - Northern Area; status=Applied for consent; capital_cost is the legacy annualised NZ generator value (investment + fixed O&M for flexible candidates; zero for sunk existing/fixed capacity); variable_O&M_NZD_per_MWh=0.000000; overnight_CAPEX_NZD_per_MW=2529717.163549.
solar_marlborough_argyle_solar_farm,solar,2025,2025,,,MW_e generator capacity,,,,239409.153062,NZD/MW-year,0.000000,NZD/MWh_e,1.000000,,,,,0.000000,,,,,,20.444943,0.000000,3600,17.280000,76.079805,MBIE EDGS 2024 assumptions workbook + explicit study assumptions in build_capacity_EDGS.py,,,,EDGS plant=Argyle solar farm; status=Fully consented; capital_cost is the legacy annualised NZ generator value (investment + fixed O&M for flexible candidates; zero for sunk existing/fixed capacity); variable_O&M_NZD_per_MWh=0.000000; overnight_CAPEX_NZD_per_MW=2717135.900621.
solar_marlborough_argyle_solar_farm,solar,2030,2030,,,MW_e generator capacity,,,,239409.153062,NZD/MW-year,0.000000,NZD/MWh_e,1.000000,,,,,0.000000,,,,,,20.444943,0.000000,3600,17.280000,76.079805,MBIE EDGS 2024 assumptions workbook + explicit study assumptions in build_capacity_EDGS.py,,,,EDGS plant=Argyle solar farm; status=Fully consented; capital_cost is the legacy annualised NZ generator value (investment + fixed O&M for flexible candidates; zero for sunk existing/fixed capacity); variable_O&M_NZD_per_MWh=0.000000; overnight_CAPEX_NZD_per_MW=2717135.900621.
solar_marlborough_argyle_solar_farm,solar,2040,2040,,,MW_e generator capacity,,,,239409.153062,NZD/MW-year,0.000000,NZD/MWh_e,1.000000,,,,,0.000000,,,,,,20.444943,0.000000,3600,17.280000,76.079805,MBIE EDGS 2024 assumptions workbook + explicit study assumptions in build_capacity_EDGS.py,,,,EDGS plant=Argyle solar farm; status=Fully consented; capital_cost is the legacy annualised NZ generator value (investment + fixed O&M for flexible candidates; zero for sunk existing/fixed capacity); variable_O&M_NZD_per_MWh=0.000000; overnight_CAPEX_NZD_per_MW=2717135.900621.
solar_marlborough_argyle_solar_farm,solar,2050,2050,,,MW_e generator capacity,,,,239409.153062,NZD/MW-year,0.000000,NZD/MWh_e,1.000000,,,,,0.000000,,,,,,20.444943,0.000000,3600,17.280000,76.079805,MBIE EDGS 2024 assumptions workbook + explicit study assumptions in build_capacity_EDGS.py,,,,EDGS plant=Argyle solar farm; status=Fully consented; capital_cost is the legacy annualised NZ generator value (investment + fixed O&M for flexible candidates; zero for sunk existing/fixed capacity); variable_O&M_NZD_per_MWh=0.000000; overnight_CAPEX_NZD_per_MW=2717135.900621.
wind_marlborough_generic_wind_no_21,wind,2025,2025,,,MW_e generator capacity,,,,235674.026955,NZD/MW-year,0.000000,NZD/MWh_e,1.000000,,,,,0.000000,,,,,,48.790297,0.000000,3600,11.508479,115.952395,MBIE EDGS 2024 assumptions workbook + explicit study assumptions in build_capacity_EDGS.py,,,,EDGS plant=Generic Wind No. 21; status=Generic; capital_cost is the legacy annualised NZ generator value (investment + fixed O&M for flexible candidates; zero for sunk existing/fixed capacity); variable_O&M_NZD_per_MWh=0.000000; overnight_CAPEX_NZD_per_MW=2319047.897992.
wind_marlborough_generic_wind_no_21,wind,2030,2030,,,MW_e generator capacity,,,,235674.026955,NZD/MW-year,0.000000,NZD/MWh_e,1.000000,,,,,0.000000,,,,,,48.790297,0.000000,3600,11.508479,115.952395,MBIE EDGS 2024 assumptions workbook + explicit study assumptions in build_capacity_EDGS.py,,,,EDGS plant=Generic Wind No. 21; status=Generic; capital_cost is the legacy annualised NZ generator value (investment + fixed O&M for flexible candidates; zero for sunk existing/fixed capacity); variable_O&M_NZD_per_MWh=0.000000; overnight_CAPEX_NZD_per_MW=2319047.897992.
wind_marlborough_generic_wind_no_21,wind,2040,2040,,,MW_e generator capacity,,,,235674.026955,NZD/MW-year,0.000000,NZD/MWh_e,1.000000,,,,,0.000000,,,,,,48.790297,0.000000,3600,11.508479,115.952395,MBIE EDGS 2024 assumptions workbook + explicit study assumptions in build_capacity_EDGS.py,,,,EDGS plant=Generic Wind No. 21; status=Generic; capital_cost is the legacy annualised NZ generator value (investment + fixed O&M for flexible candidates; zero for sunk existing/fixed capacity); variable_O&M_NZD_per_MWh=0.000000; overnight_CAPEX_NZD_per_MW=2319047.897992.
wind_marlborough_generic_wind_no_21,wind,2050,2050,,,MW_e generator capacity,,,,235674.026955,NZD/MW-year,0.000000,NZD/MWh_e,1.000000,,,,,0.000000,,,,,,48.790297,0.000000,3600,11.508479,115.952395,MBIE EDGS 2024 assumptions workbook + explicit study assumptions in build_capacity_EDGS.py,,,,EDGS plant=Generic Wind No. 21; status=Generic; capital_cost is the legacy annualised NZ generator value (investment + fixed O&M for flexible candidates; zero for sunk existing/fixed capacity); variable_O&M_NZD_per_MWh=0.000000; overnight_CAPEX_NZD_per_MW=2319047.897992.
wind_marlborough_generic_wind_no_51,wind,2025,2025,,,MW_e generator capacity,,,,261402.773479,NZD/MW-year,0.000000,NZD/MWh_e,1.000000,,,,,0.000000,,,,,,50.215605,0.000000,3600,34.313408,196.547270,MBIE EDGS 2024 assumptions workbook + explicit study assumptions in build_capacity_EDGS.py,,,,EDGS plant=Generic Wind No. 51; status=Generic; capital_cost is the legacy annualised NZ generator value (investment + fixed O&M for flexible candidates; zero for sunk existing/fixed capacity); variable_O&M_NZD_per_MWh=0.000000; overnight_CAPEX_NZD_per_MW=2620630.266833.
wind_marlborough_generic_wind_no_51,wind,2030,2030,,,MW_e generator capacity,,,,261402.773479,NZD/MW-year,0.000000,NZD/MWh_e,1.000000,,,,,0.000000,,,,,,50.215605,0.000000,3600,34.313408,196.547270,MBIE EDGS 2024 assumptions workbook + explicit study assumptions in build_capacity_EDGS.py,,,,EDGS plant=Generic Wind No. 51; status=Generic; capital_cost is the legacy annualised NZ generator value (investment + fixed O&M for flexible candidates; zero for sunk existing/fixed capacity); variable_O&M_NZD_per_MWh=0.000000; overnight_CAPEX_NZD_per_MW=2620630.266833.
wind_marlborough_generic_wind_no_51,wind,2040,2040,,,MW_e generator capacity,,,,261402.773479,NZD/MW-year,0.000000,NZD/MWh_e,1.000000,,,,,0.000000,,,,,,50.215605,0.000000,3600,34.313408,196.547270,MBIE EDGS 2024 assumptions workbook + explicit study assumptions in build_capacity_EDGS.py,,,,EDGS plant=Generic Wind No. 51; status=Generic; capital_cost is the legacy annualised NZ generator value (investment + fixed O&M for flexible candidates; zero for sunk existing/fixed capacity); variable_O&M_NZD_per_MWh=0.000000; overnight_CAPEX_NZD_per_MW=2620630.266833.
wind_marlborough_generic_wind_no_51,wind,2050,2050,,,MW_e generator capacity,,,,261402.773479,NZD/MW-year,0.000000,NZD/MWh_e,1.000000,,,,,0.000000,,,,,,50.215605,0.000000,3600,34.313408,196.547270,MBIE EDGS 2024 assumptions workbook + explicit study assumptions in build_capacity_EDGS.py,,,,EDGS plant=Generic Wind No. 51; status=Generic; capital_cost is the legacy annualised NZ generator value (investment + fixed O&M for flexible candidates; zero for sunk existing/fixed capacity); variable_O&M_NZD_per_MWh=0.000000; overnight_CAPEX_NZD_per_MW=2620630.266833.
hydro_storage_nelson_cobb,hydro_storage,2025,2025,,,MW_e generator capacity,,,,0.000000,NZD/MW-year,0.000000,NZD/MWh_e,1.000000,,,,,0.000000,,,,,,76.464087,0.000000,3600,,,MBIE EDGS 2024 assumptions workbook + explicit study assumptions in build_capacity_EDGS.py,,,,EDGS plant=Cobb; status=Current; capital_cost is the legacy annualised NZ generator value (investment + fixed O&M for flexible candidates; zero for sunk existing/fixed capacity); variable_O&M_NZD_per_MWh=0.000000.
hydro_storage_nelson_cobb,hydro_storage,2030,2030,,,MW_e generator capacity,,,,0.000000,NZD/MW-year,0.000000,NZD/MWh_e,1.000000,,,,,0.000000,,,,,,76.464087,0.000000,3600,,,MBIE EDGS 2024 assumptions workbook + explicit study assumptions in build_capacity_EDGS.py,,,,EDGS plant=Cobb; status=Current; capital_cost is the legacy annualised NZ generator value (investment + fixed O&M for flexible candidates; zero for sunk existing/fixed capacity); variable_O&M_NZD_per_MWh=0.000000.
hydro_storage_nelson_cobb,hydro_storage,2040,2040,,,MW_e generator capacity,,,,0.000000,NZD/MW-year,0.000000,NZD/MWh_e,1.000000,,,,,0.000000,,,,,,76.464087,0.000000,3600,,,MBIE EDGS 2024 assumptions workbook + explicit study assumptions in build_capacity_EDGS.py,,,,EDGS plant=Cobb; status=Current; capital_cost is the legacy annualised NZ generator value (investment + fixed O&M for flexible candidates; zero for sunk existing/fixed capacity); variable_O&M_NZD_per_MWh=0.000000.
hydro_storage_nelson_cobb,hydro_storage,2050,2050,,,MW_e generator capacity,,,,0.000000,NZD/MW-year,0.000000,NZD/MWh_e,1.000000,,,,,0.000000,,,,,,76.464087,0.000000,3600,,,MBIE EDGS 2024 assumptions workbook + explicit study assumptions in build_capacity_EDGS.py,,,,EDGS plant=Cobb; status=Current; capital_cost is the legacy annualised NZ generator value (investment + fixed O&M for flexible candidates; zero for sunk existing/fixed capacity); variable_O&M_NZD_per_MWh=0.000000.
solar_nelson_tasman_district_solar_farm,solar,2025,2025,,,MW_e generator capacity,,,,123975.694293,NZD/MW-year,0.000000,NZD/MWh_e,1.000000,,,,,0.000000,,,,,,23.558811,0.000000,3600,31.690000,161.990041,MBIE EDGS 2024 assumptions workbook + explicit study assumptions in build_capacity_EDGS.py,,,,EDGS plant=Tasman District solar farm; status=Announced; capital_cost is the legacy annualised NZ generator value (investment + fixed O&M for flexible candidates; zero for sunk existing/fixed capacity); variable_O&M_NZD_per_MWh=0.000000; overnight_CAPEX_NZD_per_MW=1246077.242074.
solar_nelson_tasman_district_solar_farm,solar,2030,2030,,,MW_e generator capacity,,,,123975.694293,NZD/MW-year,0.000000,NZD/MWh_e,1.000000,,,,,0.000000,,,,,,23.558811,0.000000,3600,31.690000,161.990041,MBIE EDGS 2024 assumptions workbook + explicit study assumptions in build_capacity_EDGS.py,,,,EDGS plant=Tasman District solar farm; status=Announced; capital_cost is the legacy annualised NZ generator value (investment + fixed O&M for flexible candidates; zero for sunk existing/fixed capacity); variable_O&M_NZD_per_MWh=0.000000; overnight_CAPEX_NZD_per_MW=1246077.242074.
solar_nelson_tasman_district_solar_farm,solar,2040,2040,,,MW_e generator capacity,,,,123975.694293,NZD/MW-year,0.000000,NZD/MWh_e,1.000000,,,,,0.000000,,,,,,23.558811,0.000000,3600,31.690000,161.990041,MBIE EDGS 2024 assumptions workbook + explicit study assumptions in build_capacity_EDGS.py,,,,EDGS plant=Tasman District solar farm; status=Announced; capital_cost is the legacy annualised NZ generator value (investment + fixed O&M for flexible candidates; zero for sunk existing/fixed capacity); variable_O&M_NZD_per_MWh=0.000000; overnight_CAPEX_NZD_per_MW=1246077.242074.
solar_nelson_tasman_district_solar_farm,solar,2050,2050,,,MW_e generator capacity,,,,123975.694293,NZD/MW-year,0.000000,NZD/MWh_e,1.000000,,,,,0.000000,,,,,,23.558811,0.000000,3600,31.690000,161.990041,MBIE EDGS 2024 assumptions workbook + explicit study assumptions in build_capacity_EDGS.py,,,,EDGS plant=Tasman District solar farm; status=Announced; capital_cost is the legacy annualised NZ generator value (investment + fixed O&M for flexible candidates; zero for sunk existing/fixed capacity); variable_O&M_NZD_per_MWh=0.000000; overnight_CAPEX_NZD_per_MW=1246077.242074.
diesel_peaker_northland_bream_bay_peaker,diesel_peaker,2025,2025,,,MW_e generator capacity,,,,0.000000,NZD/MW-year,625.634412,NZD/MWh_e,0.330094,,,,,0.808862,,,,,,22.380870,3.133322,10906,,,MBIE EDGS 2024 assumptions workbook + explicit study assumptions in build_capacity_EDGS.py,,,,EDGS plant=Bream Bay Peaker; status=Current; capital_cost is the legacy annualised NZ generator value (investment + fixed O&M for flexible candidates; zero for sunk existing/fixed capacity); variable_O&M_NZD_per_MWh=16.726756.
diesel_peaker_northland_bream_bay_peaker,diesel_peaker,2030,2030,,,MW_e generator capacity,,,,0.000000,NZD/MW-year,645.927152,NZD/MWh_e,0.330094,,,,,0.808862,,,,,,22.380870,3.133322,10906,,,MBIE EDGS 2024 assumptions workbook + explicit study assumptions in build_capacity_EDGS.py,,,,EDGS plant=Bream Bay Peaker; status=Current; capital_cost is the legacy annualised NZ generator value (investment + fixed O&M for flexible candidates; zero for sunk existing/fixed capacity); variable_O&M_NZD_per_MWh=16.726756.
diesel_peaker_northland_bream_bay_peaker,diesel_peaker,2040,2040,,,MW_e generator capacity,,,,0.000000,NZD/MW-year,613.128511,NZD/MWh_e,0.330094,,,,,0.808862,,,,,,22.380870,3.133322,10906,,,MBIE EDGS 2024 assumptions workbook + explicit study assumptions in build_capacity_EDGS.py,,,,EDGS plant=Bream Bay Peaker; status=Current; capital_cost is the legacy annualised NZ generator value (investment + fixed O&M for flexible candidates; zero for sunk existing/fixed capacity); variable_O&M_NZD_per_MWh=16.726756.
diesel_peaker_northland_bream_bay_peaker,diesel_peaker,2050,2050,,,MW_e generator capacity,,,,0.000000,NZD/MW-year,609.420471,NZD/MWh_e,0.330094,,,,,0.808862,,,,,,22.380870,3.133322,10906,,,MBIE EDGS 2024 assumptions workbook + explicit study assumptions in build_capacity_EDGS.py,,,,EDGS plant=Bream Bay Peaker; status=Current; capital_cost is the legacy annualised NZ generator value (investment + fixed O&M for flexible candidates; zero for sunk existing/fixed capacity); variable_O&M_NZD_per_MWh=16.726756.
gas_peaker_northland_generic_ocgt_peaker_5_marsden,gas_peaker,2025,2025,,,MW_e generator capacity,,,,113801.673719,NZD/MW-year,259.270575,NZD/MWh_e,0.306383,,,,,0.659306,,,,,,5.418526,2.650366,11750,13.192934,134.493094,MBIE EDGS 2024 assumptions workbook + explicit study assumptions in build_capacity_EDGS.py,,,,EDGS plant=Generic OCGT peaker: 5 (Marsden); status=Generic; capital_cost is the legacy annualised NZ generator value (investment + fixed O&M for flexible candidates; zero for sunk existing/fixed capacity); variable_O&M_NZD_per_MWh=13.428522; overnight_CAPEX_NZD_per_MW=1344930.937476.
gas_peaker_northland_generic_ocgt_peaker_5_marsden,gas_peaker,2030,2030,,,MW_e generator capacity,,,,113801.673719,NZD/MW-year,273.149322,NZD/MWh_e,0.306383,,,,,0.659306,,,,,,5.418526,2.650366,11750,13.192934,134.493094,MBIE EDGS 2024 assumptions workbook + explicit study assumptions in build_capacity_EDGS.py,,,,EDGS plant=Generic OCGT peaker: 5 (Marsden); status=Generic; capital_cost is the legacy annualised NZ generator value (investment + fixed O&M for flexible candidates; zero for sunk existing/fixed capacity); variable_O&M_NZD_per_MWh=13.428522; overnight_CAPEX_NZD_per_MW=1344930.937476.
gas_peaker_northland_generic_ocgt_peaker_5_marsden,gas_peaker,2040,2040,,,MW_e generator capacity,,,,113801.673719,NZD/MW-year,279.894103,NZD/MWh_e,0.306383,,,,,0.659306,,,,,,5.418526,2.650366,11750,13.192934,134.493094,MBIE EDGS 2024 assumptions workbook + explicit study assumptions in build_capacity_EDGS.py,,,,EDGS plant=Generic OCGT peaker: 5 (Marsden); status=Generic; capital_cost is the legacy annualised NZ generator value (investment + fixed O&M for flexible candidates; zero for sunk existing/fixed capacity); variable_O&M_NZD_per_MWh=13.428522; overnight_CAPEX_NZD_per_MW=1344930.937476.
gas_peaker_northland_generic_ocgt_peaker_5_marsden,gas_peaker,2050,2050,,,MW_e generator capacity,,,,113801.673719,NZD/MW-year,317.999353,NZD/MWh_e,0.306383,,,,,0.659306,,,,,,5.418526,2.650366,11750,13.192934,134.493094,MBIE EDGS 2024 assumptions workbook + explicit study assumptions in build_capacity_EDGS.py,,,,EDGS plant=Generic OCGT peaker: 5 (Marsden); status=Generic; capital_cost is the legacy annualised NZ generator value (investment + fixed O&M for flexible candidates; zero for sunk existing/fixed capacity); variable_O&M_NZD_per_MWh=13.428522; overnight_CAPEX_NZD_per_MW=1344930.937476.
geothermal_northland_ngawha_expansion_stage_5,geothermal,2025,2025,,,MW_e generator capacity,,,,1015711.200783,NZD/MW-year,0.000000,NZD/MWh_e,1.000000,,,,,0.000000,,,,,,223.808703,0.000000,12000,17.669108,245.668768,MBIE EDGS 2024 assumptions workbook + explicit study assumptions in build_capacity_EDGS.py,,,,EDGS plant=Ngāwhā Expansion: Stage 5; status=Generic; capital_cost is the legacy annualised NZ generator value (investment + fixed O&M for flexible candidates; zero for sunk existing/fixed capacity); variable_O&M_NZD_per_MWh=0.000000; overnight_CAPEX_NZD_per_MW=9826750.706506.
geothermal_northland_ngawha_expansion_stage_5,geothermal,2030,2030,,,MW_e generator capacity,,,,1015711.200783,NZD/MW-year,0.000000,NZD/MWh_e,1.000000,,,,,0.000000,,,,,,223.808703,0.000000,12000,17.669108,245.668768,MBIE EDGS 2024 assumptions workbook + explicit study assumptions in build_capacity_EDGS.py,,,,EDGS plant=Ngāwhā Expansion: Stage 5; status=Generic; capital_cost is the legacy annualised NZ generator value (investment + fixed O&M for flexible candidates; zero for sunk existing/fixed capacity); variable_O&M_NZD_per_MWh=0.000000; overnight_CAPEX_NZD_per_MW=9826750.706506.
geothermal_northland_ngawha_expansion_stage_5,geothermal,2040,2040,,,MW_e generator capacity,,,,1015711.200783,NZD/MW-year,0.000000,NZD/MWh_e,1.000000,,,,,0.000000,,,,,,223.808703,0.000000,12000,17.669108,245.668768,MBIE EDGS 2024 assumptions workbook + explicit study assumptions in build_capacity_EDGS.py,,,,EDGS plant=Ngāwhā Expansion: Stage 5; status=Generic; capital_cost is the legacy annualised NZ generator value (investment + fixed O&M for flexible candidates; zero for sunk existing/fixed capacity); variable_O&M_NZD_per_MWh=0.000000; overnight_CAPEX_NZD_per_MW=9826750.706506.
geothermal_northland_ngawha_expansion_stage_5,geothermal,2050,2050,,,MW_e generator capacity,,,,1015711.200783,NZD/MW-year,0.000000,NZD/MWh_e,1.000000,,,,,0.000000,,,,,,223.808703,0.000000,12000,17.669108,245.668768,MBIE EDGS 2024 assumptions workbook + explicit study assumptions in build_capacity_EDGS.py,,,,EDGS plant=Ngāwhā Expansion: Stage 5; status=Generic; capital_cost is the legacy annualised NZ generator value (investment + fixed O&M for flexible candidates; zero for sunk existing/fixed capacity); variable_O&M_NZD_per_MWh=0.000000; overnight_CAPEX_NZD_per_MW=9826750.706506.
geothermal_northland_ngawha_expansion_stage_6,geothermal,2025,2025,,,MW_e generator capacity,,,,1015711.200783,NZD/MW-year,0.000000,NZD/MWh_e,1.000000,,,,,0.000000,,,,,,223.808703,0.000000,12000,17.669108,245.668768,MBIE EDGS 2024 assumptions workbook + explicit study assumptions in build_capacity_EDGS.py,,,,EDGS plant=Ngāwhā Expansion: Stage 6; status=Generic; capital_cost is the legacy annualised NZ generator value (investment + fixed O&M for flexible candidates; zero for sunk existing/fixed capacity); variable_O&M_NZD_per_MWh=0.000000; overnight_CAPEX_NZD_per_MW=9826750.706506.
geothermal_northland_ngawha_expansion_stage_6,geothermal,2030,2030,,,MW_e generator capacity,,,,1015711.200783,NZD/MW-year,0.000000,NZD/MWh_e,1.000000,,,,,0.000000,,,,,,223.808703,0.000000,12000,17.669108,245.668768,MBIE EDGS 2024 assumptions workbook + explicit study assumptions in build_capacity_EDGS.py,,,,EDGS plant=Ngāwhā Expansion: Stage 6; status=Generic; capital_cost is the legacy annualised NZ generator value (investment + fixed O&M for flexible candidates; zero for sunk existing/fixed capacity); variable_O&M_NZD_per_MWh=0.000000; overnight_CAPEX_NZD_per_MW=9826750.706506.
geothermal_northland_ngawha_expansion_stage_6,geothermal,2040,2040,,,MW_e generator capacity,,,,1015711.200783,NZD/MW-year,0.000000,NZD/MWh_e,1.000000,,,,,0.000000,,,,,,223.808703,0.000000,12000,17.669108,245.668768,MBIE EDGS 2024 assumptions workbook + explicit study assumptions in build_capacity_EDGS.py,,,,EDGS plant=Ngāwhā Expansion: Stage 6; status=Generic; capital_cost is the legacy annualised NZ generator value (investment + fixed O&M for flexible candidates; zero for sunk existing/fixed capacity); variable_O&M_NZD_per_MWh=0.000000; overnight_CAPEX_NZD_per_MW=9826750.706506.
geothermal_northland_ngawha_expansion_stage_6,geothermal,2050,2050,,,MW_e generator capacity,,,,1015711.200783,NZD/MW-year,0.000000,NZD/MWh_e,1.000000,,,,,0.000000,,,,,,223.808703,0.000000,12000,17.669108,245.668768,MBIE EDGS 2024 assumptions workbook + explicit study assumptions in build_capacity_EDGS.py,,,,EDGS plant=Ngāwhā Expansion: Stage 6; status=Generic; capital_cost is the legacy annualised NZ generator value (investment + fixed O&M for flexible candidates; zero for sunk existing/fixed capacity); variable_O&M_NZD_per_MWh=0.000000; overnight_CAPEX_NZD_per_MW=9826750.706506.
geothermal_northland_ngawha_stage_1_and_2,geothermal,2025,2025,,,MW_e generator capacity,,,,0.000000,NZD/MW-year,0.000000,NZD/MWh_e,1.000000,,,,,0.000000,,,,,,223.808703,0.000000,12000,,,MBIE EDGS 2024 assumptions workbook + explicit study assumptions in build_capacity_EDGS.py,,,,EDGS plant=Ngāwhā Stage 1 & 2; status=Current; capital_cost is the legacy annualised NZ generator value (investment + fixed O&M for flexible candidates; zero for sunk existing/fixed capacity); variable_O&M_NZD_per_MWh=0.000000.
geothermal_northland_ngawha_stage_1_and_2,geothermal,2030,2030,,,MW_e generator capacity,,,,0.000000,NZD/MW-year,0.000000,NZD/MWh_e,1.000000,,,,,0.000000,,,,,,223.808703,0.000000,12000,,,MBIE EDGS 2024 assumptions workbook + explicit study assumptions in build_capacity_EDGS.py,,,,EDGS plant=Ngāwhā Stage 1 & 2; status=Current; capital_cost is the legacy annualised NZ generator value (investment + fixed O&M for flexible candidates; zero for sunk existing/fixed capacity); variable_O&M_NZD_per_MWh=0.000000.
geothermal_northland_ngawha_stage_1_and_2,geothermal,2040,2040,,,MW_e generator capacity,,,,0.000000,NZD/MW-year,0.000000,NZD/MWh_e,1.000000,,,,,0.000000,,,,,,223.808703,0.000000,12000,,,MBIE EDGS 2024 assumptions workbook + explicit study assumptions in build_capacity_EDGS.py,,,,EDGS plant=Ngāwhā Stage 1 & 2; status=Current; capital_cost is the legacy annualised NZ generator value (investment + fixed O&M for flexible candidates; zero for sunk existing/fixed capacity); variable_O&M_NZD_per_MWh=0.000000.
geothermal_northland_ngawha_stage_1_and_2,geothermal,2050,2050,,,MW_e generator capacity,,,,0.000000,NZD/MW-year,0.000000,NZD/MWh_e,1.000000,,,,,0.000000,,,,,,223.808703,0.000000,12000,,,MBIE EDGS 2024 assumptions workbook + explicit study assumptions in build_capacity_EDGS.py,,,,EDGS plant=Ngāwhā Stage 1 & 2; status=Current; capital_cost is the legacy annualised NZ generator value (investment + fixed O&M for flexible candidates; zero for sunk existing/fixed capacity); variable_O&M_NZD_per_MWh=0.000000.
geothermal_northland_ngawha_stage_3_oec4,geothermal,2025,2025,,,MW_e generator capacity,,,,0.000000,NZD/MW-year,0.000000,NZD/MWh_e,1.000000,,,,,0.000000,,,,,,223.808703,0.000000,12000,,,MBIE EDGS 2024 assumptions workbook + explicit study assumptions in build_capacity_EDGS.py,,,,EDGS plant=Ngāwhā Stage 3 (OEC4); status=Current; capital_cost is the legacy annualised NZ generator value (investment + fixed O&M for flexible candidates; zero for sunk existing/fixed capacity); variable_O&M_NZD_per_MWh=0.000000.
geothermal_northland_ngawha_stage_3_oec4,geothermal,2030,2030,,,MW_e generator capacity,,,,0.000000,NZD/MW-year,0.000000,NZD/MWh_e,1.000000,,,,,0.000000,,,,,,223.808703,0.000000,12000,,,MBIE EDGS 2024 assumptions workbook + explicit study assumptions in build_capacity_EDGS.py,,,,EDGS plant=Ngāwhā Stage 3 (OEC4); status=Current; capital_cost is the legacy annualised NZ generator value (investment + fixed O&M for flexible candidates; zero for sunk existing/fixed capacity); variable_O&M_NZD_per_MWh=0.000000.
geothermal_northland_ngawha_stage_3_oec4,geothermal,2040,2040,,,MW_e generator capacity,,,,0.000000,NZD/MW-year,0.000000,NZD/MWh_e,1.000000,,,,,0.000000,,,,,,223.808703,0.000000,12000,,,MBIE EDGS 2024 assumptions workbook + explicit study assumptions in build_capacity_EDGS.py,,,,EDGS plant=Ngāwhā Stage 3 (OEC4); status=Current; capital_cost is the legacy annualised NZ generator value (investment + fixed O&M for flexible candidates; zero for sunk existing/fixed capacity); variable_O&M_NZD_per_MWh=0.000000.
geothermal_northland_ngawha_stage_3_oec4,geothermal,2050,2050,,,MW_e generator capacity,,,,0.000000,NZD/MW-year,0.000000,NZD/MWh_e,1.000000,,,,,0.000000,,,,,,223.808703,0.000000,12000,,,MBIE EDGS 2024 assumptions workbook + explicit study assumptions in build_capacity_EDGS.py,,,,EDGS plant=Ngāwhā Stage 3 (OEC4); status=Current; capital_cost is the legacy annualised NZ generator value (investment + fixed O&M for flexible candidates; zero for sunk existing/fixed capacity); variable_O&M_NZD_per_MWh=0.000000.
geothermal_northland_ngawha_stage_4_oec5,geothermal,2025,2025,,,MW_e generator capacity,,,,1008917.850650,NZD/MW-year,0.000000,NZD/MWh_e,1.000000,,,,,0.000000,,,,,,223.808703,0.000000,12000,17.669108,311.758456,MBIE EDGS 2024 assumptions workbook + explicit study assumptions in build_capacity_EDGS.py,,,,EDGS plant=Ngāwhā Stage 4 (OEC5); status=Fully consented; capital_cost is the legacy annualised NZ generator value (investment + fixed O&M for flexible candidates; zero for sunk existing/fixed capacity); variable_O&M_NZD_per_MWh=0.000000; overnight_CAPEX_NZD_per_MW=9742451.744938.
geothermal_northland_ngawha_stage_4_oec5,geothermal,2030,2030,,,MW_e generator capacity,,,,1008917.850650,NZD/MW-year,0.000000,NZD/MWh_e,1.000000,,,,,0.000000,,,,,,223.808703,0.000000,12000,17.669108,311.758456,MBIE EDGS 2024 assumptions workbook + explicit study assumptions in build_capacity_EDGS.py,,,,EDGS plant=Ngāwhā Stage 4 (OEC5); status=Fully consented; capital_cost is the legacy annualised NZ generator value (investment + fixed O&M for flexible candidates; zero for sunk existing/fixed capacity); variable_O&M_NZD_per_MWh=0.000000; overnight_CAPEX_NZD_per_MW=9742451.744938.
geothermal_northland_ngawha_stage_4_oec5,geothermal,2040,2040,,,MW_e generator capacity,,,,1008917.850650,NZD/MW-year,0.000000,NZD/MWh_e,1.000000,,,,,0.000000,,,,,,223.808703,0.000000,12000,17.669108,311.758456,MBIE EDGS 2024 assumptions workbook + explicit study assumptions in build_capacity_EDGS.py,,,,EDGS plant=Ngāwhā Stage 4 (OEC5); status=Fully consented; capital_cost is the legacy annualised NZ generator value (investment + fixed O&M for flexible candidates; zero for sunk existing/fixed capacity); variable_O&M_NZD_per_MWh=0.000000; overnight_CAPEX_NZD_per_MW=9742451.744938.
geothermal_northland_ngawha_stage_4_oec5,geothermal,2050,2050,,,MW_e generator capacity,,,,1008917.850650,NZD/MW-year,0.000000,NZD/MWh_e,1.000000,,,,,0.000000,,,,,,223.808703,0.000000,12000,17.669108,311.758456,MBIE EDGS 2024 assumptions workbook + explicit study assumptions in build_capacity_EDGS.py,,,,EDGS plant=Ngāwhā Stage 4 (OEC5); status=Fully consented; capital_cost is the legacy annualised NZ generator value (investment + fixed O&M for flexible candidates; zero for sunk existing/fixed capacity); variable_O&M_NZD_per_MWh=0.000000; overnight_CAPEX_NZD_per_MW=9742451.744938.
solar_northland_glorit_solar_farm,solar,2025,2025,,,MW_e generator capacity,,,,125423.346531,NZD/MW-year,0.000000,NZD/MWh_e,1.000000,,,,,0.000000,,,,,,23.558811,0.000000,3600,30.626525,202.246595,MBIE EDGS 2024 assumptions workbook + explicit study assumptions in build_capacity_EDGS.py,,,,EDGS plant=Glorit solar farm; status=Early stages; capital_cost is the legacy annualised NZ generator value (investment + fixed O&M for flexible candidates; zero for sunk existing/fixed capacity); variable_O&M_NZD_per_MWh=0.000000; overnight_CAPEX_NZD_per_MW=1264041.218311.
solar_northland_glorit_solar_farm,solar,2030,2030,,,MW_e generator capacity,,,,125423.346531,NZD/MW-year,0.000000,NZD/MWh_e,1.000000,,,,,0.000000,,,,,,23.558811,0.000000,3600,30.626525,202.246595,MBIE EDGS 2024 assumptions workbook + explicit study assumptions in build_capacity_EDGS.py,,,,EDGS plant=Glorit solar farm; status=Early stages; capital_cost is the legacy annualised NZ generator value (investment + fixed O&M for flexible candidates; zero for sunk existing/fixed capacity); variable_O&M_NZD_per_MWh=0.000000; overnight_CAPEX_NZD_per_MW=1264041.218311.
solar_northland_glorit_solar_farm,solar,2040,2040,,,MW_e generator capacity,,,,125423.346531,NZD/MW-year,0.000000,NZD/MWh_e,1.000000,,,,,0.000000,,,,,,23.558811,0.000000,3600,30.626525,202.246595,MBIE EDGS 2024 assumptions workbook + explicit study assumptions in build_capacity_EDGS.py,,,,EDGS plant=Glorit solar farm; status=Early stages; capital_cost is the legacy annualised NZ generator value (investment + fixed O&M for flexible candidates; zero for sunk existing/fixed capacity); variable_O&M_NZD_per_MWh=0.000000; overnight_CAPEX_NZD_per_MW=1264041.218311.
solar_northland_glorit_solar_farm,solar,2050,2050,,,MW_e generator capacity,,,,125423.346531,NZD/MW-year,0.000000,NZD/MWh_e,1.000000,,,,,0.000000,,,,,,23.558811,0.000000,3600,30.626525,202.246595,MBIE EDGS 2024 assumptions workbook + explicit study assumptions in build_capacity_EDGS.py,,,,EDGS plant=Glorit solar farm; status=Early stages; capital_cost is the legacy annualised NZ generator value (investment + fixed O&M for flexible candidates; zero for sunk existing/fixed capacity); variable_O&M_NZD_per_MWh=0.000000; overnight_CAPEX_NZD_per_MW=1264041.218311.
solar_northland_lodestone_dargaville,solar,2025,2025,,,MW_e generator capacity,,,,120854.640648,NZD/MW-year,0.000000,NZD/MWh_e,1.000000,,,,,0.000000,,,,,,23.558811,0.000000,3600,14.311460,83.307009,MBIE EDGS 2024 assumptions workbook + explicit study assumptions in build_capacity_EDGS.py,,,,EDGS plant=Lodestone Dargaville; status=Fully consented; capital_cost is the legacy annualised NZ generator value (investment + fixed O&M for flexible candidates; zero for sunk existing/fixed capacity); variable_O&M_NZD_per_MWh=0.000000; overnight_CAPEX_NZD_per_MW=1207347.958849.
solar_northland_lodestone_dargaville,solar,2030,2030,,,MW_e generator capacity,,,,120854.640648,NZD/MW-year,0.000000,NZD/MWh_e,1.000000,,,,,0.000000,,,,,,23.558811,0.000000,3600,14.311460,83.307009,MBIE EDGS 2024 assumptions workbook + explicit study assumptions in build_capacity_EDGS.py,,,,EDGS plant=Lodestone Dargaville; status=Fully consented; capital_cost is the legacy annualised NZ generator value (investment + fixed O&M for flexible candidates; zero for sunk existing/fixed capacity); variable_O&M_NZD_per_MWh=0.000000; overnight_CAPEX_NZD_per_MW=1207347.958849.
solar_northland_lodestone_dargaville,solar,2040,2040,,,MW_e generator capacity,,,,120854.640648,NZD/MW-year,0.000000,NZD/MWh_e,1.000000,,,,,0.000000,,,,,,23.558811,0.000000,3600,14.311460,83.307009,MBIE EDGS 2024 assumptions workbook + explicit study assumptions in build_capacity_EDGS.py,,,,EDGS plant=Lodestone Dargaville; status=Fully consented; capital_cost is the legacy annualised NZ generator value (investment + fixed O&M for flexible candidates; zero for sunk existing/fixed capacity); variable_O&M_NZD_per_MWh=0.000000; overnight_CAPEX_NZD_per_MW=1207347.958849.
solar_northland_lodestone_dargaville,solar,2050,2050,,,MW_e generator capacity,,,,120854.640648,NZD/MW-year,0.000000,NZD/MWh_e,1.000000,,,,,0.000000,,,,,,23.558811,0.000000,3600,14.311460,83.307009,MBIE EDGS 2024 assumptions workbook + explicit study assumptions in build_capacity_EDGS.py,,,,EDGS plant=Lodestone Dargaville; status=Fully consented; capital_cost is the legacy annualised NZ generator value (investment + fixed O&M for flexible candidates; zero for sunk existing/fixed capacity); variable_O&M_NZD_per_MWh=0.000000; overnight_CAPEX_NZD_per_MW=1207347.958849.
solar_northland_lodestone_kohira_solar_farm,solar,2025,2025,,,MW_e generator capacity,,,,0.000000,NZD/MW-year,0.000000,NZD/MWh_e,1.000000,,,,,0.000000,,,,,,23.558811,0.000000,3600,,,MBIE EDGS 2024 assumptions workbook + explicit study assumptions in build_capacity_EDGS.py,,,,EDGS plant=Lodestone Kohira solar farm; status=Current; capital_cost is the legacy annualised NZ generator value (investment + fixed O&M for flexible candidates; zero for sunk existing/fixed capacity); variable_O&M_NZD_per_MWh=0.000000.
solar_northland_lodestone_kohira_solar_farm,solar,2030,2030,,,MW_e generator capacity,,,,0.000000,NZD/MW-year,0.000000,NZD/MWh_e,1.000000,,,,,0.000000,,,,,,23.558811,0.000000,3600,,,MBIE EDGS 2024 assumptions workbook + explicit study assumptions in build_capacity_EDGS.py,,,,EDGS plant=Lodestone Kohira solar farm; status=Current; capital_cost is the legacy annualised NZ generator value (investment + fixed O&M for flexible candidates; zero for sunk existing/fixed capacity); variable_O&M_NZD_per_MWh=0.000000.
solar_northland_lodestone_kohira_solar_farm,solar,2040,2040,,,MW_e generator capacity,,,,0.000000,NZD/MW-year,0.000000,NZD/MWh_e,1.000000,,,,,0.000000,,,,,,23.558811,0.000000,3600,,,MBIE EDGS 2024 assumptions workbook + explicit study assumptions in build_capacity_EDGS.py,,,,EDGS plant=Lodestone Kohira solar farm; status=Current; capital_cost is the legacy annualised NZ generator value (investment + fixed O&M for flexible candidates; zero for sunk existing/fixed capacity); variable_O&M_NZD_per_MWh=0.000000.
solar_northland_lodestone_kohira_solar_farm,solar,2050,2050,,,MW_e generator capacity,,,,0.000000,NZD/MW-year,0.000000,NZD/MWh_e,1.000000,,,,,0.000000,,,,,,23.558811,0.000000,3600,,,MBIE EDGS 2024 assumptions workbook + explicit study assumptions in build_capacity_EDGS.py,,,,EDGS plant=Lodestone Kohira solar farm; status=Current; capital_cost is the legacy annualised NZ generator value (investment + fixed O&M for flexible candidates; zero for sunk existing/fixed capacity); variable_O&M_NZD_per_MWh=0.000000.
solar_northland_maranga_ra_solar_farm,solar,2025,2025,,,MW_e generator capacity,,,,179742.315547,NZD/MW-year,0.000000,NZD/MWh_e,1.000000,,,,,0.000000,,,,,,23.558811,0.000000,3600,17.889325,51.746937,MBIE EDGS 2024 assumptions workbook + explicit study assumptions in build_capacity_EDGS.py,,,,EDGS plant=Maranga Rā solar farm; status=Fully consented; capital_cost is the legacy annualised NZ generator value (investment + fixed O&M for flexible candidates; zero for sunk existing/fixed capacity); variable_O&M_NZD_per_MWh=0.000000; overnight_CAPEX_NZD_per_MW=1938087.541881.
solar_northland_maranga_ra_solar_farm,solar,2030,2030,,,MW_e generator capacity,,,,179742.315547,NZD/MW-year,0.000000,NZD/MWh_e,1.000000,,,,,0.000000,,,,,,23.558811,0.000000,3600,17.889325,51.746937,MBIE EDGS 2024 assumptions workbook + explicit study assumptions in build_capacity_EDGS.py,,,,EDGS plant=Maranga Rā solar farm; status=Fully consented; capital_cost is the legacy annualised NZ generator value (investment + fixed O&M for flexible candidates; zero for sunk existing/fixed capacity); variable_O&M_NZD_per_MWh=0.000000; overnight_CAPEX_NZD_per_MW=1938087.541881.
solar_northland_maranga_ra_solar_farm,solar,2040,2040,,,MW_e generator capacity,,,,179742.315547,NZD/MW-year,0.000000,NZD/MWh_e,1.000000,,,,,0.000000,,,,,,23.558811,0.000000,3600,17.889325,51.746937,MBIE EDGS 2024 assumptions workbook + explicit study assumptions in build_capacity_EDGS.py,,,,EDGS plant=Maranga Rā solar farm; status=Fully consented; capital_cost is the legacy annualised NZ generator value (investment + fixed O&M for flexible candidates; zero for sunk existing/fixed capacity); variable_O&M_NZD_per_MWh=0.000000; overnight_CAPEX_NZD_per_MW=1938087.541881.
solar_northland_maranga_ra_solar_farm,solar,2050,2050,,,MW_e generator capacity,,,,179742.315547,NZD/MW-year,0.000000,NZD/MWh_e,1.000000,,,,,0.000000,,,,,,23.558811,0.000000,3600,17.889325,51.746937,MBIE EDGS 2024 assumptions workbook + explicit study assumptions in build_capacity_EDGS.py,,,,EDGS plant=Maranga Rā solar farm; status=Fully consented; capital_cost is the legacy annualised NZ generator value (investment + fixed O&M for flexible candidates; zero for sunk existing/fixed capacity); variable_O&M_NZD_per_MWh=0.000000; overnight_CAPEX_NZD_per_MW=1938087.541881.
solar_northland_maungaturoto_solar_farm,solar,2025,2025,,,MW_e generator capacity,,,,228409.149222,NZD/MW-year,0.000000,NZD/MWh_e,1.000000,,,,,0.000000,,,,,,23.558811,0.000000,3600,18.440000,50.839926,MBIE EDGS 2024 assumptions workbook + explicit study assumptions in build_capacity_EDGS.py,,,,EDGS plant=Maungaturoto solar farm; status=Announced; capital_cost is the legacy annualised NZ generator value (investment + fixed O&M for flexible candidates; zero for sunk existing/fixed capacity); variable_O&M_NZD_per_MWh=0.000000; overnight_CAPEX_NZD_per_MW=2541996.285217.
solar_northland_maungaturoto_solar_farm,solar,2030,2030,,,MW_e generator capacity,,,,228409.149222,NZD/MW-year,0.000000,NZD/MWh_e,1.000000,,,,,0.000000,,,,,,23.558811,0.000000,3600,18.440000,50.839926,MBIE EDGS 2024 assumptions workbook + explicit study assumptions in build_capacity_EDGS.py,,,,EDGS plant=Maungaturoto solar farm; status=Announced; capital_cost is the legacy annualised NZ generator value (investment + fixed O&M for flexible candidates; zero for sunk existing/fixed capacity); variable_O&M_NZD_per_MWh=0.000000; overnight_CAPEX_NZD_per_MW=2541996.285217.
solar_northland_maungaturoto_solar_farm,solar,2040,2040,,,MW_e generator capacity,,,,228409.149222,NZD/MW-year,0.000000,NZD/MWh_e,1.000000,,,,,0.000000,,,,,,23.558811,0.000000,3600,18.440000,50.839926,MBIE EDGS 2024 assumptions workbook + explicit study assumptions in build_capacity_EDGS.py,,,,EDGS plant=Maungaturoto solar farm; status=Announced; capital_cost is the legacy annualised NZ generator value (investment + fixed O&M for flexible candidates; zero for sunk existing/fixed capacity); variable_O&M_NZD_per_MWh=0.000000; overnight_CAPEX_NZD_per_MW=2541996.285217.
solar_northland_maungaturoto_solar_farm,solar,2050,2050,,,MW_e generator capacity,,,,228409.149222,NZD/MW-year,0.000000,NZD/MWh_e,1.000000,,,,,0.000000,,,,,,23.558811,0.000000,3600,18.440000,50.839926,MBIE EDGS 2024 assumptions workbook + explicit study assumptions in build_capacity_EDGS.py,,,,EDGS plant=Maungaturoto solar farm; status=Announced; capital_cost is the legacy annualised NZ generator value (investment + fixed O&M for flexible candidates; zero for sunk existing/fixed capacity); variable_O&M_NZD_per_MWh=0.000000; overnight_CAPEX_NZD_per_MW=2541996.285217.
solar_northland_pukenui_solar_farm,solar,2025,2025,,,MW_e generator capacity,,,,0.000000,NZD/MW-year,0.000000,NZD/MWh_e,1.000000,,,,,0.000000,,,,,,23.558811,0.000000,3600,17.280000,44.303413,MBIE EDGS 2024 assumptions workbook + explicit study assumptions in build_capacity_EDGS.py,,,,EDGS plant=Pukenui solar farm; status=Under construction; capital_cost is the legacy annualised NZ generator value (investment + fixed O&M for flexible candidates; zero for sunk existing/fixed capacity); variable_O&M_NZD_per_MWh=0.000000; overnight_CAPEX_NZD_per_MW=2013791.501976.
solar_northland_pukenui_solar_farm,solar,2030,2030,,,MW_e generator capacity,,,,0.000000,NZD/MW-year,0.000000,NZD/MWh_e,1.000000,,,,,0.000000,,,,,,23.558811,0.000000,3600,17.280000,44.303413,MBIE EDGS 2024 assumptions workbook + explicit study assumptions in build_capacity_EDGS.py,,,,EDGS plant=Pukenui solar farm; status=Under construction; capital_cost is the legacy annualised NZ generator value (investment + fixed O&M for flexible candidates; zero for sunk existing/fixed capacity); variable_O&M_NZD_per_MWh=0.000000; overnight_CAPEX_NZD_per_MW=2013791.501976.
solar_northland_pukenui_solar_farm,solar,2040,2040,,,MW_e generator capacity,,,,0.000000,NZD/MW-year,0.000000,NZD/MWh_e,1.000000,,,,,0.000000,,,,,,23.558811,0.000000,3600,17.280000,44.303413,MBIE EDGS 2024 assumptions workbook + explicit study assumptions in build_capacity_EDGS.py,,,,EDGS plant=Pukenui solar farm; status=Under construction; capital_cost is the legacy annualised NZ generator value (investment + fixed O&M for flexible candidates; zero for sunk existing/fixed capacity); variable_O&M_NZD_per_MWh=0.000000; overnight_CAPEX_NZD_per_MW=2013791.501976.
solar_northland_pukenui_solar_farm,solar,2050,2050,,,MW_e generator capacity,,,,0.000000,NZD/MW-year,0.000000,NZD/MWh_e,1.000000,,,,,0.000000,,,,,,23.558811,0.000000,3600,17.280000,44.303413,MBIE EDGS 2024 assumptions workbook + explicit study assumptions in build_capacity_EDGS.py,,,,EDGS plant=Pukenui solar farm; status=Under construction; capital_cost is the legacy annualised NZ generator value (investment + fixed O&M for flexible candidates; zero for sunk existing/fixed capacity); variable_O&M_NZD_per_MWh=0.000000; overnight_CAPEX_NZD_per_MW=2013791.501976.
solar_northland_ruakaka_solar_farm,solar,2025,2025,,,MW_e generator capacity,,,,123356.089736,NZD/MW-year,0.000000,NZD/MWh_e,1.000000,,,,,0.000000,,,,,,23.558811,0.000000,3600,23.849026,148.606625,MBIE EDGS 2024 assumptions workbook + explicit study assumptions in build_capacity_EDGS.py,,,,EDGS plant=Ruakākā solar farm; status=Applied for consent; capital_cost is the legacy annualised NZ generator value (investment + fixed O&M for flexible candidates; zero for sunk existing/fixed capacity); variable_O&M_NZD_per_MWh=0.000000; overnight_CAPEX_NZD_per_MW=1238388.543604.
solar_northland_ruakaka_solar_farm,solar,2030,2030,,,MW_e generator capacity,,,,123356.089736,NZD/MW-year,0.000000,NZD/MWh_e,1.000000,,,,,0.000000,,,,,,23.558811,0.000000,3600,23.849026,148.606625,MBIE EDGS 2024 assumptions workbook + explicit study assumptions in build_capacity_EDGS.py,,,,EDGS plant=Ruakākā solar farm; status=Applied for consent; capital_cost is the legacy annualised NZ generator value (investment + fixed O&M for flexible candidates; zero for sunk existing/fixed capacity); variable_O&M_NZD_per_MWh=0.000000; overnight_CAPEX_NZD_per_MW=1238388.543604.
solar_northland_ruakaka_solar_farm,solar,2040,2040,,,MW_e generator capacity,,,,123356.089736,NZD/MW-year,0.000000,NZD/MWh_e,1.000000,,,,,0.000000,,,,,,23.558811,0.000000,3600,23.849026,148.606625,MBIE EDGS 2024 assumptions workbook + explicit study assumptions in build_capacity_EDGS.py,,,,EDGS plant=Ruakākā solar farm; status=Applied for consent; capital_cost is the legacy annualised NZ generator value (investment + fixed O&M for flexible candidates; zero for sunk existing/fixed capacity); variable_O&M_NZD_per_MWh=0.000000; overnight_CAPEX_NZD_per_MW=1238388.543604.
solar_northland_ruakaka_solar_farm,solar,2050,2050,,,MW_e generator capacity,,,,123356.089736,NZD/MW-year,0.000000,NZD/MWh_e,1.000000,,,,,0.000000,,,,,,23.558811,0.000000,3600,23.849026,148.606625,MBIE EDGS 2024 assumptions workbook + explicit study assumptions in build_capacity_EDGS.py,,,,EDGS plant=Ruakākā solar farm; status=Applied for consent; capital_cost is the legacy annualised NZ generator value (investment + fixed O&M for flexible candidates; zero for sunk existing/fixed capacity); variable_O&M_NZD_per_MWh=0.000000; overnight_CAPEX_NZD_per_MW=1238388.543604.
solar_northland_twin_rivers_solar_farm,solar,2025,2025,,,MW_e generator capacity,,,,202372.100834,NZD/MW-year,0.000000,NZD/MWh_e,1.000000,,,,,0.000000,,,,,,20.444943,0.000000,3600,24.200000,54.180998,MBIE EDGS 2024 assumptions workbook + explicit study assumptions in build_capacity_EDGS.py,,,,EDGS plant=Twin Rivers solar farm; status=Fully consented; capital_cost is the legacy annualised NZ generator value (investment + fixed O&M for flexible candidates; zero for sunk existing/fixed capacity); variable_O&M_NZD_per_MWh=0.000000; overnight_CAPEX_NZD_per_MW=2257541.594203.
solar_northland_twin_rivers_solar_farm,solar,2030,2030,,,MW_e generator capacity,,,,202372.100834,NZD/MW-year,0.000000,NZD/MWh_e,1.000000,,,,,0.000000,,,,,,20.444943,0.000000,3600,24.200000,54.180998,MBIE EDGS 2024 assumptions workbook + explicit study assumptions in build_capacity_EDGS.py,,,,EDGS plant=Twin Rivers solar farm; status=Fully consented; capital_cost is the legacy annualised NZ generator value (investment + fixed O&M for flexible candidates; zero for sunk existing/fixed capacity); variable_O&M_NZD_per_MWh=0.000000; overnight_CAPEX_NZD_per_MW=2257541.594203.
solar_northland_twin_rivers_solar_farm,solar,2040,2040,,,MW_e generator capacity,,,,202372.100834,NZD/MW-year,0.000000,NZD/MWh_e,1.000000,,,,,0.000000,,,,,,20.444943,0.000000,3600,24.200000,54.180998,MBIE EDGS 2024 assumptions workbook + explicit study assumptions in build_capacity_EDGS.py,,,,EDGS plant=Twin Rivers solar farm; status=Fully consented; capital_cost is the legacy annualised NZ generator value (investment + fixed O&M for flexible candidates; zero for sunk existing/fixed capacity); variable_O&M_NZD_per_MWh=0.000000; overnight_CAPEX_NZD_per_MW=2257541.594203.
solar_northland_twin_rivers_solar_farm,solar,2050,2050,,,MW_e generator capacity,,,,202372.100834,NZD/MW-year,0.000000,NZD/MWh_e,1.000000,,,,,0.000000,,,,,,20.444943,0.000000,3600,24.200000,54.180998,MBIE EDGS 2024 assumptions workbook + explicit study assumptions in build_capacity_EDGS.py,,,,EDGS plant=Twin Rivers solar farm; status=Fully consented; capital_cost is the legacy annualised NZ generator value (investment + fixed O&M for flexible candidates; zero for sunk existing/fixed capacity); variable_O&M_NZD_per_MWh=0.000000; overnight_CAPEX_NZD_per_MW=2257541.594203.
solar_northland_wellsford_solar_farm,solar,2025,2025,,,MW_e generator capacity,,,,141431.121486,NZD/MW-year,0.000000,NZD/MWh_e,1.000000,,,,,0.000000,,,,,,23.558811,0.000000,3600,24.770000,111.163859,MBIE EDGS 2024 assumptions workbook + explicit study assumptions in build_capacity_EDGS.py,,,,EDGS plant=Wellsford solar farm; status=Fully consented; capital_cost is the legacy annualised NZ generator value (investment + fixed O&M for flexible candidates; zero for sunk existing/fixed capacity); variable_O&M_NZD_per_MWh=0.000000; overnight_CAPEX_NZD_per_MW=1462682.356979.
solar_northland_wellsford_solar_farm,solar,2030,2030,,,MW_e generator capacity,,,,141431.121486,NZD/MW-year,0.000000,NZD/MWh_e,1.000000,,,,,0.000000,,,,,,23.558811,0.000000,3600,24.770000,111.163859,MBIE EDGS 2024 assumptions workbook + explicit study assumptions in build_capacity_EDGS.py,,,,EDGS plant=Wellsford solar farm; status=Fully consented; capital_cost is the legacy annualised NZ generator value (investment + fixed O&M for flexible candidates; zero for sunk existing/fixed capacity); variable_O&M_NZD_per_MWh=0.000000; overnight_CAPEX_NZD_per_MW=1462682.356979.
solar_northland_wellsford_solar_farm,solar,2040,2040,,,MW_e generator capacity,,,,141431.121486,NZD/MW-year,0.000000,NZD/MWh_e,1.000000,,,,,0.000000,,,,,,23.558811,0.000000,3600,24.770000,111.163859,MBIE EDGS 2024 assumptions workbook + explicit study assumptions in build_capacity_EDGS.py,,,,EDGS plant=Wellsford solar farm; status=Fully consented; capital_cost is the legacy annualised NZ generator value (investment + fixed O&M for flexible candidates; zero for sunk existing/fixed capacity); variable_O&M_NZD_per_MWh=0.000000; overnight_CAPEX_NZD_per_MW=1462682.356979.
solar_northland_wellsford_solar_farm,solar,2050,2050,,,MW_e generator capacity,,,,141431.121486,NZD/MW-year,0.000000,NZD/MWh_e,1.000000,,,,,0.000000,,,,,,23.558811,0.000000,3600,24.770000,111.163859,MBIE EDGS 2024 assumptions workbook + explicit study assumptions in build_capacity_EDGS.py,,,,EDGS plant=Wellsford solar farm; status=Fully consented; capital_cost is the legacy annualised NZ generator value (investment + fixed O&M for flexible candidates; zero for sunk existing/fixed capacity); variable_O&M_NZD_per_MWh=0.000000; overnight_CAPEX_NZD_per_MW=1462682.356979.
wind_northland_generic_wind_no_18,wind,2025,2025,,,MW_e generator capacity,,,,263083.054977,NZD/MW-year,0.000000,NZD/MWh_e,1.000000,,,,,0.000000,,,,,,50.309841,0.000000,3600,161.448531,792.093474,MBIE EDGS 2024 assumptions workbook + explicit study assumptions in build_capacity_EDGS.py,,,,EDGS plant=Generic Wind No. 18; status=Generic; capital_cost is the legacy annualised NZ generator value (investment + fixed O&M for flexible candidates; zero for sunk existing/fixed capacity); variable_O&M_NZD_per_MWh=0.000000; overnight_CAPEX_NZD_per_MW=2640311.580129.
wind_northland_generic_wind_no_18,wind,2030,2030,,,MW_e generator capacity,,,,263083.054977,NZD/MW-year,0.000000,NZD/MWh_e,1.000000,,,,,0.000000,,,,,,50.309841,0.000000,3600,161.448531,792.093474,MBIE EDGS 2024 assumptions workbook + explicit study assumptions in build_capacity_EDGS.py,,,,EDGS plant=Generic Wind No. 18; status=Generic; capital_cost is the legacy annualised NZ generator value (investment + fixed O&M for flexible candidates; zero for sunk existing/fixed capacity); variable_O&M_NZD_per_MWh=0.000000; overnight_CAPEX_NZD_per_MW=2640311.580129.
wind_northland_generic_wind_no_18,wind,2040,2040,,,MW_e generator capacity,,,,263083.054977,NZD/MW-year,0.000000,NZD/MWh_e,1.000000,,,,,0.000000,,,,,,50.309841,0.000000,3600,161.448531,792.093474,MBIE EDGS 2024 assumptions workbook + explicit study assumptions in build_capacity_EDGS.py,,,,EDGS plant=Generic Wind No. 18; status=Generic; capital_cost is the legacy annualised NZ generator value (investment + fixed O&M for flexible candidates; zero for sunk existing/fixed capacity); variable_O&M_NZD_per_MWh=0.000000; overnight_CAPEX_NZD_per_MW=2640311.580129.
wind_northland_generic_wind_no_18,wind,2050,2050,,,MW_e generator capacity,,,,263083.054977,NZD/MW-year,0.000000,NZD/MWh_e,1.000000,,,,,0.000000,,,,,,50.309841,0.000000,3600,161.448531,792.093474,MBIE EDGS 2024 assumptions workbook + explicit study assumptions in build_capacity_EDGS.py,,,,EDGS plant=Generic Wind No. 18; status=Generic; capital_cost is the legacy annualised NZ generator value (investment + fixed O&M for flexible candidates; zero for sunk existing/fixed capacity); variable_O&M_NZD_per_MWh=0.000000; overnight_CAPEX_NZD_per_MW=2640311.580129.
wind_northland_generic_wind_no_37,wind,2025,2025,,,MW_e generator capacity,,,,269909.512301,NZD/MW-year,0.000000,NZD/MWh_e,1.000000,,,,,0.000000,,,,,,51.028384,0.000000,3600,36.551495,203.707870,MBIE EDGS 2024 assumptions workbook + explicit study assumptions in build_capacity_EDGS.py,,,,EDGS plant=Generic Wind No. 37; status=Generic; capital_cost is the legacy annualised NZ generator value (investment + fixed O&M for flexible candidates; zero for sunk existing/fixed capacity); variable_O&M_NZD_per_MWh=0.000000; overnight_CAPEX_NZD_per_MW=2716104.931449.
wind_northland_generic_wind_no_37,wind,2030,2030,,,MW_e generator capacity,,,,269909.512301,NZD/MW-year,0.000000,NZD/MWh_e,1.000000,,,,,0.000000,,,,,,51.028384,0.000000,3600,36.551495,203.707870,MBIE EDGS 2024 assumptions workbook + explicit study assumptions in build_capacity_EDGS.py,,,,EDGS plant=Generic Wind No. 37; status=Generic; capital_cost is the legacy annualised NZ generator value (investment + fixed O&M for flexible candidates; zero for sunk existing/fixed capacity); variable_O&M_NZD_per_MWh=0.000000; overnight_CAPEX_NZD_per_MW=2716104.931449.
wind_northland_generic_wind_no_37,wind,2040,2040,,,MW_e generator capacity,,,,269909.512301,NZD/MW-year,0.000000,NZD/MWh_e,1.000000,,,,,0.000000,,,,,,51.028384,0.000000,3600,36.551495,203.707870,MBIE EDGS 2024 assumptions workbook + explicit study assumptions in build_capacity_EDGS.py,,,,EDGS plant=Generic Wind No. 37; status=Generic; capital_cost is the legacy annualised NZ generator value (investment + fixed O&M for flexible candidates; zero for sunk existing/fixed capacity); variable_O&M_NZD_per_MWh=0.000000; overnight_CAPEX_NZD_per_MW=2716104.931449.
wind_northland_generic_wind_no_37,wind,2050,2050,,,MW_e generator capacity,,,,269909.512301,NZD/MW-year,0.000000,NZD/MWh_e,1.000000,,,,,0.000000,,,,,,51.028384,0.000000,3600,36.551495,203.707870,MBIE EDGS 2024 assumptions workbook + explicit study assumptions in build_capacity_EDGS.py,,,,EDGS plant=Generic Wind No. 37; status=Generic; capital_cost is the legacy annualised NZ generator value (investment + fixed O&M for flexible candidates; zero for sunk existing/fixed capacity); variable_O&M_NZD_per_MWh=0.000000; overnight_CAPEX_NZD_per_MW=2716104.931449.
wind_northland_generic_wind_no_75,wind,2025,2025,,,MW_e generator capacity,,,,251512.850487,NZD/MW-year,0.000000,NZD/MWh_e,1.000000,,,,,0.000000,,,,,,48.884533,0.000000,3600,19.671607,251.442314,MBIE EDGS 2024 assumptions workbook + explicit study assumptions in build_capacity_EDGS.py,,,,EDGS plant=Generic Wind No. 75; status=Generic; capital_cost is the legacy annualised NZ generator value (investment + fixed O&M for flexible candidates; zero for sunk existing/fixed capacity); variable_O&M_NZD_per_MWh=0.000000; overnight_CAPEX_NZD_per_MW=2514423.142490.
wind_northland_generic_wind_no_75,wind,2030,2030,,,MW_e generator capacity,,,,251512.850487,NZD/MW-year,0.000000,NZD/MWh_e,1.000000,,,,,0.000000,,,,,,48.884533,0.000000,3600,19.671607,251.442314,MBIE EDGS 2024 assumptions workbook + explicit study assumptions in build_capacity_EDGS.py,,,,EDGS plant=Generic Wind No. 75; status=Generic; capital_cost is the legacy annualised NZ generator value (investment + fixed O&M for flexible candidates; zero for sunk existing/fixed capacity); variable_O&M_NZD_per_MWh=0.000000; overnight_CAPEX_NZD_per_MW=2514423.142490.
wind_northland_generic_wind_no_75,wind,2040,2040,,,MW_e generator capacity,,,,251512.850487,NZD/MW-year,0.000000,NZD/MWh_e,1.000000,,,,,0.000000,,,,,,48.884533,0.000000,3600,19.671607,251.442314,MBIE EDGS 2024 assumptions workbook + explicit study assumptions in build_capacity_EDGS.py,,,,EDGS plant=Generic Wind No. 75; status=Generic; capital_cost is the legacy annualised NZ generator value (investment + fixed O&M for flexible candidates; zero for sunk existing/fixed capacity); variable_O&M_NZD_per_MWh=0.000000; overnight_CAPEX_NZD_per_MW=2514423.142490.
wind_northland_generic_wind_no_75,wind,2050,2050,,,MW_e generator capacity,,,,251512.850487,NZD/MW-year,0.000000,NZD/MWh_e,1.000000,,,,,0.000000,,,,,,48.884533,0.000000,3600,19.671607,251.442314,MBIE EDGS 2024 assumptions workbook + explicit study assumptions in build_capacity_EDGS.py,,,,EDGS plant=Generic Wind No. 75; status=Generic; capital_cost is the legacy annualised NZ generator value (investment + fixed O&M for flexible candidates; zero for sunk existing/fixed capacity); variable_O&M_NZD_per_MWh=0.000000; overnight_CAPEX_NZD_per_MW=2514423.142490.
wind_northland_kaiwaikawe,wind,2025,2025,,,MW_e generator capacity,,,,228353.425758,NZD/MW-year,0.000000,NZD/MWh_e,1.000000,,,,,0.000000,,,,,,47.082283,0.000000,3600,6.938070,164.206278,MBIE EDGS 2024 assumptions workbook + explicit study assumptions in build_capacity_EDGS.py,,,,EDGS plant=Kaiwaikawe; status=Fully consented; capital_cost is the legacy annualised NZ generator value (investment + fixed O&M for flexible candidates; zero for sunk existing/fixed capacity); variable_O&M_NZD_per_MWh=0.000000; overnight_CAPEX_NZD_per_MW=2249401.069685.
wind_northland_kaiwaikawe,wind,2030,2030,,,MW_e generator capacity,,,,228353.425758,NZD/MW-year,0.000000,NZD/MWh_e,1.000000,,,,,0.000000,,,,,,47.082283,0.000000,3600,6.938070,164.206278,MBIE EDGS 2024 assumptions workbook + explicit study assumptions in build_capacity_EDGS.py,,,,EDGS plant=Kaiwaikawe; status=Fully consented; capital_cost is the legacy annualised NZ generator value (investment + fixed O&M for flexible candidates; zero for sunk existing/fixed capacity); variable_O&M_NZD_per_MWh=0.000000; overnight_CAPEX_NZD_per_MW=2249401.069685.
wind_northland_kaiwaikawe,wind,2040,2040,,,MW_e generator capacity,,,,228353.425758,NZD/MW-year,0.000000,NZD/MWh_e,1.000000,,,,,0.000000,,,,,,47.082283,0.000000,3600,6.938070,164.206278,MBIE EDGS 2024 assumptions workbook + explicit study assumptions in build_capacity_EDGS.py,,,,EDGS plant=Kaiwaikawe; status=Fully consented; capital_cost is the legacy annualised NZ generator value (investment + fixed O&M for flexible candidates; zero for sunk existing/fixed capacity); variable_O&M_NZD_per_MWh=0.000000; overnight_CAPEX_NZD_per_MW=2249401.069685.
wind_northland_kaiwaikawe,wind,2050,2050,,,MW_e generator capacity,,,,228353.425758,NZD/MW-year,0.000000,NZD/MWh_e,1.000000,,,,,0.000000,,,,,,47.082283,0.000000,3600,6.938070,164.206278,MBIE EDGS 2024 assumptions workbook + explicit study assumptions in build_capacity_EDGS.py,,,,EDGS plant=Kaiwaikawe; status=Fully consented; capital_cost is the legacy annualised NZ generator value (investment + fixed O&M for flexible candidates; zero for sunk existing/fixed capacity); variable_O&M_NZD_per_MWh=0.000000; overnight_CAPEX_NZD_per_MW=2249401.069685.
bio_reciprocating_otago_generic_reciprocating_biogas_1_halfway_bush,bio_reciprocating,2025,2025,,,MW_e generator capacity,,,,242996.220512,NZD/MW-year,16.012294,NZD/MWh_e,1.000000,,,,,0.000000,,,,,,21.173282,0.000000,11400,0.661665,25.850321,MBIE EDGS 2024 assumptions workbook + explicit study assumptions in build_capacity_EDGS.py,,,,EDGS plant=Generic Reciprocating Biogas: 1 (Halfway Bush); status=Generic; capital_cost is the legacy annualised NZ generator value (investment + fixed O&M for flexible candidates; zero for sunk existing/fixed capacity); variable_O&M_NZD_per_MWh=16.012294; overnight_CAPEX_NZD_per_MW=2585032.068248.
bio_reciprocating_otago_generic_reciprocating_biogas_1_halfway_bush,bio_reciprocating,2030,2030,,,MW_e generator capacity,,,,242996.220512,NZD/MW-year,16.012294,NZD/MWh_e,1.000000,,,,,0.000000,,,,,,21.173282,0.000000,11400,0.661665,25.850321,MBIE EDGS 2024 assumptions workbook + explicit study assumptions in build_capacity_EDGS.py,,,,EDGS plant=Generic Reciprocating Biogas: 1 (Halfway Bush); status=Generic; capital_cost is the legacy annualised NZ generator value (investment + fixed O&M for flexible candidates; zero for sunk existing/fixed capacity); variable_O&M_NZD_per_MWh=16.012294; overnight_CAPEX_NZD_per_MW=2585032.068248.
bio_reciprocating_otago_generic_reciprocating_biogas_1_halfway_bush,bio_reciprocating,2040,2040,,,MW_e generator capacity,,,,242996.220512,NZD/MW-year,16.012294,NZD/MWh_e,1.000000,,,,,0.000000,,,,,,21.173282,0.000000,11400,0.661665,25.850321,MBIE EDGS 2024 assumptions workbook + explicit study assumptions in build_capacity_EDGS.py,,,,EDGS plant=Generic Reciprocating Biogas: 1 (Halfway Bush); status=Generic; capital_cost is the legacy annualised NZ generator value (investment + fixed O&M for flexible candidates; zero for sunk existing/fixed capacity); variable_O&M_NZD_per_MWh=16.012294; overnight_CAPEX_NZD_per_MW=2585032.068248.
bio_reciprocating_otago_generic_reciprocating_biogas_1_halfway_bush,bio_reciprocating,2050,2050,,,MW_e generator capacity,,,,242996.220512,NZD/MW-year,16.012294,NZD/MWh_e,1.000000,,,,,0.000000,,,,,,21.173282,0.000000,11400,0.661665,25.850321,MBIE EDGS 2024 assumptions workbook + explicit study assumptions in build_capacity_EDGS.py,,,,EDGS plant=Generic Reciprocating Biogas: 1 (Halfway Bush); status=Generic; capital_cost is the legacy annualised NZ generator value (investment + fixed O&M for flexible candidates; zero for sunk existing/fixed capacity); variable_O&M_NZD_per_MWh=16.012294; overnight_CAPEX_NZD_per_MW=2585032.068248.
hydro_peaking_otago_hawea_gates_hydro_plant,hydro_peaking,2025,2025,,,MW_e generator capacity,,,,432218.439037,NZD/MW-year,0.000000,NZD/MWh_e,1.000000,,,,,0.000000,,,,,,153.132623,0.000000,3600,17.203291,67.475720,MBIE EDGS 2024 assumptions workbook + explicit study assumptions in build_capacity_EDGS.py,,,,EDGS plant=Hāwea Gates hydro plant; status=Consent lapsed; capital_cost is the legacy annualised NZ generator value (investment + fixed O&M for flexible candidates; zero for sunk existing/fixed capacity); variable_O&M_NZD_per_MWh=0.000000; overnight_CAPEX_NZD_per_MW=3969159.994685.
hydro_peaking_otago_hawea_gates_hydro_plant,hydro_peaking,2030,2030,,,MW_e generator capacity,,,,432218.439037,NZD/MW-year,0.000000,NZD/MWh_e,1.000000,,,,,0.000000,,,,,,153.132623,0.000000,3600,17.203291,67.475720,MBIE EDGS 2024 assumptions workbook + explicit study assumptions in build_capacity_EDGS.py,,,,EDGS plant=Hāwea Gates hydro plant; status=Consent lapsed; capital_cost is the legacy annualised NZ generator value (investment + fixed O&M for flexible candidates; zero for sunk existing/fixed capacity); variable_O&M_NZD_per_MWh=0.000000; overnight_CAPEX_NZD_per_MW=3969159.994685.
hydro_peaking_otago_hawea_gates_hydro_plant,hydro_peaking,2040,2040,,,MW_e generator capacity,,,,432218.439037,NZD/MW-year,0.000000,NZD/MWh_e,1.000000,,,,,0.000000,,,,,,153.132623,0.000000,3600,17.203291,67.475720,MBIE EDGS 2024 assumptions workbook + explicit study assumptions in build_capacity_EDGS.py,,,,EDGS plant=Hāwea Gates hydro plant; status=Consent lapsed; capital_cost is the legacy annualised NZ generator value (investment + fixed O&M for flexible candidates; zero for sunk existing/fixed capacity); variable_O&M_NZD_per_MWh=0.000000; overnight_CAPEX_NZD_per_MW=3969159.994685.
hydro_peaking_otago_hawea_gates_hydro_plant,hydro_peaking,2050,2050,,,MW_e generator capacity,,,,432218.439037,NZD/MW-year,0.000000,NZD/MWh_e,1.000000,,,,,0.000000,,,,,,153.132623,0.000000,3600,17.203291,67.475720,MBIE EDGS 2024 assumptions workbook + explicit study assumptions in build_capacity_EDGS.py,,,,EDGS plant=Hāwea Gates hydro plant; status=Consent lapsed; capital_cost is the legacy annualised NZ generator value (investment + fixed O&M for flexible candidates; zero for sunk existing/fixed capacity); variable_O&M_NZD_per_MWh=0.000000; overnight_CAPEX_NZD_per_MW=3969159.994685.
hydro_run_of_river_otago_clutha_river_beaumont_expansion,hydro_run_of_river,2025,2025,,,MW_e generator capacity,,,,534930.311264,NZD/MW-year,0.000000,NZD/MWh_e,1.000000,,,,,0.000000,,,,,,68.265665,0.000000,3600,18.658955,1227.827821,MBIE EDGS 2024 assumptions workbook + explicit study assumptions in build_capacity_EDGS.py,,,,EDGS plant=Clutha River - Beaumont Expansion; status=Potential; capital_cost is the legacy annualised NZ generator value (investment + fixed O&M for flexible candidates; zero for sunk existing/fixed capacity); variable_O&M_NZD_per_MWh=0.000000; overnight_CAPEX_NZD_per_MW=6636907.142773.
hydro_run_of_river_otago_clutha_river_beaumont_expansion,hydro_run_of_river,2030,2030,,,MW_e generator capacity,,,,534930.311264,NZD/MW-year,0.000000,NZD/MWh_e,1.000000,,,,,0.000000,,,,,,68.265665,0.000000,3600,18.658955,1227.827821,MBIE EDGS 2024 assumptions workbook + explicit study assumptions in build_capacity_EDGS.py,,,,EDGS plant=Clutha River - Beaumont Expansion; status=Potential; capital_cost is the legacy annualised NZ generator value (investment + fixed O&M for flexible candidates; zero for sunk existing/fixed capacity); variable_O&M_NZD_per_MWh=0.000000; overnight_CAPEX_NZD_per_MW=6636907.142773.
hydro_run_of_river_otago_clutha_river_beaumont_expansion,hydro_run_of_river,2040,2040,,,MW_e generator capacity,,,,534930.311264,NZD/MW-year,0.000000,NZD/MWh_e,1.000000,,,,,0.000000,,,,,,68.265665,0.000000,3600,18.658955,1227.827821,MBIE EDGS 2024 assumptions workbook + explicit study assumptions in build_capacity_EDGS.py,,,,EDGS plant=Clutha River - Beaumont Expansion; status=Potential; capital_cost is the legacy annualised NZ generator value (investment + fixed O&M for flexible candidates; zero for sunk existing/fixed capacity); variable_O&M_NZD_per_MWh=0.000000; overnight_CAPEX_NZD_per_MW=6636907.142773.
hydro_run_of_river_otago_clutha_river_beaumont_expansion,hydro_run_of_river,2050,2050,,,MW_e generator capacity,,,,534930.311264,NZD/MW-year,0.000000,NZD/MWh_e,1.000000,,,,,0.000000,,,,,,68.265665,0.000000,3600,18.658955,1227.827821,MBIE EDGS 2024 assumptions workbook + explicit study assumptions in build_capacity_EDGS.py,,,,EDGS plant=Clutha River - Beaumont Expansion; status=Potential; capital_cost is the legacy annualised NZ generator value (investment + fixed O&M for flexible candidates; zero for sunk existing/fixed capacity); variable_O&M_NZD_per_MWh=0.000000; overnight_CAPEX_NZD_per_MW=6636907.142773.
hydro_run_of_river_otago_clutha_river_luggate_expansion,hydro_run_of_river,2025,2025,,,MW_e generator capacity,,,,497243.722894,NZD/MW-year,0.000000,NZD/MWh_e,1.000000,,,,,0.000000,,,,,,73.571127,0.000000,3600,9.527977,482.037917,MBIE EDGS 2024 assumptions workbook + explicit study assumptions in build_capacity_EDGS.py,,,,EDGS plant=Clutha River - Luggate expansion; status=Potential; capital_cost is the legacy annualised NZ generator value (investment + fixed O&M for flexible candidates; zero for sunk existing/fixed capacity); variable_O&M_NZD_per_MWh=0.000000; overnight_CAPEX_NZD_per_MW=6025473.958583.
hydro_run_of_river_otago_clutha_river_luggate_expansion,hydro_run_of_river,2030,2030,,,MW_e generator capacity,,,,497243.722894,NZD/MW-year,0.000000,NZD/MWh_e,1.000000,,,,,0.000000,,,,,,73.571127,0.000000,3600,9.527977,482.037917,MBIE EDGS 2024 assumptions workbook + explicit study assumptions in build_capacity_EDGS.py,,,,EDGS plant=Clutha River - Luggate expansion; status=Potential; capital_cost is the legacy annualised NZ generator value (investment + fixed O&M for flexible candidates; zero for sunk existing/fixed capacity); variable_O&M_NZD_per_MWh=0.000000; overnight_CAPEX_NZD_per_MW=6025473.958583.
hydro_run_of_river_otago_clutha_river_luggate_expansion,hydro_run_of_river,2040,2040,,,MW_e generator capacity,,,,497243.722894,NZD/MW-year,0.000000,NZD/MWh_e,1.000000,,,,,0.000000,,,,,,73.571127,0.000000,3600,9.527977,482.037917,MBIE EDGS 2024 assumptions workbook + explicit study assumptions in build_capacity_EDGS.py,,,,EDGS plant=Clutha River - Luggate expansion; status=Potential; capital_cost is the legacy annualised NZ generator value (investment + fixed O&M for flexible candidates; zero for sunk existing/fixed capacity); variable_O&M_NZD_per_MWh=0.000000; overnight_CAPEX_NZD_per_MW=6025473.958583.
hydro_run_of_river_otago_clutha_river_luggate_expansion,hydro_run_of_river,2050,2050,,,MW_e generator capacity,,,,497243.722894,NZD/MW-year,0.000000,NZD/MWh_e,1.000000,,,,,0.000000,,,,,,73.571127,0.000000,3600,9.527977,482.037917,MBIE EDGS 2024 assumptions workbook + explicit study assumptions in build_capacity_EDGS.py,,,,EDGS plant=Clutha River - Luggate expansion; status=Potential; capital_cost is the legacy annualised NZ generator value (investment + fixed O&M for flexible candidates; zero for sunk existing/fixed capacity); variable_O&M_NZD_per_MWh=0.000000; overnight_CAPEX_NZD_per_MW=6025473.958583.
hydro_run_of_river_otago_clutha_river_queensberry_expansion,hydro_run_of_river,2025,2025,,,MW_e generator capacity,,,,541104.753811,NZD/MW-year,0.000000,NZD/MWh_e,1.000000,,,,,0.000000,,,,,,69.604808,0.000000,3600,18.658955,737.624227,MBIE EDGS 2024 assumptions workbook + explicit study assumptions in build_capacity_EDGS.py,,,,EDGS plant=Clutha River - Queensberry expansion; status=Potential; capital_cost is the legacy annualised NZ generator value (investment + fixed O&M for flexible candidates; zero for sunk existing/fixed capacity); variable_O&M_NZD_per_MWh=0.000000; overnight_CAPEX_NZD_per_MW=6705674.788355.
hydro_run_of_river_otago_clutha_river_queensberry_expansion,hydro_run_of_river,2030,2030,,,MW_e generator capacity,,,,541104.753811,NZD/MW-year,0.000000,NZD/MWh_e,1.000000,,,,,0.000000,,,,,,69.604808,0.000000,3600,18.658955,737.624227,MBIE EDGS 2024 assumptions workbook + explicit study assumptions in build_capacity_EDGS.py,,,,EDGS plant=Clutha River - Queensberry expansion; status=Potential; capital_cost is the legacy annualised NZ generator value (investment + fixed O&M for flexible candidates; zero for sunk existing/fixed capacity); variable_O&M_NZD_per_MWh=0.000000; overnight_CAPEX_NZD_per_MW=6705674.788355.
hydro_run_of_river_otago_clutha_river_queensberry_expansion,hydro_run_of_river,2040,2040,,,MW_e generator capacity,,,,541104.753811,NZD/MW-year,0.000000,NZD/MWh_e,1.000000,,,,,0.000000,,,,,,69.604808,0.000000,3600,18.658955,737.624227,MBIE EDGS 2024 assumptions workbook + explicit study assumptions in build_capacity_EDGS.py,,,,EDGS plant=Clutha River - Queensberry expansion; status=Potential; capital_cost is the legacy annualised NZ generator value (investment + fixed O&M for flexible candidates; zero for sunk existing/fixed capacity); variable_O&M_NZD_per_MWh=0.000000; overnight_CAPEX_NZD_per_MW=6705674.788355.
hydro_run_of_river_otago_clutha_river_queensberry_expansion,hydro_run_of_river,2050,2050,,,MW_e generator capacity,,,,541104.753811,NZD/MW-year,0.000000,NZD/MWh_e,1.000000,,,,,0.000000,,,,,,69.604808,0.000000,3600,18.658955,737.624227,MBIE EDGS 2024 assumptions workbook + explicit study assumptions in build_capacity_EDGS.py,,,,EDGS plant=Clutha River - Queensberry expansion; status=Potential; capital_cost is the legacy annualised NZ generator value (investment + fixed O&M for flexible candidates; zero for sunk existing/fixed capacity); variable_O&M_NZD_per_MWh=0.000000; overnight_CAPEX_NZD_per_MW=6705674.788355.
hydro_run_of_river_otago_clutha_river_tuapeka_expansion,hydro_run_of_river,2025,2025,,,MW_e generator capacity,,,,442965.400969,NZD/MW-year,0.000000,NZD/MWh_e,1.000000,,,,,0.000000,,,,,,59.433449,0.000000,3600,28.451597,1909.107726,MBIE EDGS 2024 assumptions workbook + explicit study assumptions in build_capacity_EDGS.py,,,,EDGS plant=Clutha River - Tuapeka expansion; status=Potential; capital_cost is the legacy annualised NZ generator value (investment + fixed O&M for flexible candidates; zero for sunk existing/fixed capacity); variable_O&M_NZD_per_MWh=0.000000; overnight_CAPEX_NZD_per_MW=5454593.503381.
hydro_run_of_river_otago_clutha_river_tuapeka_expansion,hydro_run_of_river,2030,2030,,,MW_e generator capacity,,,,442965.400969,NZD/MW-year,0.000000,NZD/MWh_e,1.000000,,,,,0.000000,,,,,,59.433449,0.000000,3600,28.451597,1909.107726,MBIE EDGS 2024 assumptions workbook + explicit study assumptions in build_capacity_EDGS.py,,,,EDGS plant=Clutha River - Tuapeka expansion; status=Potential; capital_cost is the legacy annualised NZ generator value (investment + fixed O&M for flexible candidates; zero for sunk existing/fixed capacity); variable_O&M_NZD_per_MWh=0.000000; overnight_CAPEX_NZD_per_MW=5454593.503381.
hydro_run_of_river_otago_clutha_river_tuapeka_expansion,hydro_run_of_river,2040,2040,,,MW_e generator capacity,,,,442965.400969,NZD/MW-year,0.000000,NZD/MWh_e,1.000000,,,,,0.000000,,,,,,59.433449,0.000000,3600,28.451597,1909.107726,MBIE EDGS 2024 assumptions workbook + explicit study assumptions in build_capacity_EDGS.py,,,,EDGS plant=Clutha River - Tuapeka expansion; status=Potential; capital_cost is the legacy annualised NZ generator value (investment + fixed O&M for flexible candidates; zero for sunk existing/fixed capacity); variable_O&M_NZD_per_MWh=0.000000; overnight_CAPEX_NZD_per_MW=5454593.503381.
hydro_run_of_river_otago_clutha_river_tuapeka_expansion,hydro_run_of_river,2050,2050,,,MW_e generator capacity,,,,442965.400969,NZD/MW-year,0.000000,NZD/MWh_e,1.000000,,,,,0.000000,,,,,,59.433449,0.000000,3600,28.451597,1909.107726,MBIE EDGS 2024 assumptions workbook + explicit study assumptions in build_capacity_EDGS.py,,,,EDGS plant=Clutha River - Tuapeka expansion; status=Potential; capital_cost is the legacy annualised NZ generator value (investment + fixed O&M for flexible candidates; zero for sunk existing/fixed capacity); variable_O&M_NZD_per_MWh=0.000000; overnight_CAPEX_NZD_per_MW=5454593.503381.
hydro_storage_otago_clyde_and_roxburgh_hydro_scheme,hydro_storage,2025,2025,,,MW_e generator capacity,,,,0.000000,NZD/MW-year,0.000000,NZD/MWh_e,1.000000,,,,,0.000000,,,,,,57.593404,0.000000,3600,,,MBIE EDGS 2024 assumptions workbook + explicit study assumptions in build_capacity_EDGS.py,,,,EDGS plant=Clyde and Roxburgh hydro scheme; status=Current; capital_cost is the legacy annualised NZ generator value (investment + fixed O&M for flexible candidates; zero for sunk existing/fixed capacity); variable_O&M_NZD_per_MWh=0.000000.
hydro_storage_otago_clyde_and_roxburgh_hydro_scheme,hydro_storage,2030,2030,,,MW_e generator capacity,,,,0.000000,NZD/MW-year,0.000000,NZD/MWh_e,1.000000,,,,,0.000000,,,,,,57.593404,0.000000,3600,,,MBIE EDGS 2024 assumptions workbook + explicit study assumptions in build_capacity_EDGS.py,,,,EDGS plant=Clyde and Roxburgh hydro scheme; status=Current; capital_cost is the legacy annualised NZ generator value (investment + fixed O&M for flexible candidates; zero for sunk existing/fixed capacity); variable_O&M_NZD_per_MWh=0.000000.
hydro_storage_otago_clyde_and_roxburgh_hydro_scheme,hydro_storage,2040,2040,,,MW_e generator capacity,,,,0.000000,NZD/MW-year,0.000000,NZD/MWh_e,1.000000,,,,,0.000000,,,,,,57.593404,0.000000,3600,,,MBIE EDGS 2024 assumptions workbook + explicit study assumptions in build_capacity_EDGS.py,,,,EDGS plant=Clyde and Roxburgh hydro scheme; status=Current; capital_cost is the legacy annualised NZ generator value (investment + fixed O&M for flexible candidates; zero for sunk existing/fixed capacity); variable_O&M_NZD_per_MWh=0.000000.
hydro_storage_otago_clyde_and_roxburgh_hydro_scheme,hydro_storage,2050,2050,,,MW_e generator capacity,,,,0.000000,NZD/MW-year,0.000000,NZD/MWh_e,1.000000,,,,,0.000000,,,,,,57.593404,0.000000,3600,,,MBIE EDGS 2024 assumptions workbook + explicit study assumptions in build_capacity_EDGS.py,,,,EDGS plant=Clyde and Roxburgh hydro scheme; status=Current; capital_cost is the legacy annualised NZ generator value (investment + fixed O&M for flexible candidates; zero for sunk existing/fixed capacity); variable_O&M_NZD_per_MWh=0.000000.
hydro_storage_otago_waipori_power_scheme,hydro_storage,2025,2025,,,MW_e generator capacity,,,,0.000000,NZD/MW-year,0.000000,NZD/MWh_e,1.000000,,,,,0.000000,,,,,,98.973969,0.000000,3600,,,MBIE EDGS 2024 assumptions workbook + explicit study assumptions in build_capacity_EDGS.py,,,,EDGS plant=Waipori power scheme; status=Current; capital_cost is the legacy annualised NZ generator value (investment + fixed O&M for flexible candidates; zero for sunk existing/fixed capacity); variable_O&M_NZD_per_MWh=0.000000.
hydro_storage_otago_waipori_power_scheme,hydro_storage,2030,2030,,,MW_e generator capacity,,,,0.000000,NZD/MW-year,0.000000,NZD/MWh_e,1.000000,,,,,0.000000,,,,,,98.973969,0.000000,3600,,,MBIE EDGS 2024 assumptions workbook + explicit study assumptions in build_capacity_EDGS.py,,,,EDGS plant=Waipori power scheme; status=Current; capital_cost is the legacy annualised NZ generator value (investment + fixed O&M for flexible candidates; zero for sunk existing/fixed capacity); variable_O&M_NZD_per_MWh=0.000000.
hydro_storage_otago_waipori_power_scheme,hydro_storage,2040,2040,,,MW_e generator capacity,,,,0.000000,NZD/MW-year,0.000000,NZD/MWh_e,1.000000,,,,,0.000000,,,,,,98.973969,0.000000,3600,,,MBIE EDGS 2024 assumptions workbook + explicit study assumptions in build_capacity_EDGS.py,,,,EDGS plant=Waipori power scheme; status=Current; capital_cost is the legacy annualised NZ generator value (investment + fixed O&M for flexible candidates; zero for sunk existing/fixed capacity); variable_O&M_NZD_per_MWh=0.000000.
hydro_storage_otago_waipori_power_scheme,hydro_storage,2050,2050,,,MW_e generator capacity,,,,0.000000,NZD/MW-year,0.000000,NZD/MWh_e,1.000000,,,,,0.000000,,,,,,98.973969,0.000000,3600,,,MBIE EDGS 2024 assumptions workbook + explicit study assumptions in build_capacity_EDGS.py,,,,EDGS plant=Waipori power scheme; status=Current; capital_cost is the legacy annualised NZ generator value (investment + fixed O&M for flexible candidates; zero for sunk existing/fixed capacity); variable_O&M_NZD_per_MWh=0.000000.
solar_otago_generic_solar_101_200mw_35,solar,2025,2025,,,MW_e generator capacity,,,,144361.703708,NZD/MW-year,0.000000,NZD/MWh_e,1.000000,,,,,0.000000,,,,,,23.558811,0.000000,3600,28.840000,179.885769,MBIE EDGS 2024 assumptions workbook + explicit study assumptions in build_capacity_EDGS.py,,,,EDGS plant=Generic solar (101-200MW): 35; status=Generic; capital_cost is the legacy annualised NZ generator value (investment + fixed O&M for flexible candidates; zero for sunk existing/fixed capacity); variable_O&M_NZD_per_MWh=0.000000; overnight_CAPEX_NZD_per_MW=1499048.072464.
solar_otago_generic_solar_101_200mw_35,solar,2030,2030,,,MW_e generator capacity,,,,144361.703708,NZD/MW-year,0.000000,NZD/MWh_e,1.000000,,,,,0.000000,,,,,,23.558811,0.000000,3600,28.840000,179.885769,MBIE EDGS 2024 assumptions workbook + explicit study assumptions in build_capacity_EDGS.py,,,,EDGS plant=Generic solar (101-200MW): 35; status=Generic; capital_cost is the legacy annualised NZ generator value (investment + fixed O&M for flexible candidates; zero for sunk existing/fixed capacity); variable_O&M_NZD_per_MWh=0.000000; overnight_CAPEX_NZD_per_MW=1499048.072464.
solar_otago_generic_solar_101_200mw_35,solar,2040,2040,,,MW_e generator capacity,,,,144361.703708,NZD/MW-year,0.000000,NZD/MWh_e,1.000000,,,,,0.000000,,,,,,23.558811,0.000000,3600,28.840000,179.885769,MBIE EDGS 2024 assumptions workbook + explicit study assumptions in build_capacity_EDGS.py,,,,EDGS plant=Generic solar (101-200MW): 35; status=Generic; capital_cost is the legacy annualised NZ generator value (investment + fixed O&M for flexible candidates; zero for sunk existing/fixed capacity); variable_O&M_NZD_per_MWh=0.000000; overnight_CAPEX_NZD_per_MW=1499048.072464.
solar_otago_generic_solar_101_200mw_35,solar,2050,2050,,,MW_e generator capacity,,,,144361.703708,NZD/MW-year,0.000000,NZD/MWh_e,1.000000,,,,,0.000000,,,,,,23.558811,0.000000,3600,28.840000,179.885769,MBIE EDGS 2024 assumptions workbook + explicit study assumptions in build_capacity_EDGS.py,,,,EDGS plant=Generic solar (101-200MW): 35; status=Generic; capital_cost is the legacy annualised NZ generator value (investment + fixed O&M for flexible candidates; zero for sunk existing/fixed capacity); variable_O&M_NZD_per_MWh=0.000000; overnight_CAPEX_NZD_per_MW=1499048.072464.
solar_otago_generic_solar_200mw+_33,solar,2025,2025,,,MW_e generator capacity,,,,133623.111049,NZD/MW-year,0.000000,NZD/MWh_e,1.000000,,,,,0.000000,,,,,,23.558811,0.000000,3600,44.600000,273.158487,MBIE EDGS 2024 assumptions workbook + explicit study assumptions in build_capacity_EDGS.py,,,,EDGS plant=Generic solar (200MW+): 33; status=Generic; capital_cost is the legacy annualised NZ generator value (investment + fixed O&M for flexible candidates; zero for sunk existing/fixed capacity); variable_O&M_NZD_per_MWh=0.000000; overnight_CAPEX_NZD_per_MW=1365792.433913.
solar_otago_generic_solar_200mw+_33,solar,2030,2030,,,MW_e generator capacity,,,,133623.111049,NZD/MW-year,0.000000,NZD/MWh_e,1.000000,,,,,0.000000,,,,,,23.558811,0.000000,3600,44.600000,273.158487,MBIE EDGS 2024 assumptions workbook + explicit study assumptions in build_capacity_EDGS.py,,,,EDGS plant=Generic solar (200MW+): 33; status=Generic; capital_cost is the legacy annualised NZ generator value (investment + fixed O&M for flexible candidates; zero for sunk existing/fixed capacity); variable_O&M_NZD_per_MWh=0.000000; overnight_CAPEX_NZD_per_MW=1365792.433913.
solar_otago_generic_solar_200mw+_33,solar,2040,2040,,,MW_e generator capacity,,,,133623.111049,NZD/MW-year,0.000000,NZD/MWh_e,1.000000,,,,,0.000000,,,,,,23.558811,0.000000,3600,44.600000,273.158487,MBIE EDGS 2024 assumptions workbook + explicit study assumptions in build_capacity_EDGS.py,,,,EDGS plant=Generic solar (200MW+): 33; status=Generic; capital_cost is the legacy annualised NZ generator value (investment + fixed O&M for flexible candidates; zero for sunk existing/fixed capacity); variable_O&M_NZD_per_MWh=0.000000; overnight_CAPEX_NZD_per_MW=1365792.433913.
solar_otago_generic_solar_200mw+_33,solar,2050,2050,,,MW_e generator capacity,,,,133623.111049,NZD/MW-year,0.000000,NZD/MWh_e,1.000000,,,,,0.000000,,,,,,23.558811,0.000000,3600,44.600000,273.158487,MBIE EDGS 2024 assumptions workbook + explicit study assumptions in build_capacity_EDGS.py,,,,EDGS plant=Generic solar (200MW+): 33; status=Generic; capital_cost is the legacy annualised NZ generator value (investment + fixed O&M for flexible candidates; zero for sunk existing/fixed capacity); variable_O&M_NZD_per_MWh=0.000000; overnight_CAPEX_NZD_per_MW=1365792.433913.
solar_otago_generic_solar_200mw+_56,solar,2025,2025,,,MW_e generator capacity,,,,141924.218159,NZD/MW-year,0.000000,NZD/MWh_e,1.000000,,,,,0.000000,,,,,,23.558811,0.000000,3600,52.930000,293.760243,MBIE EDGS 2024 assumptions workbook + explicit study assumptions in build_capacity_EDGS.py,,,,EDGS plant=Generic solar (200MW+): 56; status=Generic; capital_cost is the legacy annualised NZ generator value (investment + fixed O&M for flexible candidates; zero for sunk existing/fixed capacity); variable_O&M_NZD_per_MWh=0.000000; overnight_CAPEX_NZD_per_MW=1468801.213913.
solar_otago_generic_solar_200mw+_56,solar,2030,2030,,,MW_e generator capacity,,,,141924.218159,NZD/MW-year,0.000000,NZD/MWh_e,1.000000,,,,,0.000000,,,,,,23.558811,0.000000,3600,52.930000,293.760243,MBIE EDGS 2024 assumptions workbook + explicit study assumptions in build_capacity_EDGS.py,,,,EDGS plant=Generic solar (200MW+): 56; status=Generic; capital_cost is the legacy annualised NZ generator value (investment + fixed O&M for flexible candidates; zero for sunk existing/fixed capacity); variable_O&M_NZD_per_MWh=0.000000; overnight_CAPEX_NZD_per_MW=1468801.213913.
solar_otago_generic_solar_200mw+_56,solar,2040,2040,,,MW_e generator capacity,,,,141924.218159,NZD/MW-year,0.000000,NZD/MWh_e,1.000000,,,,,0.000000,,,,,,23.558811,0.000000,3600,52.930000,293.760243,MBIE EDGS 2024 assumptions workbook + explicit study assumptions in build_capacity_EDGS.py,,,,EDGS plant=Generic solar (200MW+): 56; status=Generic; capital_cost is the legacy annualised NZ generator value (investment + fixed O&M for flexible candidates; zero for sunk existing/fixed capacity); variable_O&M_NZD_per_MWh=0.000000; overnight_CAPEX_NZD_per_MW=1468801.213913.
solar_otago_generic_solar_200mw+_56,solar,2050,2050,,,MW_e generator capacity,,,,141924.218159,NZD/MW-year,0.000000,NZD/MWh_e,1.000000,,,,,0.000000,,,,,,23.558811,0.000000,3600,52.930000,293.760243,MBIE EDGS 2024 assumptions workbook + explicit study assumptions in build_capacity_EDGS.py,,,,EDGS plant=Generic solar (200MW+): 56; status=Generic; capital_cost is the legacy annualised NZ generator value (investment + fixed O&M for flexible candidates; zero for sunk existing/fixed capacity); variable_O&M_NZD_per_MWh=0.000000; overnight_CAPEX_NZD_per_MW=1468801.213913.
solar_otago_maniototo_solar_farm,solar,2025,2025,,,MW_e generator capacity,,,,109545.296719,NZD/MW-year,0.000000,NZD/MWh_e,1.000000,,,,,0.000000,,,,,,20.444943,0.000000,3600,38.283156,331.694988,MBIE EDGS 2024 assumptions workbook + explicit study assumptions in build_capacity_EDGS.py,,,,EDGS plant=Maniototo solar farm; status=Announced; capital_cost is the legacy annualised NZ generator value (investment + fixed O&M for flexible candidates; zero for sunk existing/fixed capacity); variable_O&M_NZD_per_MWh=0.000000; overnight_CAPEX_NZD_per_MW=1105649.959015.
solar_otago_maniototo_solar_farm,solar,2030,2030,,,MW_e generator capacity,,,,109545.296719,NZD/MW-year,0.000000,NZD/MWh_e,1.000000,,,,,0.000000,,,,,,20.444943,0.000000,3600,38.283156,331.694988,MBIE EDGS 2024 assumptions workbook + explicit study assumptions in build_capacity_EDGS.py,,,,EDGS plant=Maniototo solar farm; status=Announced; capital_cost is the legacy annualised NZ generator value (investment + fixed O&M for flexible candidates; zero for sunk existing/fixed capacity); variable_O&M_NZD_per_MWh=0.000000; overnight_CAPEX_NZD_per_MW=1105649.959015.
solar_otago_maniototo_solar_farm,solar,2040,2040,,,MW_e generator capacity,,,,109545.296719,NZD/MW-year,0.000000,NZD/MWh_e,1.000000,,,,,0.000000,,,,,,20.444943,0.000000,3600,38.283156,331.694988,MBIE EDGS 2024 assumptions workbook + explicit study assumptions in build_capacity_EDGS.py,,,,EDGS plant=Maniototo solar farm; status=Announced; capital_cost is the legacy annualised NZ generator value (investment + fixed O&M for flexible candidates; zero for sunk existing/fixed capacity); variable_O&M_NZD_per_MWh=0.000000; overnight_CAPEX_NZD_per_MW=1105649.959015.
solar_otago_maniototo_solar_farm,solar,2050,2050,,,MW_e generator capacity,,,,109545.296719,NZD/MW-year,0.000000,NZD/MWh_e,1.000000,,,,,0.000000,,,,,,20.444943,0.000000,3600,38.283156,331.694988,MBIE EDGS 2024 assumptions workbook + explicit study assumptions in build_capacity_EDGS.py,,,,EDGS plant=Maniototo solar farm; status=Announced; capital_cost is the legacy annualised NZ generator value (investment + fixed O&M for flexible candidates; zero for sunk existing/fixed capacity); variable_O&M_NZD_per_MWh=0.000000; overnight_CAPEX_NZD_per_MW=1105649.959015.
solar_otago_naseby_solar_farm,solar,2025,2025,,,MW_e generator capacity,,,,164834.989069,NZD/MW-year,0.000000,NZD/MWh_e,1.000000,,,,,0.000000,,,,,,23.558811,0.000000,3600,21.038018,103.433013,MBIE EDGS 2024 assumptions workbook + explicit study assumptions in build_capacity_EDGS.py,,,,EDGS plant=Naseby solar farm; status=Fully consented; capital_cost is the legacy annualised NZ generator value (investment + fixed O&M for flexible candidates; zero for sunk existing/fixed capacity); variable_O&M_NZD_per_MWh=0.000000; overnight_CAPEX_NZD_per_MW=1753101.913673.
solar_otago_naseby_solar_farm,solar,2030,2030,,,MW_e generator capacity,,,,164834.989069,NZD/MW-year,0.000000,NZD/MWh_e,1.000000,,,,,0.000000,,,,,,23.558811,0.000000,3600,21.038018,103.433013,MBIE EDGS 2024 assumptions workbook + explicit study assumptions in build_capacity_EDGS.py,,,,EDGS plant=Naseby solar farm; status=Fully consented; capital_cost is the legacy annualised NZ generator value (investment + fixed O&M for flexible candidates; zero for sunk existing/fixed capacity); variable_O&M_NZD_per_MWh=0.000000; overnight_CAPEX_NZD_per_MW=1753101.913673.
solar_otago_naseby_solar_farm,solar,2040,2040,,,MW_e generator capacity,,,,164834.989069,NZD/MW-year,0.000000,NZD/MWh_e,1.000000,,,,,0.000000,,,,,,23.558811,0.000000,3600,21.038018,103.433013,MBIE EDGS 2024 assumptions workbook + explicit study assumptions in build_capacity_EDGS.py,,,,EDGS plant=Naseby solar farm; status=Fully consented; capital_cost is the legacy annualised NZ generator value (investment + fixed O&M for flexible candidates; zero for sunk existing/fixed capacity); variable_O&M_NZD_per_MWh=0.000000; overnight_CAPEX_NZD_per_MW=1753101.913673.
solar_otago_naseby_solar_farm,solar,2050,2050,,,MW_e generator capacity,,,,164834.989069,NZD/MW-year,0.000000,NZD/MWh_e,1.000000,,,,,0.000000,,,,,,23.558811,0.000000,3600,21.038018,103.433013,MBIE EDGS 2024 assumptions workbook + explicit study assumptions in build_capacity_EDGS.py,,,,EDGS plant=Naseby solar farm; status=Fully consented; capital_cost is the legacy annualised NZ generator value (investment + fixed O&M for flexible candidates; zero for sunk existing/fixed capacity); variable_O&M_NZD_per_MWh=0.000000; overnight_CAPEX_NZD_per_MW=1753101.913673.
wind_otago_generic_wind_no_47,wind,2025,2025,,,MW_e generator capacity,,,,233360.535771,NZD/MW-year,0.000000,NZD/MWh_e,1.000000,,,,,0.000000,,,,,,46.740681,0.000000,3600,56.376234,694.732040,MBIE EDGS 2024 assumptions workbook + explicit study assumptions in build_capacity_EDGS.py,,,,EDGS plant=Generic Wind No. 47; status=Generic; capital_cost is the legacy annualised NZ generator value (investment + fixed O&M for flexible candidates; zero for sunk existing/fixed capacity); variable_O&M_NZD_per_MWh=0.000000; overnight_CAPEX_NZD_per_MW=2315773.466724.
wind_otago_generic_wind_no_47,wind,2030,2030,,,MW_e generator capacity,,,,233360.535771,NZD/MW-year,0.000000,NZD/MWh_e,1.000000,,,,,0.000000,,,,,,46.740681,0.000000,3600,56.376234,694.732040,MBIE EDGS 2024 assumptions workbook + explicit study assumptions in build_capacity_EDGS.py,,,,EDGS plant=Generic Wind No. 47; status=Generic; capital_cost is the legacy annualised NZ generator value (investment + fixed O&M for flexible candidates; zero for sunk existing/fixed capacity); variable_O&M_NZD_per_MWh=0.000000; overnight_CAPEX_NZD_per_MW=2315773.466724.
wind_otago_generic_wind_no_47,wind,2040,2040,,,MW_e generator capacity,,,,233360.535771,NZD/MW-year,0.000000,NZD/MWh_e,1.000000,,,,,0.000000,,,,,,46.740681,0.000000,3600,56.376234,694.732040,MBIE EDGS 2024 assumptions workbook + explicit study assumptions in build_capacity_EDGS.py,,,,EDGS plant=Generic Wind No. 47; status=Generic; capital_cost is the legacy annualised NZ generator value (investment + fixed O&M for flexible candidates; zero for sunk existing/fixed capacity); variable_O&M_NZD_per_MWh=0.000000; overnight_CAPEX_NZD_per_MW=2315773.466724.
wind_otago_generic_wind_no_47,wind,2050,2050,,,MW_e generator capacity,,,,233360.535771,NZD/MW-year,0.000000,NZD/MWh_e,1.000000,,,,,0.000000,,,,,,46.740681,0.000000,3600,56.376234,694.732040,MBIE EDGS 2024 assumptions workbook + explicit study assumptions in build_capacity_EDGS.py,,,,EDGS plant=Generic Wind No. 47; status=Generic; capital_cost is the legacy annualised NZ generator value (investment + fixed O&M for flexible candidates; zero for sunk existing/fixed capacity); variable_O&M_NZD_per_MWh=0.000000; overnight_CAPEX_NZD_per_MW=2315773.466724.
wind_otago_kaihiku_wind_farm,wind,2025,2025,,,MW_e generator capacity,,,,299130.180878,NZD/MW-year,0.000000,NZD/MWh_e,1.000000,,,,,0.000000,,,,,,49.473503,0.000000,3600,42.000000,929.400000,MBIE EDGS 2024 assumptions workbook + explicit study assumptions in build_capacity_EDGS.py,,,,EDGS plant=Kaihiku wind farm; status=Early stages; capital_cost is the legacy annualised NZ generator value (investment + fixed O&M for flexible candidates; zero for sunk existing/fixed capacity); variable_O&M_NZD_per_MWh=0.000000; overnight_CAPEX_NZD_per_MW=3098000.000000.
wind_otago_kaihiku_wind_farm,wind,2030,2030,,,MW_e generator capacity,,,,299130.180878,NZD/MW-year,0.000000,NZD/MWh_e,1.000000,,,,,0.000000,,,,,,49.473503,0.000000,3600,42.000000,929.400000,MBIE EDGS 2024 assumptions workbook + explicit study assumptions in build_capacity_EDGS.py,,,,EDGS plant=Kaihiku wind farm; status=Early stages; capital_cost is the legacy annualised NZ generator value (investment + fixed O&M for flexible candidates; zero for sunk existing/fixed capacity); variable_O&M_NZD_per_MWh=0.000000; overnight_CAPEX_NZD_per_MW=3098000.000000.
wind_otago_kaihiku_wind_farm,wind,2040,2040,,,MW_e generator capacity,,,,299130.180878,NZD/MW-year,0.000000,NZD/MWh_e,1.000000,,,,,0.000000,,,,,,49.473503,0.000000,3600,42.000000,929.400000,MBIE EDGS 2024 assumptions workbook + explicit study assumptions in build_capacity_EDGS.py,,,,EDGS plant=Kaihiku wind farm; status=Early stages; capital_cost is the legacy annualised NZ generator value (investment + fixed O&M for flexible candidates; zero for sunk existing/fixed capacity); variable_O&M_NZD_per_MWh=0.000000; overnight_CAPEX_NZD_per_MW=3098000.000000.
wind_otago_kaihiku_wind_farm,wind,2050,2050,,,MW_e generator capacity,,,,299130.180878,NZD/MW-year,0.000000,NZD/MWh_e,1.000000,,,,,0.000000,,,,,,49.473503,0.000000,3600,42.000000,929.400000,MBIE EDGS 2024 assumptions workbook + explicit study assumptions in build_capacity_EDGS.py,,,,EDGS plant=Kaihiku wind farm; status=Early stages; capital_cost is the legacy annualised NZ generator value (investment + fixed O&M for flexible candidates; zero for sunk existing/fixed capacity); variable_O&M_NZD_per_MWh=0.000000; overnight_CAPEX_NZD_per_MW=3098000.000000.
wind_otago_mahinerangi_stage_2,wind,2025,2025,,,MW_e generator capacity,,,,250572.230892,NZD/MW-year,0.000000,NZD/MWh_e,1.000000,,,,,0.000000,,,,,,48.613606,0.000000,3600,47.353210,345.843579,MBIE EDGS 2024 assumptions workbook + explicit study assumptions in build_capacity_EDGS.py,,,,EDGS plant=Mahinerangi (Stage 2); status=Fully consented; capital_cost is the legacy annualised NZ generator value (investment + fixed O&M for flexible candidates; zero for sunk existing/fixed capacity); variable_O&M_NZD_per_MWh=0.000000; overnight_CAPEX_NZD_per_MW=2506112.891120.
wind_otago_mahinerangi_stage_2,wind,2030,2030,,,MW_e generator capacity,,,,250572.230892,NZD/MW-year,0.000000,NZD/MWh_e,1.000000,,,,,0.000000,,,,,,48.613606,0.000000,3600,47.353210,345.843579,MBIE EDGS 2024 assumptions workbook + explicit study assumptions in build_capacity_EDGS.py,,,,EDGS plant=Mahinerangi (Stage 2); status=Fully consented; capital_cost is the legacy annualised NZ generator value (investment + fixed O&M for flexible candidates; zero for sunk existing/fixed capacity); variable_O&M_NZD_per_MWh=0.000000; overnight_CAPEX_NZD_per_MW=2506112.891120.
wind_otago_mahinerangi_stage_2,wind,2040,2040,,,MW_e generator capacity,,,,250572.230892,NZD/MW-year,0.000000,NZD/MWh_e,1.000000,,,,,0.000000,,,,,,48.613606,0.000000,3600,47.353210,345.843579,MBIE EDGS 2024 assumptions workbook + explicit study assumptions in build_capacity_EDGS.py,,,,EDGS plant=Mahinerangi (Stage 2); status=Fully consented; capital_cost is the legacy annualised NZ generator value (investment + fixed O&M for flexible candidates; zero for sunk existing/fixed capacity); variable_O&M_NZD_per_MWh=0.000000; overnight_CAPEX_NZD_per_MW=2506112.891120.
wind_otago_mahinerangi_stage_2,wind,2050,2050,,,MW_e generator capacity,,,,250572.230892,NZD/MW-year,0.000000,NZD/MWh_e,1.000000,,,,,0.000000,,,,,,48.613606,0.000000,3600,47.353210,345.843579,MBIE EDGS 2024 assumptions workbook + explicit study assumptions in build_capacity_EDGS.py,,,,EDGS plant=Mahinerangi (Stage 2); status=Fully consented; capital_cost is the legacy annualised NZ generator value (investment + fixed O&M for flexible candidates; zero for sunk existing/fixed capacity); variable_O&M_NZD_per_MWh=0.000000; overnight_CAPEX_NZD_per_MW=2506112.891120.
wind_otago_mahinerangi_1,wind,2025,2025,,,MW_e generator capacity,,,,0.000000,NZD/MW-year,0.000000,NZD/MWh_e,1.000000,,,,,0.000000,,,,,,49.473503,0.000000,3600,,,MBIE EDGS 2024 assumptions workbook + explicit study assumptions in build_capacity_EDGS.py,,,,EDGS plant=Mahinerangi 1; status=Current; capital_cost is the legacy annualised NZ generator value (investment + fixed O&M for flexible candidates; zero for sunk existing/fixed capacity); variable_O&M_NZD_per_MWh=0.000000.
wind_otago_mahinerangi_1,wind,2030,2030,,,MW_e generator capacity,,,,0.000000,NZD/MW-year,0.000000,NZD/MWh_e,1.000000,,,,,0.000000,,,,,,49.473503,0.000000,3600,,,MBIE EDGS 2024 assumptions workbook + explicit study assumptions in build_capacity_EDGS.py,,,,EDGS plant=Mahinerangi 1; status=Current; capital_cost is the legacy annualised NZ generator value (investment + fixed O&M for flexible candidates; zero for sunk existing/fixed capacity); variable_O&M_NZD_per_MWh=0.000000.
wind_otago_mahinerangi_1,wind,2040,2040,,,MW_e generator capacity,,,,0.000000,NZD/MW-year,0.000000,NZD/MWh_e,1.000000,,,,,0.000000,,,,,,49.473503,0.000000,3600,,,MBIE EDGS 2024 assumptions workbook + explicit study assumptions in build_capacity_EDGS.py,,,,EDGS plant=Mahinerangi 1; status=Current; capital_cost is the legacy annualised NZ generator value (investment + fixed O&M for flexible candidates; zero for sunk existing/fixed capacity); variable_O&M_NZD_per_MWh=0.000000.
wind_otago_mahinerangi_1,wind,2050,2050,,,MW_e generator capacity,,,,0.000000,NZD/MW-year,0.000000,NZD/MWh_e,1.000000,,,,,0.000000,,,,,,49.473503,0.000000,3600,,,MBIE EDGS 2024 assumptions workbook + explicit study assumptions in build_capacity_EDGS.py,,,,EDGS plant=Mahinerangi 1; status=Current; capital_cost is the legacy annualised NZ generator value (investment + fixed O&M for flexible candidates; zero for sunk existing/fixed capacity); variable_O&M_NZD_per_MWh=0.000000.
hydro_storage_southland_manapouri,hydro_storage,2025,2025,,,MW_e generator capacity,,,,0.000000,NZD/MW-year,0.000000,NZD/MWh_e,1.000000,,,,,0.000000,,,,,,35.339084,0.000000,3600,,,MBIE EDGS 2024 assumptions workbook + explicit study assumptions in build_capacity_EDGS.py,,,,EDGS plant=Manapōuri; status=Current; capital_cost is the legacy annualised NZ generator value (investment + fixed O&M for flexible candidates; zero for sunk existing/fixed capacity); variable_O&M_NZD_per_MWh=0.000000.
hydro_storage_southland_manapouri,hydro_storage,2030,2030,,,MW_e generator capacity,,,,0.000000,NZD/MW-year,0.000000,NZD/MWh_e,1.000000,,,,,0.000000,,,,,,35.339084,0.000000,3600,,,MBIE EDGS 2024 assumptions workbook + explicit study assumptions in build_capacity_EDGS.py,,,,EDGS plant=Manapōuri; status=Current; capital_cost is the legacy annualised NZ generator value (investment + fixed O&M for flexible candidates; zero for sunk existing/fixed capacity); variable_O&M_NZD_per_MWh=0.000000.
hydro_storage_southland_manapouri,hydro_storage,2040,2040,,,MW_e generator capacity,,,,0.000000,NZD/MW-year,0.000000,NZD/MWh_e,1.000000,,,,,0.000000,,,,,,35.339084,0.000000,3600,,,MBIE EDGS 2024 assumptions workbook + explicit study assumptions in build_capacity_EDGS.py,,,,EDGS plant=Manapōuri; status=Current; capital_cost is the legacy annualised NZ generator value (investment + fixed O&M for flexible candidates; zero for sunk existing/fixed capacity); variable_O&M_NZD_per_MWh=0.000000.
hydro_storage_southland_manapouri,hydro_storage,2050,2050,,,MW_e generator capacity,,,,0.000000,NZD/MW-year,0.000000,NZD/MWh_e,1.000000,,,,,0.000000,,,,,,35.339084,0.000000,3600,,,MBIE EDGS 2024 assumptions workbook + explicit study assumptions in build_capacity_EDGS.py,,,,EDGS plant=Manapōuri; status=Current; capital_cost is the legacy annualised NZ generator value (investment + fixed O&M for flexible candidates; zero for sunk existing/fixed capacity); variable_O&M_NZD_per_MWh=0.000000.
solar_southland_generic_solar_200mw+_43,solar,2025,2025,,,MW_e generator capacity,,,,138645.447512,NZD/MW-year,0.000000,NZD/MWh_e,1.000000,,,,,0.000000,,,,,,23.558811,0.000000,3600,49.210000,285.622963,MBIE EDGS 2024 assumptions workbook + explicit study assumptions in build_capacity_EDGS.py,,,,EDGS plant=Generic solar (200MW+): 43; status=Generic; capital_cost is the legacy annualised NZ generator value (investment + fixed O&M for flexible candidates; zero for sunk existing/fixed capacity); variable_O&M_NZD_per_MWh=0.000000; overnight_CAPEX_NZD_per_MW=1428114.813913.
solar_southland_generic_solar_200mw+_43,solar,2030,2030,,,MW_e generator capacity,,,,138645.447512,NZD/MW-year,0.000000,NZD/MWh_e,1.000000,,,,,0.000000,,,,,,23.558811,0.000000,3600,49.210000,285.622963,MBIE EDGS 2024 assumptions workbook + explicit study assumptions in build_capacity_EDGS.py,,,,EDGS plant=Generic solar (200MW+): 43; status=Generic; capital_cost is the legacy annualised NZ generator value (investment + fixed O&M for flexible candidates; zero for sunk existing/fixed capacity); variable_O&M_NZD_per_MWh=0.000000; overnight_CAPEX_NZD_per_MW=1428114.813913.
solar_southland_generic_solar_200mw+_43,solar,2040,2040,,,MW_e generator capacity,,,,138645.447512,NZD/MW-year,0.000000,NZD/MWh_e,1.000000,,,,,0.000000,,,,,,23.558811,0.000000,3600,49.210000,285.622963,MBIE EDGS 2024 assumptions workbook + explicit study assumptions in build_capacity_EDGS.py,,,,EDGS plant=Generic solar (200MW+): 43; status=Generic; capital_cost is the legacy annualised NZ generator value (investment + fixed O&M for flexible candidates; zero for sunk existing/fixed capacity); variable_O&M_NZD_per_MWh=0.000000; overnight_CAPEX_NZD_per_MW=1428114.813913.
solar_southland_generic_solar_200mw+_43,solar,2050,2050,,,MW_e generator capacity,,,,138645.447512,NZD/MW-year,0.000000,NZD/MWh_e,1.000000,,,,,0.000000,,,,,,23.558811,0.000000,3600,49.210000,285.622963,MBIE EDGS 2024 assumptions workbook + explicit study assumptions in build_capacity_EDGS.py,,,,EDGS plant=Generic solar (200MW+): 43; status=Generic; capital_cost is the legacy annualised NZ generator value (investment + fixed O&M for flexible candidates; zero for sunk existing/fixed capacity); variable_O&M_NZD_per_MWh=0.000000; overnight_CAPEX_NZD_per_MW=1428114.813913.
solar_southland_generic_solar_<100_mw_62,solar,2025,2025,,,MW_e generator capacity,,,,163308.601365,NZD/MW-year,0.000000,NZD/MWh_e,1.000000,,,,,0.000000,,,,,,23.558811,0.000000,3600,20.200000,104.049654,MBIE EDGS 2024 assumptions workbook + explicit study assumptions in build_capacity_EDGS.py,,,,EDGS plant=Generic solar (<100 MW): 62; status=Generic; capital_cost is the legacy annualised NZ generator value (investment + fixed O&M for flexible candidates; zero for sunk existing/fixed capacity); variable_O&M_NZD_per_MWh=0.000000; overnight_CAPEX_NZD_per_MW=1734160.905797.
solar_southland_generic_solar_<100_mw_62,solar,2030,2030,,,MW_e generator capacity,,,,163308.601365,NZD/MW-year,0.000000,NZD/MWh_e,1.000000,,,,,0.000000,,,,,,23.558811,0.000000,3600,20.200000,104.049654,MBIE EDGS 2024 assumptions workbook + explicit study assumptions in build_capacity_EDGS.py,,,,EDGS plant=Generic solar (<100 MW): 62; status=Generic; capital_cost is the legacy annualised NZ generator value (investment + fixed O&M for flexible candidates; zero for sunk existing/fixed capacity); variable_O&M_NZD_per_MWh=0.000000; overnight_CAPEX_NZD_per_MW=1734160.905797.
solar_southland_generic_solar_<100_mw_62,solar,2040,2040,,,MW_e generator capacity,,,,163308.601365,NZD/MW-year,0.000000,NZD/MWh_e,1.000000,,,,,0.000000,,,,,,23.558811,0.000000,3600,20.200000,104.049654,MBIE EDGS 2024 assumptions workbook + explicit study assumptions in build_capacity_EDGS.py,,,,EDGS plant=Generic solar (<100 MW): 62; status=Generic; capital_cost is the legacy annualised NZ generator value (investment + fixed O&M for flexible candidates; zero for sunk existing/fixed capacity); variable_O&M_NZD_per_MWh=0.000000; overnight_CAPEX_NZD_per_MW=1734160.905797.
solar_southland_generic_solar_<100_mw_62,solar,2050,2050,,,MW_e generator capacity,,,,163308.601365,NZD/MW-year,0.000000,NZD/MWh_e,1.000000,,,,,0.000000,,,,,,23.558811,0.000000,3600,20.200000,104.049654,MBIE EDGS 2024 assumptions workbook + explicit study assumptions in build_capacity_EDGS.py,,,,EDGS plant=Generic solar (<100 MW): 62; status=Generic; capital_cost is the legacy annualised NZ generator value (investment + fixed O&M for flexible candidates; zero for sunk existing/fixed capacity); variable_O&M_NZD_per_MWh=0.000000; overnight_CAPEX_NZD_per_MW=1734160.905797.
wind_southland_generic_wind_no_43,wind,2025,2025,,,MW_e generator capacity,,,,240645.207043,NZD/MW-year,0.000000,NZD/MWh_e,1.000000,,,,,0.000000,,,,,,48.083533,0.000000,3600,25.985368,358.425862,MBIE EDGS 2024 assumptions workbook + explicit study assumptions in build_capacity_EDGS.py,,,,EDGS plant=Generic Wind No. 43; status=Generic; capital_cost is the legacy annualised NZ generator value (investment + fixed O&M for flexible candidates; zero for sunk existing/fixed capacity); variable_O&M_NZD_per_MWh=0.000000; overnight_CAPEX_NZD_per_MW=2389505.744064.
wind_southland_generic_wind_no_43,wind,2030,2030,,,MW_e generator capacity,,,,240645.207043,NZD/MW-year,0.000000,NZD/MWh_e,1.000000,,,,,0.000000,,,,,,48.083533,0.000000,3600,25.985368,358.425862,MBIE EDGS 2024 assumptions workbook + explicit study assumptions in build_capacity_EDGS.py,,,,EDGS plant=Generic Wind No. 43; status=Generic; capital_cost is the legacy annualised NZ generator value (investment + fixed O&M for flexible candidates; zero for sunk existing/fixed capacity); variable_O&M_NZD_per_MWh=0.000000; overnight_CAPEX_NZD_per_MW=2389505.744064.
wind_southland_generic_wind_no_43,wind,2040,2040,,,MW_e generator capacity,,,,240645.207043,NZD/MW-year,0.000000,NZD/MWh_e,1.000000,,,,,0.000000,,,,,,48.083533,0.000000,3600,25.985368,358.425862,MBIE EDGS 2024 assumptions workbook + explicit study assumptions in build_capacity_EDGS.py,,,,EDGS plant=Generic Wind No. 43; status=Generic; capital_cost is the legacy annualised NZ generator value (investment + fixed O&M for flexible candidates; zero for sunk existing/fixed capacity); variable_O&M_NZD_per_MWh=0.000000; overnight_CAPEX_NZD_per_MW=2389505.744064.
wind_southland_generic_wind_no_43,wind,2050,2050,,,MW_e generator capacity,,,,240645.207043,NZD/MW-year,0.000000,NZD/MWh_e,1.000000,,,,,0.000000,,,,,,48.083533,0.000000,3600,25.985368,358.425862,MBIE EDGS 2024 assumptions workbook + explicit study assumptions in build_capacity_EDGS.py,,,,EDGS plant=Generic Wind No. 43; status=Generic; capital_cost is the legacy annualised NZ generator value (investment + fixed O&M for flexible candidates; zero for sunk existing/fixed capacity); variable_O&M_NZD_per_MWh=0.000000; overnight_CAPEX_NZD_per_MW=2389505.744064.
wind_southland_generic_wind_no_49,wind,2025,2025,,,MW_e generator capacity,,,,252012.242982,NZD/MW-year,0.000000,NZD/MWh_e,1.000000,,,,,0.000000,,,,,,50.356958,0.000000,3600,37.458509,250.234873,MBIE EDGS 2024 assumptions workbook + explicit study assumptions in build_capacity_EDGS.py,,,,EDGS plant=Generic Wind No. 49; status=Generic; capital_cost is the legacy annualised NZ generator value (investment + fixed O&M for flexible candidates; zero for sunk existing/fixed capacity); variable_O&M_NZD_per_MWh=0.000000; overnight_CAPEX_NZD_per_MW=2502348.733632.
wind_southland_generic_wind_no_49,wind,2030,2030,,,MW_e generator capacity,,,,252012.242982,NZD/MW-year,0.000000,NZD/MWh_e,1.000000,,,,,0.000000,,,,,,50.356958,0.000000,3600,37.458509,250.234873,MBIE EDGS 2024 assumptions workbook + explicit study assumptions in build_capacity_EDGS.py,,,,EDGS plant=Generic Wind No. 49; status=Generic; capital_cost is the legacy annualised NZ generator value (investment + fixed O&M for flexible candidates; zero for sunk existing/fixed capacity); variable_O&M_NZD_per_MWh=0.000000; overnight_CAPEX_NZD_per_MW=2502348.733632.
wind_southland_generic_wind_no_49,wind,2040,2040,,,MW_e generator capacity,,,,252012.242982,NZD/MW-year,0.000000,NZD/MWh_e,1.000000,,,,,0.000000,,,,,,50.356958,0.000000,3600,37.458509,250.234873,MBIE EDGS 2024 assumptions workbook + explicit study assumptions in build_capacity_EDGS.py,,,,EDGS plant=Generic Wind No. 49; status=Generic; capital_cost is the legacy annualised NZ generator value (investment + fixed O&M for flexible candidates; zero for sunk existing/fixed capacity); variable_O&M_NZD_per_MWh=0.000000; overnight_CAPEX_NZD_per_MW=2502348.733632.
wind_southland_generic_wind_no_49,wind,2050,2050,,,MW_e generator capacity,,,,252012.242982,NZD/MW-year,0.000000,NZD/MWh_e,1.000000,,,,,0.000000,,,,,,50.356958,0.000000,3600,37.458509,250.234873,MBIE EDGS 2024 assumptions workbook + explicit study assumptions in build_capacity_EDGS.py,,,,EDGS plant=Generic Wind No. 49; status=Generic; capital_cost is the legacy annualised NZ generator value (investment + fixed O&M for flexible candidates; zero for sunk existing/fixed capacity); variable_O&M_NZD_per_MWh=0.000000; overnight_CAPEX_NZD_per_MW=2502348.733632.
wind_southland_generic_wind_no_52,wind,2025,2025,,,MW_e generator capacity,,,,273240.121901,NZD/MW-year,0.000000,NZD/MWh_e,1.000000,,,,,0.000000,,,,,,52.606825,0.000000,3600,25.419957,136.892384,MBIE EDGS 2024 assumptions workbook + explicit study assumptions in build_capacity_EDGS.py,,,,EDGS plant=Generic Wind No. 52; status=Generic; capital_cost is the legacy annualised NZ generator value (investment + fixed O&M for flexible candidates; zero for sunk existing/fixed capacity); variable_O&M_NZD_per_MWh=0.000000; overnight_CAPEX_NZD_per_MW=2737847.672107.
wind_southland_generic_wind_no_52,wind,2030,2030,,,MW_e generator capacity,,,,273240.121901,NZD/MW-year,0.000000,NZD/MWh_e,1.000000,,,,,0.000000,,,,,,52.606825,0.000000,3600,25.419957,136.892384,MBIE EDGS 2024 assumptions workbook + explicit study assumptions in build_capacity_EDGS.py,,,,EDGS plant=Generic Wind No. 52; status=Generic; capital_cost is the legacy annualised NZ generator value (investment + fixed O&M for flexible candidates; zero for sunk existing/fixed capacity); variable_O&M_NZD_per_MWh=0.000000; overnight_CAPEX_NZD_per_MW=2737847.672107.
wind_southland_generic_wind_no_52,wind,2040,2040,,,MW_e generator capacity,,,,273240.121901,NZD/MW-year,0.000000,NZD/MWh_e,1.000000,,,,,0.000000,,,,,,52.606825,0.000000,3600,25.419957,136.892384,MBIE EDGS 2024 assumptions workbook + explicit study assumptions in build_capacity_EDGS.py,,,,EDGS plant=Generic Wind No. 52; status=Generic; capital_cost is the legacy annualised NZ generator value (investment + fixed O&M for flexible candidates; zero for sunk existing/fixed capacity); variable_O&M_NZD_per_MWh=0.000000; overnight_CAPEX_NZD_per_MW=2737847.672107.
wind_southland_generic_wind_no_52,wind,2050,2050,,,MW_e generator capacity,,,,273240.121901,NZD/MW-year,0.000000,NZD/MWh_e,1.000000,,,,,0.000000,,,,,,52.606825,0.000000,3600,25.419957,136.892384,MBIE EDGS 2024 assumptions workbook + explicit study assumptions in build_capacity_EDGS.py,,,,EDGS plant=Generic Wind No. 52; status=Generic; capital_cost is the legacy annualised NZ generator value (investment + fixed O&M for flexible candidates; zero for sunk existing/fixed capacity); variable_O&M_NZD_per_MWh=0.000000; overnight_CAPEX_NZD_per_MW=2737847.672107.
wind_southland_jericho_wind_farm,wind,2025,2025,,,MW_e generator capacity,,,,263456.583946,NZD/MW-year,0.000000,NZD/MWh_e,1.000000,,,,,0.000000,,,,,,49.473503,0.000000,3600,17.669108,92.936370,MBIE EDGS 2024 assumptions workbook + explicit study assumptions in build_capacity_EDGS.py,,,,EDGS plant=Jericho Wind Farm; status=Announced; capital_cost is the legacy annualised NZ generator value (investment + fixed O&M for flexible candidates; zero for sunk existing/fixed capacity); variable_O&M_NZD_per_MWh=0.000000; overnight_CAPEX_NZD_per_MW=2655324.866503.
wind_southland_jericho_wind_farm,wind,2030,2030,,,MW_e generator capacity,,,,263456.583946,NZD/MW-year,0.000000,NZD/MWh_e,1.000000,,,,,0.000000,,,,,,49.473503,0.000000,3600,17.669108,92.936370,MBIE EDGS 2024 assumptions workbook + explicit study assumptions in build_capacity_EDGS.py,,,,EDGS plant=Jericho Wind Farm; status=Announced; capital_cost is the legacy annualised NZ generator value (investment + fixed O&M for flexible candidates; zero for sunk existing/fixed capacity); variable_O&M_NZD_per_MWh=0.000000; overnight_CAPEX_NZD_per_MW=2655324.866503.
wind_southland_jericho_wind_farm,wind,2040,2040,,,MW_e generator capacity,,,,263456.583946,NZD/MW-year,0.000000,NZD/MWh_e,1.000000,,,,,0.000000,,,,,,49.473503,0.000000,3600,17.669108,92.936370,MBIE EDGS 2024 assumptions workbook + explicit study assumptions in build_capacity_EDGS.py,,,,EDGS plant=Jericho Wind Farm; status=Announced; capital_cost is the legacy annualised NZ generator value (investment + fixed O&M for flexible candidates; zero for sunk existing/fixed capacity); variable_O&M_NZD_per_MWh=0.000000; overnight_CAPEX_NZD_per_MW=2655324.866503.
wind_southland_jericho_wind_farm,wind,2050,2050,,,MW_e generator capacity,,,,263456.583946,NZD/MW-year,0.000000,NZD/MWh_e,1.000000,,,,,0.000000,,,,,,49.473503,0.000000,3600,17.669108,92.936370,MBIE EDGS 2024 assumptions workbook + explicit study assumptions in build_capacity_EDGS.py,,,,EDGS plant=Jericho Wind Farm; status=Announced; capital_cost is the legacy annualised NZ generator value (investment + fixed O&M for flexible candidates; zero for sunk existing/fixed capacity); variable_O&M_NZD_per_MWh=0.000000; overnight_CAPEX_NZD_per_MW=2655324.866503.
wind_southland_kaiwera_downs_wind_stage_1,wind,2025,2025,,,MW_e generator capacity,,,,0.000000,NZD/MW-year,0.000000,NZD/MWh_e,1.000000,,,,,0.000000,,,,,,48.012857,0.000000,3600,,,MBIE EDGS 2024 assumptions workbook + explicit study assumptions in build_capacity_EDGS.py,,,,EDGS plant=Kaiwera Downs wind (Stage 1); status=Current; capital_cost is the legacy annualised NZ generator value (investment + fixed O&M for flexible candidates; zero for sunk existing/fixed capacity); variable_O&M_NZD_per_MWh=0.000000.
wind_southland_kaiwera_downs_wind_stage_1,wind,2030,2030,,,MW_e generator capacity,,,,0.000000,NZD/MW-year,0.000000,NZD/MWh_e,1.000000,,,,,0.000000,,,,,,48.012857,0.000000,3600,,,MBIE EDGS 2024 assumptions workbook + explicit study assumptions in build_capacity_EDGS.py,,,,EDGS plant=Kaiwera Downs wind (Stage 1); status=Current; capital_cost is the legacy annualised NZ generator value (investment + fixed O&M for flexible candidates; zero for sunk existing/fixed capacity); variable_O&M_NZD_per_MWh=0.000000.
wind_southland_kaiwera_downs_wind_stage_1,wind,2040,2040,,,MW_e generator capacity,,,,0.000000,NZD/MW-year,0.000000,NZD/MWh_e,1.000000,,,,,0.000000,,,,,,48.012857,0.000000,3600,,,MBIE EDGS 2024 assumptions workbook + explicit study assumptions in build_capacity_EDGS.py,,,,EDGS plant=Kaiwera Downs wind (Stage 1); status=Current; capital_cost is the legacy annualised NZ generator value (investment + fixed O&M for flexible candidates; zero for sunk existing/fixed capacity); variable_O&M_NZD_per_MWh=0.000000.
wind_southland_kaiwera_downs_wind_stage_1,wind,2050,2050,,,MW_e generator capacity,,,,0.000000,NZD/MW-year,0.000000,NZD/MWh_e,1.000000,,,,,0.000000,,,,,,48.012857,0.000000,3600,,,MBIE EDGS 2024 assumptions workbook + explicit study assumptions in build_capacity_EDGS.py,,,,EDGS plant=Kaiwera Downs wind (Stage 1); status=Current; capital_cost is the legacy annualised NZ generator value (investment + fixed O&M for flexible candidates; zero for sunk existing/fixed capacity); variable_O&M_NZD_per_MWh=0.000000.
wind_southland_kaiwera_downs_wind_stage_2,wind,2025,2025,,,MW_e generator capacity,,,,200439.129583,NZD/MW-year,0.000000,NZD/MWh_e,1.000000,,,,,0.000000,,,,,,48.012857,0.000000,3600,0.000000,293.176904,MBIE EDGS 2024 assumptions workbook + explicit study assumptions in build_capacity_EDGS.py,,,,EDGS plant=Kaiwera Downs wind (Stage 2); status=Fully consented; capital_cost is the legacy annualised NZ generator value (investment + fixed O&M for flexible candidates; zero for sunk existing/fixed capacity); variable_O&M_NZD_per_MWh=0.000000; overnight_CAPEX_NZD_per_MW=1891463.899794.
wind_southland_kaiwera_downs_wind_stage_2,wind,2030,2030,,,MW_e generator capacity,,,,200439.129583,NZD/MW-year,0.000000,NZD/MWh_e,1.000000,,,,,0.000000,,,,,,48.012857,0.000000,3600,0.000000,293.176904,MBIE EDGS 2024 assumptions workbook + explicit study assumptions in build_capacity_EDGS.py,,,,EDGS plant=Kaiwera Downs wind (Stage 2); status=Fully consented; capital_cost is the legacy annualised NZ generator value (investment + fixed O&M for flexible candidates; zero for sunk existing/fixed capacity); variable_O&M_NZD_per_MWh=0.000000; overnight_CAPEX_NZD_per_MW=1891463.899794.
wind_southland_kaiwera_downs_wind_stage_2,wind,2040,2040,,,MW_e generator capacity,,,,200439.129583,NZD/MW-year,0.000000,NZD/MWh_e,1.000000,,,,,0.000000,,,,,,48.012857,0.000000,3600,0.000000,293.176904,MBIE EDGS 2024 assumptions workbook + explicit study assumptions in build_capacity_EDGS.py,,,,EDGS plant=Kaiwera Downs wind (Stage 2); status=Fully consented; capital_cost is the legacy annualised NZ generator value (investment + fixed O&M for flexible candidates; zero for sunk existing/fixed capacity); variable_O&M_NZD_per_MWh=0.000000; overnight_CAPEX_NZD_per_MW=1891463.899794.
wind_southland_kaiwera_downs_wind_stage_2,wind,2050,2050,,,MW_e generator capacity,,,,200439.129583,NZD/MW-year,0.000000,NZD/MWh_e,1.000000,,,,,0.000000,,,,,,48.012857,0.000000,3600,0.000000,293.176904,MBIE EDGS 2024 assumptions workbook + explicit study assumptions in build_capacity_EDGS.py,,,,EDGS plant=Kaiwera Downs wind (Stage 2); status=Fully consented; capital_cost is the legacy annualised NZ generator value (investment + fixed O&M for flexible candidates; zero for sunk existing/fixed capacity); variable_O&M_NZD_per_MWh=0.000000; overnight_CAPEX_NZD_per_MW=1891463.899794.
wind_southland_southland_wind_farm,wind,2025,2025,,,MW_e generator capacity,,,,293084.402213,NZD/MW-year,0.000000,NZD/MWh_e,1.000000,,,,,0.000000,,,,,,49.473503,0.000000,3600,47.023369,906.893305,MBIE EDGS 2024 assumptions workbook + explicit study assumptions in build_capacity_EDGS.py,,,,EDGS plant=Southland Wind Farm; status=Applied for consent; capital_cost is the legacy annualised NZ generator value (investment + fixed O&M for flexible candidates; zero for sunk existing/fixed capacity); variable_O&M_NZD_per_MWh=0.000000; overnight_CAPEX_NZD_per_MW=3022977.683555.
wind_southland_southland_wind_farm,wind,2030,2030,,,MW_e generator capacity,,,,293084.402213,NZD/MW-year,0.000000,NZD/MWh_e,1.000000,,,,,0.000000,,,,,,49.473503,0.000000,3600,47.023369,906.893305,MBIE EDGS 2024 assumptions workbook + explicit study assumptions in build_capacity_EDGS.py,,,,EDGS plant=Southland Wind Farm; status=Applied for consent; capital_cost is the legacy annualised NZ generator value (investment + fixed O&M for flexible candidates; zero for sunk existing/fixed capacity); variable_O&M_NZD_per_MWh=0.000000; overnight_CAPEX_NZD_per_MW=3022977.683555.
wind_southland_southland_wind_farm,wind,2040,2040,,,MW_e generator capacity,,,,293084.402213,NZD/MW-year,0.000000,NZD/MWh_e,1.000000,,,,,0.000000,,,,,,49.473503,0.000000,3600,47.023369,906.893305,MBIE EDGS 2024 assumptions workbook + explicit study assumptions in build_capacity_EDGS.py,,,,EDGS plant=Southland Wind Farm; status=Applied for consent; capital_cost is the legacy annualised NZ generator value (investment + fixed O&M for flexible candidates; zero for sunk existing/fixed capacity); variable_O&M_NZD_per_MWh=0.000000; overnight_CAPEX_NZD_per_MW=3022977.683555.
wind_southland_southland_wind_farm,wind,2050,2050,,,MW_e generator capacity,,,,293084.402213,NZD/MW-year,0.000000,NZD/MWh_e,1.000000,,,,,0.000000,,,,,,49.473503,0.000000,3600,47.023369,906.893305,MBIE EDGS 2024 assumptions workbook + explicit study assumptions in build_capacity_EDGS.py,,,,EDGS plant=Southland Wind Farm; status=Applied for consent; capital_cost is the legacy annualised NZ generator value (investment + fixed O&M for flexible candidates; zero for sunk existing/fixed capacity); variable_O&M_NZD_per_MWh=0.000000; overnight_CAPEX_NZD_per_MW=3022977.683555.
wind_southland_white_hill,wind,2025,2025,,,MW_e generator capacity,,,,0.000000,NZD/MW-year,0.000000,NZD/MWh_e,1.000000,,,,,0.000000,,,,,,49.473503,0.000000,3600,,,MBIE EDGS 2024 assumptions workbook + explicit study assumptions in build_capacity_EDGS.py,,,,EDGS plant=White Hill; status=Current; capital_cost is the legacy annualised NZ generator value (investment + fixed O&M for flexible candidates; zero for sunk existing/fixed capacity); variable_O&M_NZD_per_MWh=0.000000.
wind_southland_white_hill,wind,2030,2030,,,MW_e generator capacity,,,,0.000000,NZD/MW-year,0.000000,NZD/MWh_e,1.000000,,,,,0.000000,,,,,,49.473503,0.000000,3600,,,MBIE EDGS 2024 assumptions workbook + explicit study assumptions in build_capacity_EDGS.py,,,,EDGS plant=White Hill; status=Current; capital_cost is the legacy annualised NZ generator value (investment + fixed O&M for flexible candidates; zero for sunk existing/fixed capacity); variable_O&M_NZD_per_MWh=0.000000.
wind_southland_white_hill,wind,2040,2040,,,MW_e generator capacity,,,,0.000000,NZD/MW-year,0.000000,NZD/MWh_e,1.000000,,,,,0.000000,,,,,,49.473503,0.000000,3600,,,MBIE EDGS 2024 assumptions workbook + explicit study assumptions in build_capacity_EDGS.py,,,,EDGS plant=White Hill; status=Current; capital_cost is the legacy annualised NZ generator value (investment + fixed O&M for flexible candidates; zero for sunk existing/fixed capacity); variable_O&M_NZD_per_MWh=0.000000.
wind_southland_white_hill,wind,2050,2050,,,MW_e generator capacity,,,,0.000000,NZD/MW-year,0.000000,NZD/MWh_e,1.000000,,,,,0.000000,,,,,,49.473503,0.000000,3600,,,MBIE EDGS 2024 assumptions workbook + explicit study assumptions in build_capacity_EDGS.py,,,,EDGS plant=White Hill; status=Current; capital_cost is the legacy annualised NZ generator value (investment + fixed O&M for flexible candidates; zero for sunk existing/fixed capacity); variable_O&M_NZD_per_MWh=0.000000.
ccgt_taranaki_taranaki_combined_cycle_tcc,ccgt,2025,2025,,,MW_e generator capacity,,,,0.000000,NZD/MW-year,150.813338,NZD/MWh_e,0.467532,,,,,0.432056,,,,,,48.295562,0.518294,7700,,,MBIE EDGS 2024 assumptions workbook + explicit study assumptions in build_capacity_EDGS.py,,,,EDGS plant=Taranaki Combined Cycle (TCC); status=Current; capital_cost is the legacy annualised NZ generator value (investment + fixed O&M for flexible candidates; zero for sunk existing/fixed capacity); variable_O&M_NZD_per_MWh=6.125291.
ccgt_taranaki_taranaki_combined_cycle_tcc,ccgt,2030,2030,,,MW_e generator capacity,,,,0.000000,NZD/MW-year,159.908347,NZD/MWh_e,0.467532,,,,,0.432056,,,,,,48.295562,0.518294,7700,,,MBIE EDGS 2024 assumptions workbook + explicit study assumptions in build_capacity_EDGS.py,,,,EDGS plant=Taranaki Combined Cycle (TCC); status=Current; capital_cost is the legacy annualised NZ generator value (investment + fixed O&M for flexible candidates; zero for sunk existing/fixed capacity); variable_O&M_NZD_per_MWh=6.125291.
ccgt_taranaki_taranaki_combined_cycle_tcc,ccgt,2040,2040,,,MW_e generator capacity,,,,0.000000,NZD/MW-year,164.328331,NZD/MWh_e,0.467532,,,,,0.432056,,,,,,48.295562,0.518294,7700,,,MBIE EDGS 2024 assumptions workbook + explicit study assumptions in build_capacity_EDGS.py,,,,EDGS plant=Taranaki Combined Cycle (TCC); status=Current; capital_cost is the legacy annualised NZ generator value (investment + fixed O&M for flexible candidates; zero for sunk existing/fixed capacity); variable_O&M_NZD_per_MWh=6.125291.
ccgt_taranaki_taranaki_combined_cycle_tcc,ccgt,2050,2050,,,MW_e generator capacity,,,,0.000000,NZD/MW-year,189.299431,NZD/MWh_e,0.467532,,,,,0.432056,,,,,,48.295562,0.518294,7700,,,MBIE EDGS 2024 assumptions workbook + explicit study assumptions in build_capacity_EDGS.py,,,,EDGS plant=Taranaki Combined Cycle (TCC); status=Current; capital_cost is the legacy annualised NZ generator value (investment + fixed O&M for flexible candidates; zero for sunk existing/fixed capacity); variable_O&M_NZD_per_MWh=6.125291.
gas_cogeneration_taranaki_kapuni_cogeneration_plant,gas_cogeneration,2025,2025,,,MW_e generator capacity,,,,0.000000,NZD/MW-year,188.209889,NZD/MWh_e,0.387097,,,,,0.521833,,,,,,48.295562,1.319293,9300,,,MBIE EDGS 2024 assumptions workbook + explicit study assumptions in build_capacity_EDGS.py,,,,EDGS plant=Kapuni cogeneration plant; status=Current; capital_cost is the legacy annualised NZ generator value (investment + fixed O&M for flexible candidates; zero for sunk existing/fixed capacity); variable_O&M_NZD_per_MWh=6.007497.
gas_cogeneration_taranaki_kapuni_cogeneration_plant,gas_cogeneration,2030,2030,,,MW_e generator capacity,,,,0.000000,NZD/MW-year,199.194770,NZD/MWh_e,0.387097,,,,,0.521833,,,,,,48.295562,1.319293,9300,,,MBIE EDGS 2024 assumptions workbook + explicit study assumptions in build_capacity_EDGS.py,,,,EDGS plant=Kapuni cogeneration plant; status=Current; capital_cost is the legacy annualised NZ generator value (investment + fixed O&M for flexible candidates; zero for sunk existing/fixed capacity); variable_O&M_NZD_per_MWh=6.007497.
gas_cogeneration_taranaki_kapuni_cogeneration_plant,gas_cogeneration,2040,2040,,,MW_e generator capacity,,,,0.000000,NZD/MW-year,204.533192,NZD/MWh_e,0.387097,,,,,0.521833,,,,,,48.295562,1.319293,9300,,,MBIE EDGS 2024 assumptions workbook + explicit study assumptions in build_capacity_EDGS.py,,,,EDGS plant=Kapuni cogeneration plant; status=Current; capital_cost is the legacy annualised NZ generator value (investment + fixed O&M for flexible candidates; zero for sunk existing/fixed capacity); variable_O&M_NZD_per_MWh=6.007497.
gas_cogeneration_taranaki_kapuni_cogeneration_plant,gas_cogeneration,2050,2050,,,MW_e generator capacity,,,,0.000000,NZD/MW-year,234.693092,NZD/MWh_e,0.387097,,,,,0.521833,,,,,,48.295562,1.319293,9300,,,MBIE EDGS 2024 assumptions workbook + explicit study assumptions in build_capacity_EDGS.py,,,,EDGS plant=Kapuni cogeneration plant; status=Current; capital_cost is the legacy annualised NZ generator value (investment + fixed O&M for flexible candidates; zero for sunk existing/fixed capacity); variable_O&M_NZD_per_MWh=6.007497.
gas_cogeneration_taranaki_whareroa_cogeneration_plant,gas_cogeneration,2025,2025,,,MW_e generator capacity,,,,0.000000,NZD/MW-year,187.930253,NZD/MWh_e,0.387097,,,,,0.521833,,,,,,46.316554,1.323330,9300,,,MBIE EDGS 2024 assumptions workbook + explicit study assumptions in build_capacity_EDGS.py,,,,EDGS plant=Whareroa cogeneration plant; status=Current; capital_cost is the legacy annualised NZ generator value (investment + fixed O&M for flexible candidates; zero for sunk existing/fixed capacity); variable_O&M_NZD_per_MWh=5.690319.
gas_cogeneration_taranaki_whareroa_cogeneration_plant,gas_cogeneration,2030,2030,,,MW_e generator capacity,,,,0.000000,NZD/MW-year,198.915134,NZD/MWh_e,0.387097,,,,,0.521833,,,,,,46.316554,1.323330,9300,,,MBIE EDGS 2024 assumptions workbook + explicit study assumptions in build_capacity_EDGS.py,,,,EDGS plant=Whareroa cogeneration plant; status=Current; capital_cost is the legacy annualised NZ generator value (investment + fixed O&M for flexible candidates; zero for sunk existing/fixed capacity); variable_O&M_NZD_per_MWh=5.690319.
gas_cogeneration_taranaki_whareroa_cogeneration_plant,gas_cogeneration,2040,2040,,,MW_e generator capacity,,,,0.000000,NZD/MW-year,204.253556,NZD/MWh_e,0.387097,,,,,0.521833,,,,,,46.316554,1.323330,9300,,,MBIE EDGS 2024 assumptions workbook + explicit study assumptions in build_capacity_EDGS.py,,,,EDGS plant=Whareroa cogeneration plant; status=Current; capital_cost is the legacy annualised NZ generator value (investment + fixed O&M for flexible candidates; zero for sunk existing/fixed capacity); variable_O&M_NZD_per_MWh=5.690319.
gas_cogeneration_taranaki_whareroa_cogeneration_plant,gas_cogeneration,2050,2050,,,MW_e generator capacity,,,,0.000000,NZD/MW-year,234.413456,NZD/MWh_e,0.387097,,,,,0.521833,,,,,,46.316554,1.323330,9300,,,MBIE EDGS 2024 assumptions workbook + explicit study assumptions in build_capacity_EDGS.py,,,,EDGS plant=Whareroa cogeneration plant; status=Current; capital_cost is the legacy annualised NZ generator value (investment + fixed O&M for flexible candidates; zero for sunk existing/fixed capacity); variable_O&M_NZD_per_MWh=5.690319.
gas_peaker_taranaki_generic_ocgt_peaker_2_stratford,gas_peaker,2025,2025,,,MW_e generator capacity,,,,113801.673719,NZD/MW-year,259.270575,NZD/MWh_e,0.306383,,,,,0.659306,,,,,,5.418526,2.650366,11750,13.192934,134.493094,MBIE EDGS 2024 assumptions workbook + explicit study assumptions in build_capacity_EDGS.py,,,,EDGS plant=Generic OCGT peaker: 2 (Stratford); status=Generic; capital_cost is the legacy annualised NZ generator value (investment + fixed O&M for flexible candidates; zero for sunk existing/fixed capacity); variable_O&M_NZD_per_MWh=13.428522; overnight_CAPEX_NZD_per_MW=1344930.937476.
gas_peaker_taranaki_generic_ocgt_peaker_2_stratford,gas_peaker,2030,2030,,,MW_e generator capacity,,,,113801.673719,NZD/MW-year,273.149322,NZD/MWh_e,0.306383,,,,,0.659306,,,,,,5.418526,2.650366,11750,13.192934,134.493094,MBIE EDGS 2024 assumptions workbook + explicit study assumptions in build_capacity_EDGS.py,,,,EDGS plant=Generic OCGT peaker: 2 (Stratford); status=Generic; capital_cost is the legacy annualised NZ generator value (investment + fixed O&M for flexible candidates; zero for sunk existing/fixed capacity); variable_O&M_NZD_per_MWh=13.428522; overnight_CAPEX_NZD_per_MW=1344930.937476.
gas_peaker_taranaki_generic_ocgt_peaker_2_stratford,gas_peaker,2040,2040,,,MW_e generator capacity,,,,113801.673719,NZD/MW-year,279.894103,NZD/MWh_e,0.306383,,,,,0.659306,,,,,,5.418526,2.650366,11750,13.192934,134.493094,MBIE EDGS 2024 assumptions workbook + explicit study assumptions in build_capacity_EDGS.py,,,,EDGS plant=Generic OCGT peaker: 2 (Stratford); status=Generic; capital_cost is the legacy annualised NZ generator value (investment + fixed O&M for flexible candidates; zero for sunk existing/fixed capacity); variable_O&M_NZD_per_MWh=13.428522; overnight_CAPEX_NZD_per_MW=1344930.937476.
gas_peaker_taranaki_generic_ocgt_peaker_2_stratford,gas_peaker,2050,2050,,,MW_e generator capacity,,,,113801.673719,NZD/MW-year,317.999353,NZD/MWh_e,0.306383,,,,,0.659306,,,,,,5.418526,2.650366,11750,13.192934,134.493094,MBIE EDGS 2024 assumptions workbook + explicit study assumptions in build_capacity_EDGS.py,,,,EDGS plant=Generic OCGT peaker: 2 (Stratford); status=Generic; capital_cost is the legacy annualised NZ generator value (investment + fixed O&M for flexible candidates; zero for sunk existing/fixed capacity); variable_O&M_NZD_per_MWh=13.428522; overnight_CAPEX_NZD_per_MW=1344930.937476.
gas_peaker_taranaki_junction_road_power_plant,gas_peaker,2025,2025,,,MW_e generator capacity,,,,0.000000,NZD/MW-year,216.785019,NZD/MWh_e,0.342857,,,,,0.589167,,,,,,22.380870,1.319293,10500,,,MBIE EDGS 2024 assumptions workbook + explicit study assumptions in build_capacity_EDGS.py,,,,EDGS plant=Junction Road power plant; status=Current; capital_cost is the legacy annualised NZ generator value (investment + fixed O&M for flexible candidates; zero for sunk existing/fixed capacity); variable_O&M_NZD_per_MWh=11.072641.
gas_peaker_taranaki_junction_road_power_plant,gas_peaker,2030,2030,,,MW_e generator capacity,,,,0.000000,NZD/MW-year,229.187304,NZD/MWh_e,0.342857,,,,,0.589167,,,,,,22.380870,1.319293,10500,,,MBIE EDGS 2024 assumptions workbook + explicit study assumptions in build_capacity_EDGS.py,,,,EDGS plant=Junction Road power plant; status=Current; capital_cost is the legacy annualised NZ generator value (investment + fixed O&M for flexible candidates; zero for sunk existing/fixed capacity); variable_O&M_NZD_per_MWh=11.072641.
gas_peaker_taranaki_junction_road_power_plant,gas_peaker,2040,2040,,,MW_e generator capacity,,,,0.000000,NZD/MW-year,235.214555,NZD/MWh_e,0.342857,,,,,0.589167,,,,,,22.380870,1.319293,10500,,,MBIE EDGS 2024 assumptions workbook + explicit study assumptions in build_capacity_EDGS.py,,,,EDGS plant=Junction Road power plant; status=Current; capital_cost is the legacy annualised NZ generator value (investment + fixed O&M for flexible candidates; zero for sunk existing/fixed capacity); variable_O&M_NZD_per_MWh=11.072641.
gas_peaker_taranaki_junction_road_power_plant,gas_peaker,2050,2050,,,MW_e generator capacity,,,,0.000000,NZD/MW-year,269.266055,NZD/MWh_e,0.342857,,,,,0.589167,,,,,,22.380870,1.319293,10500,,,MBIE EDGS 2024 assumptions workbook + explicit study assumptions in build_capacity_EDGS.py,,,,EDGS plant=Junction Road power plant; status=Current; capital_cost is the legacy annualised NZ generator value (investment + fixed O&M for flexible candidates; zero for sunk existing/fixed capacity); variable_O&M_NZD_per_MWh=11.072641.
gas_peaker_taranaki_mckee_power_plant,gas_peaker,2025,2025,,,MW_e generator capacity,,,,0.000000,NZD/MW-year,216.785019,NZD/MWh_e,0.342857,,,,,0.589167,,,,,,22.380870,1.319293,10500,,,MBIE EDGS 2024 assumptions workbook + explicit study assumptions in build_capacity_EDGS.py,,,,EDGS plant=McKee power plant; status=Current; capital_cost is the legacy annualised NZ generator value (investment + fixed O&M for flexible candidates; zero for sunk existing/fixed capacity); variable_O&M_NZD_per_MWh=11.072641.
gas_peaker_taranaki_mckee_power_plant,gas_peaker,2030,2030,,,MW_e generator capacity,,,,0.000000,NZD/MW-year,229.187304,NZD/MWh_e,0.342857,,,,,0.589167,,,,,,22.380870,1.319293,10500,,,MBIE EDGS 2024 assumptions workbook + explicit study assumptions in build_capacity_EDGS.py,,,,EDGS plant=McKee power plant; status=Current; capital_cost is the legacy annualised NZ generator value (investment + fixed O&M for flexible candidates; zero for sunk existing/fixed capacity); variable_O&M_NZD_per_MWh=11.072641.
gas_peaker_taranaki_mckee_power_plant,gas_peaker,2040,2040,,,MW_e generator capacity,,,,0.000000,NZD/MW-year,235.214555,NZD/MWh_e,0.342857,,,,,0.589167,,,,,,22.380870,1.319293,10500,,,MBIE EDGS 2024 assumptions workbook + explicit study assumptions in build_capacity_EDGS.py,,,,EDGS plant=McKee power plant; status=Current; capital_cost is the legacy annualised NZ generator value (investment + fixed O&M for flexible candidates; zero for sunk existing/fixed capacity); variable_O&M_NZD_per_MWh=11.072641.
gas_peaker_taranaki_mckee_power_plant,gas_peaker,2050,2050,,,MW_e generator capacity,,,,0.000000,NZD/MW-year,269.266055,NZD/MWh_e,0.342857,,,,,0.589167,,,,,,22.380870,1.319293,10500,,,MBIE EDGS 2024 assumptions workbook + explicit study assumptions in build_capacity_EDGS.py,,,,EDGS plant=McKee power plant; status=Current; capital_cost is the legacy annualised NZ generator value (investment + fixed O&M for flexible candidates; zero for sunk existing/fixed capacity); variable_O&M_NZD_per_MWh=11.072641.
gas_peaker_taranaki_stratford_peaker,gas_peaker,2025,2025,,,MW_e generator capacity,,,,0.000000,NZD/MW-year,178.441010,NZD/MWh_e,0.404176,,,,,0.499782,,,,,,22.380870,0.518294,8907,,,MBIE EDGS 2024 assumptions workbook + explicit study assumptions in build_capacity_EDGS.py,,,,EDGS plant=Stratford Peaker; status=Current; capital_cost is the legacy annualised NZ generator value (investment + fixed O&M for flexible candidates; zero for sunk existing/fixed capacity); variable_O&M_NZD_per_MWh=11.072641.
gas_peaker_taranaki_stratford_peaker,gas_peaker,2030,2030,,,MW_e generator capacity,,,,0.000000,NZD/MW-year,188.961691,NZD/MWh_e,0.404176,,,,,0.499782,,,,,,22.380870,0.518294,8907,,,MBIE EDGS 2024 assumptions workbook + explicit study assumptions in build_capacity_EDGS.py,,,,EDGS plant=Stratford Peaker; status=Current; capital_cost is the legacy annualised NZ generator value (investment + fixed O&M for flexible candidates; zero for sunk existing/fixed capacity); variable_O&M_NZD_per_MWh=11.072641.
gas_peaker_taranaki_stratford_peaker,gas_peaker,2040,2040,,,MW_e generator capacity,,,,0.000000,NZD/MW-year,194.074522,NZD/MWh_e,0.404176,,,,,0.499782,,,,,,22.380870,0.518294,8907,,,MBIE EDGS 2024 assumptions workbook + explicit study assumptions in build_capacity_EDGS.py,,,,EDGS plant=Stratford Peaker; status=Current; capital_cost is the legacy annualised NZ generator value (investment + fixed O&M for flexible candidates; zero for sunk existing/fixed capacity); variable_O&M_NZD_per_MWh=11.072641.
gas_peaker_taranaki_stratford_peaker,gas_peaker,2050,2050,,,MW_e generator capacity,,,,0.000000,NZD/MW-year,222.959923,NZD/MWh_e,0.404176,,,,,0.499782,,,,,,22.380870,0.518294,8907,,,MBIE EDGS 2024 assumptions workbook + explicit study assumptions in build_capacity_EDGS.py,,,,EDGS plant=Stratford Peaker; status=Current; capital_cost is the legacy annualised NZ generator value (investment + fixed O&M for flexible candidates; zero for sunk existing/fixed capacity); variable_O&M_NZD_per_MWh=11.072641.
hydro_storage_taranaki_patea,hydro_storage,2025,2025,,,MW_e generator capacity,,,,0.000000,NZD/MW-year,0.000000,NZD/MWh_e,1.000000,,,,,0.000000,,,,,,76.402752,0.000000,3600,,,MBIE EDGS 2024 assumptions workbook + explicit study assumptions in build_capacity_EDGS.py,,,,EDGS plant=Patea; status=Current; capital_cost is the legacy annualised NZ generator value (investment + fixed O&M for flexible candidates; zero for sunk existing/fixed capacity); variable_O&M_NZD_per_MWh=0.000000.
hydro_storage_taranaki_patea,hydro_storage,2030,2030,,,MW_e generator capacity,,,,0.000000,NZD/MW-year,0.000000,NZD/MWh_e,1.000000,,,,,0.000000,,,,,,76.402752,0.000000,3600,,,MBIE EDGS 2024 assumptions workbook + explicit study assumptions in build_capacity_EDGS.py,,,,EDGS plant=Patea; status=Current; capital_cost is the legacy annualised NZ generator value (investment + fixed O&M for flexible candidates; zero for sunk existing/fixed capacity); variable_O&M_NZD_per_MWh=0.000000.
hydro_storage_taranaki_patea,hydro_storage,2040,2040,,,MW_e generator capacity,,,,0.000000,NZD/MW-year,0.000000,NZD/MWh_e,1.000000,,,,,0.000000,,,,,,76.402752,0.000000,3600,,,MBIE EDGS 2024 assumptions workbook + explicit study assumptions in build_capacity_EDGS.py,,,,EDGS plant=Patea; status=Current; capital_cost is the legacy annualised NZ generator value (investment + fixed O&M for flexible candidates; zero for sunk existing/fixed capacity); variable_O&M_NZD_per_MWh=0.000000.
hydro_storage_taranaki_patea,hydro_storage,2050,2050,,,MW_e generator capacity,,,,0.000000,NZD/MW-year,0.000000,NZD/MWh_e,1.000000,,,,,0.000000,,,,,,76.402752,0.000000,3600,,,MBIE EDGS 2024 assumptions workbook + explicit study assumptions in build_capacity_EDGS.py,,,,EDGS plant=Patea; status=Current; capital_cost is the legacy annualised NZ generator value (investment + fixed O&M for flexible candidates; zero for sunk existing/fixed capacity); variable_O&M_NZD_per_MWh=0.000000.
ocgt_taranaki_mangahewa_power_station,ocgt,2025,2025,,,MW_e generator capacity,,,,0.000000,NZD/MW-year,228.686151,NZD/MWh_e,0.310345,,,,,0.650889,,,,,,11.779405,0.000000,11600,,,MBIE EDGS 2024 assumptions workbook + explicit study assumptions in build_capacity_EDGS.py,,,,EDGS plant=Mangahewa Power Station; status=Current; capital_cost is the legacy annualised NZ generator value (investment + fixed O&M for flexible candidates; zero for sunk existing/fixed capacity); variable_O&M_NZD_per_MWh=16.726756.
ocgt_taranaki_mangahewa_power_station,ocgt,2030,2030,,,MW_e generator capacity,,,,0.000000,NZD/MW-year,242.387723,NZD/MWh_e,0.310345,,,,,0.650889,,,,,,11.779405,0.000000,11600,,,MBIE EDGS 2024 assumptions workbook + explicit study assumptions in build_capacity_EDGS.py,,,,EDGS plant=Mangahewa Power Station; status=Current; capital_cost is the legacy annualised NZ generator value (investment + fixed O&M for flexible candidates; zero for sunk existing/fixed capacity); variable_O&M_NZD_per_MWh=16.726756.
ocgt_taranaki_mangahewa_power_station,ocgt,2040,2040,,,MW_e generator capacity,,,,0.000000,NZD/MW-year,249.046400,NZD/MWh_e,0.310345,,,,,0.650889,,,,,,11.779405,0.000000,11600,,,MBIE EDGS 2024 assumptions workbook + explicit study assumptions in build_capacity_EDGS.py,,,,EDGS plant=Mangahewa Power Station; status=Current; capital_cost is the legacy annualised NZ generator value (investment + fixed O&M for flexible candidates; zero for sunk existing/fixed capacity); variable_O&M_NZD_per_MWh=16.726756.
ocgt_taranaki_mangahewa_power_station,ocgt,2050,2050,,,MW_e generator capacity,,,,0.000000,NZD/MW-year,286.665200,NZD/MWh_e,0.310345,,,,,0.650889,,,,,,11.779405,0.000000,11600,,,MBIE EDGS 2024 assumptions workbook + explicit study assumptions in build_capacity_EDGS.py,,,,EDGS plant=Mangahewa Power Station; status=Current; capital_cost is the legacy annualised NZ generator value (investment + fixed O&M for flexible candidates; zero for sunk existing/fixed capacity); variable_O&M_NZD_per_MWh=16.726756.
solar_taranaki_generic_solar_101_200mw_85,solar,2025,2025,,,MW_e generator capacity,,,,153000.463490,NZD/MW-year,0.000000,NZD/MWh_e,1.000000,,,,,0.000000,,,,,,23.558811,0.000000,3600,52.560000,224.874552,MBIE EDGS 2024 assumptions workbook + explicit study assumptions in build_capacity_EDGS.py,,,,EDGS plant=Generic solar (101-200MW): 85; status=Generic; capital_cost is the legacy annualised NZ generator value (investment + fixed O&M for flexible candidates; zero for sunk existing/fixed capacity); variable_O&M_NZD_per_MWh=0.000000; overnight_CAPEX_NZD_per_MW=1606246.798385.
solar_taranaki_generic_solar_101_200mw_85,solar,2030,2030,,,MW_e generator capacity,,,,153000.463490,NZD/MW-year,0.000000,NZD/MWh_e,1.000000,,,,,0.000000,,,,,,23.558811,0.000000,3600,52.560000,224.874552,MBIE EDGS 2024 assumptions workbook + explicit study assumptions in build_capacity_EDGS.py,,,,EDGS plant=Generic solar (101-200MW): 85; status=Generic; capital_cost is the legacy annualised NZ generator value (investment + fixed O&M for flexible candidates; zero for sunk existing/fixed capacity); variable_O&M_NZD_per_MWh=0.000000; overnight_CAPEX_NZD_per_MW=1606246.798385.
solar_taranaki_generic_solar_101_200mw_85,solar,2040,2040,,,MW_e generator capacity,,,,153000.463490,NZD/MW-year,0.000000,NZD/MWh_e,1.000000,,,,,0.000000,,,,,,23.558811,0.000000,3600,52.560000,224.874552,MBIE EDGS 2024 assumptions workbook + explicit study assumptions in build_capacity_EDGS.py,,,,EDGS plant=Generic solar (101-200MW): 85; status=Generic; capital_cost is the legacy annualised NZ generator value (investment + fixed O&M for flexible candidates; zero for sunk existing/fixed capacity); variable_O&M_NZD_per_MWh=0.000000; overnight_CAPEX_NZD_per_MW=1606246.798385.
solar_taranaki_generic_solar_101_200mw_85,solar,2050,2050,,,MW_e generator capacity,,,,153000.463490,NZD/MW-year,0.000000,NZD/MWh_e,1.000000,,,,,0.000000,,,,,,23.558811,0.000000,3600,52.560000,224.874552,MBIE EDGS 2024 assumptions workbook + explicit study assumptions in build_capacity_EDGS.py,,,,EDGS plant=Generic solar (101-200MW): 85; status=Generic; capital_cost is the legacy annualised NZ generator value (investment + fixed O&M for flexible candidates; zero for sunk existing/fixed capacity); variable_O&M_NZD_per_MWh=0.000000; overnight_CAPEX_NZD_per_MW=1606246.798385.
solar_taranaki_skinner_road_solar_farm,solar,2025,2025,,,MW_e generator capacity,,,,160610.505886,NZD/MW-year,0.000000,NZD/MWh_e,1.000000,,,,,0.000000,,,,,,20.444943,0.000000,3600,17.280000,55.658248,MBIE EDGS 2024 assumptions workbook + explicit study assumptions in build_capacity_EDGS.py,,,,EDGS plant=Skinner Road solar farm; status=Announced; capital_cost is the legacy annualised NZ generator value (investment + fixed O&M for flexible candidates; zero for sunk existing/fixed capacity); variable_O&M_NZD_per_MWh=0.000000; overnight_CAPEX_NZD_per_MW=1739320.242609.
solar_taranaki_skinner_road_solar_farm,solar,2030,2030,,,MW_e generator capacity,,,,160610.505886,NZD/MW-year,0.000000,NZD/MWh_e,1.000000,,,,,0.000000,,,,,,20.444943,0.000000,3600,17.280000,55.658248,MBIE EDGS 2024 assumptions workbook + explicit study assumptions in build_capacity_EDGS.py,,,,EDGS plant=Skinner Road solar farm; status=Announced; capital_cost is the legacy annualised NZ generator value (investment + fixed O&M for flexible candidates; zero for sunk existing/fixed capacity); variable_O&M_NZD_per_MWh=0.000000; overnight_CAPEX_NZD_per_MW=1739320.242609.
solar_taranaki_skinner_road_solar_farm,solar,2040,2040,,,MW_e generator capacity,,,,160610.505886,NZD/MW-year,0.000000,NZD/MWh_e,1.000000,,,,,0.000000,,,,,,20.444943,0.000000,3600,17.280000,55.658248,MBIE EDGS 2024 assumptions workbook + explicit study assumptions in build_capacity_EDGS.py,,,,EDGS plant=Skinner Road solar farm; status=Announced; capital_cost is the legacy annualised NZ generator value (investment + fixed O&M for flexible candidates; zero for sunk existing/fixed capacity); variable_O&M_NZD_per_MWh=0.000000; overnight_CAPEX_NZD_per_MW=1739320.242609.
solar_taranaki_skinner_road_solar_farm,solar,2050,2050,,,MW_e generator capacity,,,,160610.505886,NZD/MW-year,0.000000,NZD/MWh_e,1.000000,,,,,0.000000,,,,,,20.444943,0.000000,3600,17.280000,55.658248,MBIE EDGS 2024 assumptions workbook + explicit study assumptions in build_capacity_EDGS.py,,,,EDGS plant=Skinner Road solar farm; status=Announced; capital_cost is the legacy annualised NZ generator value (investment + fixed O&M for flexible candidates; zero for sunk existing/fixed capacity); variable_O&M_NZD_per_MWh=0.000000; overnight_CAPEX_NZD_per_MW=1739320.242609.
solar_taranaki_taranaki_solar_farm_meridian,solar,2025,2025,,,MW_e generator capacity,,,,134085.408940,NZD/MW-year,0.000000,NZD/MWh_e,1.000000,,,,,0.000000,,,,,,23.558811,0.000000,3600,32.456347,205.729366,MBIE EDGS 2024 assumptions workbook + explicit study assumptions in build_capacity_EDGS.py,,,,EDGS plant=Taranaki solar farm (Meridian); status=Announced; capital_cost is the legacy annualised NZ generator value (investment + fixed O&M for flexible candidates; zero for sunk existing/fixed capacity); variable_O&M_NZD_per_MWh=0.000000; overnight_CAPEX_NZD_per_MW=1371529.107476.
solar_taranaki_taranaki_solar_farm_meridian,solar,2030,2030,,,MW_e generator capacity,,,,134085.408940,NZD/MW-year,0.000000,NZD/MWh_e,1.000000,,,,,0.000000,,,,,,23.558811,0.000000,3600,32.456347,205.729366,MBIE EDGS 2024 assumptions workbook + explicit study assumptions in build_capacity_EDGS.py,,,,EDGS plant=Taranaki solar farm (Meridian); status=Announced; capital_cost is the legacy annualised NZ generator value (investment + fixed O&M for flexible candidates; zero for sunk existing/fixed capacity); variable_O&M_NZD_per_MWh=0.000000; overnight_CAPEX_NZD_per_MW=1371529.107476.
solar_taranaki_taranaki_solar_farm_meridian,solar,2040,2040,,,MW_e generator capacity,,,,134085.408940,NZD/MW-year,0.000000,NZD/MWh_e,1.000000,,,,,0.000000,,,,,,23.558811,0.000000,3600,32.456347,205.729366,MBIE EDGS 2024 assumptions workbook + explicit study assumptions in build_capacity_EDGS.py,,,,EDGS plant=Taranaki solar farm (Meridian); status=Announced; capital_cost is the legacy annualised NZ generator value (investment + fixed O&M for flexible candidates; zero for sunk existing/fixed capacity); variable_O&M_NZD_per_MWh=0.000000; overnight_CAPEX_NZD_per_MW=1371529.107476.
solar_taranaki_taranaki_solar_farm_meridian,solar,2050,2050,,,MW_e generator capacity,,,,134085.408940,NZD/MW-year,0.000000,NZD/MWh_e,1.000000,,,,,0.000000,,,,,,23.558811,0.000000,3600,32.456347,205.729366,MBIE EDGS 2024 assumptions workbook + explicit study assumptions in build_capacity_EDGS.py,,,,EDGS plant=Taranaki solar farm (Meridian); status=Announced; capital_cost is the legacy annualised NZ generator value (investment + fixed O&M for flexible candidates; zero for sunk existing/fixed capacity); variable_O&M_NZD_per_MWh=0.000000; overnight_CAPEX_NZD_per_MW=1371529.107476.
solar_taranaki_three_streams_solar_farm,solar,2025,2025,,,MW_e generator capacity,,,,160724.925685,NZD/MW-year,0.000000,NZD/MWh_e,1.000000,,,,,0.000000,,,,,,20.444943,0.000000,3600,17.280000,55.703683,MBIE EDGS 2024 assumptions workbook + explicit study assumptions in build_capacity_EDGS.py,,,,EDGS plant=Three Streams solar farm; status=Applied for consent; capital_cost is the legacy annualised NZ generator value (investment + fixed O&M for flexible candidates; zero for sunk existing/fixed capacity); variable_O&M_NZD_per_MWh=0.000000; overnight_CAPEX_NZD_per_MW=1740740.082609.
solar_taranaki_three_streams_solar_farm,solar,2030,2030,,,MW_e generator capacity,,,,160724.925685,NZD/MW-year,0.000000,NZD/MWh_e,1.000000,,,,,0.000000,,,,,,20.444943,0.000000,3600,17.280000,55.703683,MBIE EDGS 2024 assumptions workbook + explicit study assumptions in build_capacity_EDGS.py,,,,EDGS plant=Three Streams solar farm; status=Applied for consent; capital_cost is the legacy annualised NZ generator value (investment + fixed O&M for flexible candidates; zero for sunk existing/fixed capacity); variable_O&M_NZD_per_MWh=0.000000; overnight_CAPEX_NZD_per_MW=1740740.082609.
solar_taranaki_three_streams_solar_farm,solar,2040,2040,,,MW_e generator capacity,,,,160724.925685,NZD/MW-year,0.000000,NZD/MWh_e,1.000000,,,,,0.000000,,,,,,20.444943,0.000000,3600,17.280000,55.703683,MBIE EDGS 2024 assumptions workbook + explicit study assumptions in build_capacity_EDGS.py,,,,EDGS plant=Three Streams solar farm; status=Applied for consent; capital_cost is the legacy annualised NZ generator value (investment + fixed O&M for flexible candidates; zero for sunk existing/fixed capacity); variable_O&M_NZD_per_MWh=0.000000; overnight_CAPEX_NZD_per_MW=1740740.082609.
solar_taranaki_three_streams_solar_farm,solar,2050,2050,,,MW_e generator capacity,,,,160724.925685,NZD/MW-year,0.000000,NZD/MWh_e,1.000000,,,,,0.000000,,,,,,20.444943,0.000000,3600,17.280000,55.703683,MBIE EDGS 2024 assumptions workbook + explicit study assumptions in build_capacity_EDGS.py,,,,EDGS plant=Three Streams solar farm; status=Applied for consent; capital_cost is the legacy annualised NZ generator value (investment + fixed O&M for flexible candidates; zero for sunk existing/fixed capacity); variable_O&M_NZD_per_MWh=0.000000; overnight_CAPEX_NZD_per_MW=1740740.082609.
solar_taranaki_waitara_solar_farm,solar,2025,2025,,,MW_e generator capacity,,,,138011.563512,NZD/MW-year,0.000000,NZD/MWh_e,1.000000,,,,,0.000000,,,,,,23.558811,0.000000,3600,24.770000,102.257922,MBIE EDGS 2024 assumptions workbook + explicit study assumptions in build_capacity_EDGS.py,,,,EDGS plant=Waitara solar farm; status=Applied for consent; capital_cost is the legacy annualised NZ generator value (investment + fixed O&M for flexible candidates; zero for sunk existing/fixed capacity); variable_O&M_NZD_per_MWh=0.000000; overnight_CAPEX_NZD_per_MW=1420248.921256.
solar_taranaki_waitara_solar_farm,solar,2030,2030,,,MW_e generator capacity,,,,138011.563512,NZD/MW-year,0.000000,NZD/MWh_e,1.000000,,,,,0.000000,,,,,,23.558811,0.000000,3600,24.770000,102.257922,MBIE EDGS 2024 assumptions workbook + explicit study assumptions in build_capacity_EDGS.py,,,,EDGS plant=Waitara solar farm; status=Applied for consent; capital_cost is the legacy annualised NZ generator value (investment + fixed O&M for flexible candidates; zero for sunk existing/fixed capacity); variable_O&M_NZD_per_MWh=0.000000; overnight_CAPEX_NZD_per_MW=1420248.921256.
solar_taranaki_waitara_solar_farm,solar,2040,2040,,,MW_e generator capacity,,,,138011.563512,NZD/MW-year,0.000000,NZD/MWh_e,1.000000,,,,,0.000000,,,,,,23.558811,0.000000,3600,24.770000,102.257922,MBIE EDGS 2024 assumptions workbook + explicit study assumptions in build_capacity_EDGS.py,,,,EDGS plant=Waitara solar farm; status=Applied for consent; capital_cost is the legacy annualised NZ generator value (investment + fixed O&M for flexible candidates; zero for sunk existing/fixed capacity); variable_O&M_NZD_per_MWh=0.000000; overnight_CAPEX_NZD_per_MW=1420248.921256.
solar_taranaki_waitara_solar_farm,solar,2050,2050,,,MW_e generator capacity,,,,138011.563512,NZD/MW-year,0.000000,NZD/MWh_e,1.000000,,,,,0.000000,,,,,,23.558811,0.000000,3600,24.770000,102.257922,MBIE EDGS 2024 assumptions workbook + explicit study assumptions in build_capacity_EDGS.py,,,,EDGS plant=Waitara solar farm; status=Applied for consent; capital_cost is the legacy annualised NZ generator value (investment + fixed O&M for flexible candidates; zero for sunk existing/fixed capacity); variable_O&M_NZD_per_MWh=0.000000; overnight_CAPEX_NZD_per_MW=1420248.921256.
solar_taranaki_opunake_solar_farm_energy_farms_ltd,solar,2025,2025,,,MW_e generator capacity,,,,102584.589781,NZD/MW-year,0.000000,NZD/MWh_e,1.000000,,,,,0.000000,,,,,,23.558811,0.000000,3600,20.000000,78.450732,MBIE EDGS 2024 assumptions workbook + explicit study assumptions in build_capacity_EDGS.py,,,,EDGS plant=Ōpunake solar farm (Energy Farms Ltd); status=Applied for consent; capital_cost is the legacy annualised NZ generator value (investment + fixed O&M for flexible candidates; zero for sunk existing/fixed capacity); variable_O&M_NZD_per_MWh=0.000000; overnight_CAPEX_NZD_per_MW=980634.145217.
solar_taranaki_opunake_solar_farm_energy_farms_ltd,solar,2030,2030,,,MW_e generator capacity,,,,102584.589781,NZD/MW-year,0.000000,NZD/MWh_e,1.000000,,,,,0.000000,,,,,,23.558811,0.000000,3600,20.000000,78.450732,MBIE EDGS 2024 assumptions workbook + explicit study assumptions in build_capacity_EDGS.py,,,,EDGS plant=Ōpunake solar farm (Energy Farms Ltd); status=Applied for consent; capital_cost is the legacy annualised NZ generator value (investment + fixed O&M for flexible candidates; zero for sunk existing/fixed capacity); variable_O&M_NZD_per_MWh=0.000000; overnight_CAPEX_NZD_per_MW=980634.145217.
solar_taranaki_opunake_solar_farm_energy_farms_ltd,solar,2040,2040,,,MW_e generator capacity,,,,102584.589781,NZD/MW-year,0.000000,NZD/MWh_e,1.000000,,,,,0.000000,,,,,,23.558811,0.000000,3600,20.000000,78.450732,MBIE EDGS 2024 assumptions workbook + explicit study assumptions in build_capacity_EDGS.py,,,,EDGS plant=Ōpunake solar farm (Energy Farms Ltd); status=Applied for consent; capital_cost is the legacy annualised NZ generator value (investment + fixed O&M for flexible candidates; zero for sunk existing/fixed capacity); variable_O&M_NZD_per_MWh=0.000000; overnight_CAPEX_NZD_per_MW=980634.145217.
solar_taranaki_opunake_solar_farm_energy_farms_ltd,solar,2050,2050,,,MW_e generator capacity,,,,102584.589781,NZD/MW-year,0.000000,NZD/MWh_e,1.000000,,,,,0.000000,,,,,,23.558811,0.000000,3600,20.000000,78.450732,MBIE EDGS 2024 assumptions workbook + explicit study assumptions in build_capacity_EDGS.py,,,,EDGS plant=Ōpunake solar farm (Energy Farms Ltd); status=Applied for consent; capital_cost is the legacy annualised NZ generator value (investment + fixed O&M for flexible candidates; zero for sunk existing/fixed capacity); variable_O&M_NZD_per_MWh=0.000000; overnight_CAPEX_NZD_per_MW=980634.145217.
solar_taranaki_opunake_solar_farm_harmony_energy,solar,2025,2025,,,MW_e generator capacity,,,,142138.035728,NZD/MW-year,0.000000,NZD/MWh_e,1.000000,,,,,0.000000,,,,,,23.558811,0.000000,3600,23.330000,110.359086,MBIE EDGS 2024 assumptions workbook + explicit study assumptions in build_capacity_EDGS.py,,,,EDGS plant=Ōpunake solar farm (Harmony Energy); status=Applied for consent; capital_cost is the legacy annualised NZ generator value (investment + fixed O&M for flexible candidates; zero for sunk existing/fixed capacity); variable_O&M_NZD_per_MWh=0.000000; overnight_CAPEX_NZD_per_MW=1471454.484928.
solar_taranaki_opunake_solar_farm_harmony_energy,solar,2030,2030,,,MW_e generator capacity,,,,142138.035728,NZD/MW-year,0.000000,NZD/MWh_e,1.000000,,,,,0.000000,,,,,,23.558811,0.000000,3600,23.330000,110.359086,MBIE EDGS 2024 assumptions workbook + explicit study assumptions in build_capacity_EDGS.py,,,,EDGS plant=Ōpunake solar farm (Harmony Energy); status=Applied for consent; capital_cost is the legacy annualised NZ generator value (investment + fixed O&M for flexible candidates; zero for sunk existing/fixed capacity); variable_O&M_NZD_per_MWh=0.000000; overnight_CAPEX_NZD_per_MW=1471454.484928.
solar_taranaki_opunake_solar_farm_harmony_energy,solar,2040,2040,,,MW_e generator capacity,,,,142138.035728,NZD/MW-year,0.000000,NZD/MWh_e,1.000000,,,,,0.000000,,,,,,23.558811,0.000000,3600,23.330000,110.359086,MBIE EDGS 2024 assumptions workbook + explicit study assumptions in build_capacity_EDGS.py,,,,EDGS plant=Ōpunake solar farm (Harmony Energy); status=Applied for consent; capital_cost is the legacy annualised NZ generator value (investment + fixed O&M for flexible candidates; zero for sunk existing/fixed capacity); variable_O&M_NZD_per_MWh=0.000000; overnight_CAPEX_NZD_per_MW=1471454.484928.
solar_taranaki_opunake_solar_farm_harmony_energy,solar,2050,2050,,,MW_e generator capacity,,,,142138.035728,NZD/MW-year,0.000000,NZD/MWh_e,1.000000,,,,,0.000000,,,,,,23.558811,0.000000,3600,23.330000,110.359086,MBIE EDGS 2024 assumptions workbook + explicit study assumptions in build_capacity_EDGS.py,,,,EDGS plant=Ōpunake solar farm (Harmony Energy); status=Applied for consent; capital_cost is the legacy annualised NZ generator value (investment + fixed O&M for flexible candidates; zero for sunk existing/fixed capacity); variable_O&M_NZD_per_MWh=0.000000; overnight_CAPEX_NZD_per_MW=1471454.484928.
wind_taranaki_generic_wind_no_72,wind,2025,2025,,,MW_e generator capacity,,,,244004.331060,NZD/MW-year,0.000000,NZD/MWh_e,1.000000,,,,,0.000000,,,,,,49.826885,0.000000,3600,29.295381,240.955593,MBIE EDGS 2024 assumptions workbook + explicit study assumptions in build_capacity_EDGS.py,,,,EDGS plant=Generic Wind No. 72; status=Generic; capital_cost is the legacy annualised NZ generator value (investment + fixed O&M for flexible candidates; zero for sunk existing/fixed capacity); variable_O&M_NZD_per_MWh=0.000000; overnight_CAPEX_NZD_per_MW=2409555.925515.
wind_taranaki_generic_wind_no_72,wind,2030,2030,,,MW_e generator capacity,,,,244004.331060,NZD/MW-year,0.000000,NZD/MWh_e,1.000000,,,,,0.000000,,,,,,49.826885,0.000000,3600,29.295381,240.955593,MBIE EDGS 2024 assumptions workbook + explicit study assumptions in build_capacity_EDGS.py,,,,EDGS plant=Generic Wind No. 72; status=Generic; capital_cost is the legacy annualised NZ generator value (investment + fixed O&M for flexible candidates; zero for sunk existing/fixed capacity); variable_O&M_NZD_per_MWh=0.000000; overnight_CAPEX_NZD_per_MW=2409555.925515.
wind_taranaki_generic_wind_no_72,wind,2040,2040,,,MW_e generator capacity,,,,244004.331060,NZD/MW-year,0.000000,NZD/MWh_e,1.000000,,,,,0.000000,,,,,,49.826885,0.000000,3600,29.295381,240.955593,MBIE EDGS 2024 assumptions workbook + explicit study assumptions in build_capacity_EDGS.py,,,,EDGS plant=Generic Wind No. 72; status=Generic; capital_cost is the legacy annualised NZ generator value (investment + fixed O&M for flexible candidates; zero for sunk existing/fixed capacity); variable_O&M_NZD_per_MWh=0.000000; overnight_CAPEX_NZD_per_MW=2409555.925515.
wind_taranaki_generic_wind_no_72,wind,2050,2050,,,MW_e generator capacity,,,,244004.331060,NZD/MW-year,0.000000,NZD/MWh_e,1.000000,,,,,0.000000,,,,,,49.826885,0.000000,3600,29.295381,240.955593,MBIE EDGS 2024 assumptions workbook + explicit study assumptions in build_capacity_EDGS.py,,,,EDGS plant=Generic Wind No. 72; status=Generic; capital_cost is the legacy annualised NZ generator value (investment + fixed O&M for flexible candidates; zero for sunk existing/fixed capacity); variable_O&M_NZD_per_MWh=0.000000; overnight_CAPEX_NZD_per_MW=2409555.925515.
wind_taranaki_generic_wind_no_74,wind,2025,2025,,,MW_e generator capacity,,,,252406.719107,NZD/MW-year,0.000000,NZD/MWh_e,1.000000,,,,,0.000000,,,,,,48.001077,0.000000,3600,45.633417,507.295606,MBIE EDGS 2024 assumptions workbook + explicit study assumptions in build_capacity_EDGS.py,,,,EDGS plant=Generic Wind No. 74; status=Generic; capital_cost is the legacy annualised NZ generator value (investment + fixed O&M for flexible candidates; zero for sunk existing/fixed capacity); variable_O&M_NZD_per_MWh=0.000000; overnight_CAPEX_NZD_per_MW=2536478.029539.
wind_taranaki_generic_wind_no_74,wind,2030,2030,,,MW_e generator capacity,,,,252406.719107,NZD/MW-year,0.000000,NZD/MWh_e,1.000000,,,,,0.000000,,,,,,48.001077,0.000000,3600,45.633417,507.295606,MBIE EDGS 2024 assumptions workbook + explicit study assumptions in build_capacity_EDGS.py,,,,EDGS plant=Generic Wind No. 74; status=Generic; capital_cost is the legacy annualised NZ generator value (investment + fixed O&M for flexible candidates; zero for sunk existing/fixed capacity); variable_O&M_NZD_per_MWh=0.000000; overnight_CAPEX_NZD_per_MW=2536478.029539.
wind_taranaki_generic_wind_no_74,wind,2040,2040,,,MW_e generator capacity,,,,252406.719107,NZD/MW-year,0.000000,NZD/MWh_e,1.000000,,,,,0.000000,,,,,,48.001077,0.000000,3600,45.633417,507.295606,MBIE EDGS 2024 assumptions workbook + explicit study assumptions in build_capacity_EDGS.py,,,,EDGS plant=Generic Wind No. 74; status=Generic; capital_cost is the legacy annualised NZ generator value (investment + fixed O&M for flexible candidates; zero for sunk existing/fixed capacity); variable_O&M_NZD_per_MWh=0.000000; overnight_CAPEX_NZD_per_MW=2536478.029539.
wind_taranaki_generic_wind_no_74,wind,2050,2050,,,MW_e generator capacity,,,,252406.719107,NZD/MW-year,0.000000,NZD/MWh_e,1.000000,,,,,0.000000,,,,,,48.001077,0.000000,3600,45.633417,507.295606,MBIE EDGS 2024 assumptions workbook + explicit study assumptions in build_capacity_EDGS.py,,,,EDGS plant=Generic Wind No. 74; status=Generic; capital_cost is the legacy annualised NZ generator value (investment + fixed O&M for flexible candidates; zero for sunk existing/fixed capacity); variable_O&M_NZD_per_MWh=0.000000; overnight_CAPEX_NZD_per_MW=2536478.029539.
wind_taranaki_taranaki_wind_meridian,wind,2025,2025,,,MW_e generator capacity,,,,237355.554900,NZD/MW-year,0.000000,NZD/MWh_e,1.000000,,,,,0.000000,,,,,,48.142430,0.000000,3600,57.954675,704.386038,MBIE EDGS 2024 assumptions workbook + explicit study assumptions in build_capacity_EDGS.py,,,,EDGS plant=Taranaki Wind (Meridian); status=Announced; capital_cost is the legacy annualised NZ generator value (investment + fixed O&M for flexible candidates; zero for sunk existing/fixed capacity); variable_O&M_NZD_per_MWh=0.000000; overnight_CAPEX_NZD_per_MW=2347953.459503.
wind_taranaki_taranaki_wind_meridian,wind,2030,2030,,,MW_e generator capacity,,,,237355.554900,NZD/MW-year,0.000000,NZD/MWh_e,1.000000,,,,,0.000000,,,,,,48.142430,0.000000,3600,57.954675,704.386038,MBIE EDGS 2024 assumptions workbook + explicit study assumptions in build_capacity_EDGS.py,,,,EDGS plant=Taranaki Wind (Meridian); status=Announced; capital_cost is the legacy annualised NZ generator value (investment + fixed O&M for flexible candidates; zero for sunk existing/fixed capacity); variable_O&M_NZD_per_MWh=0.000000; overnight_CAPEX_NZD_per_MW=2347953.459503.
wind_taranaki_taranaki_wind_meridian,wind,2040,2040,,,MW_e generator capacity,,,,237355.554900,NZD/MW-year,0.000000,NZD/MWh_e,1.000000,,,,,0.000000,,,,,,48.142430,0.000000,3600,57.954675,704.386038,MBIE EDGS 2024 assumptions workbook + explicit study assumptions in build_capacity_EDGS.py,,,,EDGS plant=Taranaki Wind (Meridian); status=Announced; capital_cost is the legacy annualised NZ generator value (investment + fixed O&M for flexible candidates; zero for sunk existing/fixed capacity); variable_O&M_NZD_per_MWh=0.000000; overnight_CAPEX_NZD_per_MW=2347953.459503.
wind_taranaki_taranaki_wind_meridian,wind,2050,2050,,,MW_e generator capacity,,,,237355.554900,NZD/MW-year,0.000000,NZD/MWh_e,1.000000,,,,,0.000000,,,,,,48.142430,0.000000,3600,57.954675,704.386038,MBIE EDGS 2024 assumptions workbook + explicit study assumptions in build_capacity_EDGS.py,,,,EDGS plant=Taranaki Wind (Meridian); status=Announced; capital_cost is the legacy annualised NZ generator value (investment + fixed O&M for flexible candidates; zero for sunk existing/fixed capacity); variable_O&M_NZD_per_MWh=0.000000; overnight_CAPEX_NZD_per_MW=2347953.459503.
wind_taranaki_waipipi,wind,2025,2025,,,MW_e generator capacity,,,,0.000000,NZD/MW-year,0.000000,NZD/MWh_e,1.000000,,,,,0.000000,,,,,,49.473503,0.000000,3600,,,MBIE EDGS 2024 assumptions workbook + explicit study assumptions in build_capacity_EDGS.py,,,,EDGS plant=Waipipi; status=Current; capital_cost is the legacy annualised NZ generator value (investment + fixed O&M for flexible candidates; zero for sunk existing/fixed capacity); variable_O&M_NZD_per_MWh=0.000000.
wind_taranaki_waipipi,wind,2030,2030,,,MW_e generator capacity,,,,0.000000,NZD/MW-year,0.000000,NZD/MWh_e,1.000000,,,,,0.000000,,,,,,49.473503,0.000000,3600,,,MBIE EDGS 2024 assumptions workbook + explicit study assumptions in build_capacity_EDGS.py,,,,EDGS plant=Waipipi; status=Current; capital_cost is the legacy annualised NZ generator value (investment + fixed O&M for flexible candidates; zero for sunk existing/fixed capacity); variable_O&M_NZD_per_MWh=0.000000.
wind_taranaki_waipipi,wind,2040,2040,,,MW_e generator capacity,,,,0.000000,NZD/MW-year,0.000000,NZD/MWh_e,1.000000,,,,,0.000000,,,,,,49.473503,0.000000,3600,,,MBIE EDGS 2024 assumptions workbook + explicit study assumptions in build_capacity_EDGS.py,,,,EDGS plant=Waipipi; status=Current; capital_cost is the legacy annualised NZ generator value (investment + fixed O&M for flexible candidates; zero for sunk existing/fixed capacity); variable_O&M_NZD_per_MWh=0.000000.
wind_taranaki_waipipi,wind,2050,2050,,,MW_e generator capacity,,,,0.000000,NZD/MW-year,0.000000,NZD/MWh_e,1.000000,,,,,0.000000,,,,,,49.473503,0.000000,3600,,,MBIE EDGS 2024 assumptions workbook + explicit study assumptions in build_capacity_EDGS.py,,,,EDGS plant=Waipipi; status=Current; capital_cost is the legacy annualised NZ generator value (investment + fixed O&M for flexible candidates; zero for sunk existing/fixed capacity); variable_O&M_NZD_per_MWh=0.000000.
ccgt_waikato_huntly_unit_5_e3p,ccgt,2025,2025,,,MW_e generator capacity,,,,0.000000,NZD/MW-year,151.103538,NZD/MWh_e,0.486486,,,,,0.415222,,,,,,48.295562,1.319293,7400,,,MBIE EDGS 2024 assumptions workbook + explicit study assumptions in build_capacity_EDGS.py,,,,EDGS plant=Huntly Unit 5 (e3p); status=Current; capital_cost is the legacy annualised NZ generator value (investment + fixed O&M for flexible candidates; zero for sunk existing/fixed capacity); variable_O&M_NZD_per_MWh=6.125291.
ccgt_waikato_huntly_unit_5_e3p,ccgt,2030,2030,,,MW_e generator capacity,,,,0.000000,NZD/MW-year,159.844196,NZD/MWh_e,0.486486,,,,,0.415222,,,,,,48.295562,1.319293,7400,,,MBIE EDGS 2024 assumptions workbook + explicit study assumptions in build_capacity_EDGS.py,,,,EDGS plant=Huntly Unit 5 (e3p); status=Current; capital_cost is the legacy annualised NZ generator value (investment + fixed O&M for flexible candidates; zero for sunk existing/fixed capacity); variable_O&M_NZD_per_MWh=6.125291.
ccgt_waikato_huntly_unit_5_e3p,ccgt,2040,2040,,,MW_e generator capacity,,,,0.000000,NZD/MW-year,164.091973,NZD/MWh_e,0.486486,,,,,0.415222,,,,,,48.295562,1.319293,7400,,,MBIE EDGS 2024 assumptions workbook + explicit study assumptions in build_capacity_EDGS.py,,,,EDGS plant=Huntly Unit 5 (e3p); status=Current; capital_cost is the legacy annualised NZ generator value (investment + fixed O&M for flexible candidates; zero for sunk existing/fixed capacity); variable_O&M_NZD_per_MWh=6.125291.
ccgt_waikato_huntly_unit_5_e3p,ccgt,2050,2050,,,MW_e generator capacity,,,,0.000000,NZD/MW-year,188.090173,NZD/MWh_e,0.486486,,,,,0.415222,,,,,,48.295562,1.319293,7400,,,MBIE EDGS 2024 assumptions workbook + explicit study assumptions in build_capacity_EDGS.py,,,,EDGS plant=Huntly Unit 5 (e3p); status=Current; capital_cost is the legacy annualised NZ generator value (investment + fixed O&M for flexible candidates; zero for sunk existing/fixed capacity); variable_O&M_NZD_per_MWh=6.125291.
coal_waikato_huntly_unit_1_coal,coal,2025,2025,,,MW_e generator capacity,,,,0.000000,NZD/MW-year,225.233505,NZD/MWh_e,0.330275,,,,,1.032472,,,,,,96.591125,0.883455,10900,,,MBIE EDGS 2024 assumptions workbook + explicit study assumptions in build_capacity_EDGS.py,,,,EDGS plant=Huntly Unit 1 (Coal); status=Current; capital_cost is the legacy annualised NZ generator value (investment + fixed O&M for flexible candidates; zero for sunk existing/fixed capacity); variable_O&M_NZD_per_MWh=13.664110.
coal_waikato_huntly_unit_1_coal,coal,2030,2030,,,MW_e generator capacity,,,,0.000000,NZD/MW-year,225.800142,NZD/MWh_e,0.330275,,,,,1.032472,,,,,,96.591125,0.883455,10900,,,MBIE EDGS 2024 assumptions workbook + explicit study assumptions in build_capacity_EDGS.py,,,,EDGS plant=Huntly Unit 1 (Coal); status=Current; capital_cost is the legacy annualised NZ generator value (investment + fixed O&M for flexible candidates; zero for sunk existing/fixed capacity); variable_O&M_NZD_per_MWh=13.664110.
coal_waikato_huntly_unit_1_coal,coal,2040,2040,,,MW_e generator capacity,,,,0.000000,NZD/MW-year,192.452085,NZD/MWh_e,0.330275,,,,,1.032472,,,,,,96.591125,0.883455,10900,,,MBIE EDGS 2024 assumptions workbook + explicit study assumptions in build_capacity_EDGS.py,,,,EDGS plant=Huntly Unit 1 (Coal); status=Current; capital_cost is the legacy annualised NZ generator value (investment + fixed O&M for flexible candidates; zero for sunk existing/fixed capacity); variable_O&M_NZD_per_MWh=13.664110.
coal_waikato_huntly_unit_1_coal,coal,2050,2050,,,MW_e generator capacity,,,,0.000000,NZD/MW-year,192.452085,NZD/MWh_e,0.330275,,,,,1.032472,,,,,,96.591125,0.883455,10900,,,MBIE EDGS 2024 assumptions workbook + explicit study assumptions in build_capacity_EDGS.py,,,,EDGS plant=Huntly Unit 1 (Coal); status=Current; capital_cost is the legacy annualised NZ generator value (investment + fixed O&M for flexible candidates; zero for sunk existing/fixed capacity); variable_O&M_NZD_per_MWh=13.664110.
coal_waikato_huntly_unit_2_coal,coal,2025,2025,,,MW_e generator capacity,,,,0.000000,NZD/MW-year,225.233505,NZD/MWh_e,0.330275,,,,,1.032472,,,,,,96.591125,0.883455,10900,,,MBIE EDGS 2024 assumptions workbook + explicit study assumptions in build_capacity_EDGS.py,,,,EDGS plant=Huntly Unit 2 (Coal); status=Current; capital_cost is the legacy annualised NZ generator value (investment + fixed O&M for flexible candidates; zero for sunk existing/fixed capacity); variable_O&M_NZD_per_MWh=13.664110.
coal_waikato_huntly_unit_2_coal,coal,2030,2030,,,MW_e generator capacity,,,,0.000000,NZD/MW-year,225.800142,NZD/MWh_e,0.330275,,,,,1.032472,,,,,,96.591125,0.883455,10900,,,MBIE EDGS 2024 assumptions workbook + explicit study assumptions in build_capacity_EDGS.py,,,,EDGS plant=Huntly Unit 2 (Coal); status=Current; capital_cost is the legacy annualised NZ generator value (investment + fixed O&M for flexible candidates; zero for sunk existing/fixed capacity); variable_O&M_NZD_per_MWh=13.664110.
coal_waikato_huntly_unit_2_coal,coal,2040,2040,,,MW_e generator capacity,,,,0.000000,NZD/MW-year,192.452085,NZD/MWh_e,0.330275,,,,,1.032472,,,,,,96.591125,0.883455,10900,,,MBIE EDGS 2024 assumptions workbook + explicit study assumptions in build_capacity_EDGS.py,,,,EDGS plant=Huntly Unit 2 (Coal); status=Current; capital_cost is the legacy annualised NZ generator value (investment + fixed O&M for flexible candidates; zero for sunk existing/fixed capacity); variable_O&M_NZD_per_MWh=13.664110.
coal_waikato_huntly_unit_2_coal,coal,2050,2050,,,MW_e generator capacity,,,,0.000000,NZD/MW-year,192.452085,NZD/MWh_e,0.330275,,,,,1.032472,,,,,,96.591125,0.883455,10900,,,MBIE EDGS 2024 assumptions workbook + explicit study assumptions in build_capacity_EDGS.py,,,,EDGS plant=Huntly Unit 2 (Coal); status=Current; capital_cost is the legacy annualised NZ generator value (investment + fixed O&M for flexible candidates; zero for sunk existing/fixed capacity); variable_O&M_NZD_per_MWh=13.664110.
gas_peaker_waikato_generic_ocgt_peaker_1_huntly,gas_peaker,2025,2025,,,MW_e generator capacity,,,,113801.673719,NZD/MW-year,259.270575,NZD/MWh_e,0.306383,,,,,0.659306,,,,,,5.418526,2.650366,11750,13.192934,134.493094,MBIE EDGS 2024 assumptions workbook + explicit study assumptions in build_capacity_EDGS.py,,,,EDGS plant=Generic OCGT peaker: 1 (Huntly); status=Generic; capital_cost is the legacy annualised NZ generator value (investment + fixed O&M for flexible candidates; zero for sunk existing/fixed capacity); variable_O&M_NZD_per_MWh=13.428522; overnight_CAPEX_NZD_per_MW=1344930.937476.
gas_peaker_waikato_generic_ocgt_peaker_1_huntly,gas_peaker,2030,2030,,,MW_e generator capacity,,,,113801.673719,NZD/MW-year,273.149322,NZD/MWh_e,0.306383,,,,,0.659306,,,,,,5.418526,2.650366,11750,13.192934,134.493094,MBIE EDGS 2024 assumptions workbook + explicit study assumptions in build_capacity_EDGS.py,,,,EDGS plant=Generic OCGT peaker: 1 (Huntly); status=Generic; capital_cost is the legacy annualised NZ generator value (investment + fixed O&M for flexible candidates; zero for sunk existing/fixed capacity); variable_O&M_NZD_per_MWh=13.428522; overnight_CAPEX_NZD_per_MW=1344930.937476.
gas_peaker_waikato_generic_ocgt_peaker_1_huntly,gas_peaker,2040,2040,,,MW_e generator capacity,,,,113801.673719,NZD/MW-year,279.894103,NZD/MWh_e,0.306383,,,,,0.659306,,,,,,5.418526,2.650366,11750,13.192934,134.493094,MBIE EDGS 2024 assumptions workbook + explicit study assumptions in build_capacity_EDGS.py,,,,EDGS plant=Generic OCGT peaker: 1 (Huntly); status=Generic; capital_cost is the legacy annualised NZ generator value (investment + fixed O&M for flexible candidates; zero for sunk existing/fixed capacity); variable_O&M_NZD_per_MWh=13.428522; overnight_CAPEX_NZD_per_MW=1344930.937476.
gas_peaker_waikato_generic_ocgt_peaker_1_huntly,gas_peaker,2050,2050,,,MW_e generator capacity,,,,113801.673719,NZD/MW-year,317.999353,NZD/MWh_e,0.306383,,,,,0.659306,,,,,,5.418526,2.650366,11750,13.192934,134.493094,MBIE EDGS 2024 assumptions workbook + explicit study assumptions in build_capacity_EDGS.py,,,,EDGS plant=Generic OCGT peaker: 1 (Huntly); status=Generic; capital_cost is the legacy annualised NZ generator value (investment + fixed O&M for flexible candidates; zero for sunk existing/fixed capacity); variable_O&M_NZD_per_MWh=13.428522; overnight_CAPEX_NZD_per_MW=1344930.937476.
gas_peaker_waikato_generic_ocgt_peaker_6_huntly,gas_peaker,2025,2025,,,MW_e generator capacity,,,,113801.673719,NZD/MW-year,259.270575,NZD/MWh_e,0.306383,,,,,0.659306,,,,,,5.418526,2.650366,11750,13.192934,134.493094,MBIE EDGS 2024 assumptions workbook + explicit study assumptions in build_capacity_EDGS.py,,,,EDGS plant=Generic OCGT peaker: 6 (Huntly); status=Generic; capital_cost is the legacy annualised NZ generator value (investment + fixed O&M for flexible candidates; zero for sunk existing/fixed capacity); variable_O&M_NZD_per_MWh=13.428522; overnight_CAPEX_NZD_per_MW=1344930.937476.
gas_peaker_waikato_generic_ocgt_peaker_6_huntly,gas_peaker,2030,2030,,,MW_e generator capacity,,,,113801.673719,NZD/MW-year,273.149322,NZD/MWh_e,0.306383,,,,,0.659306,,,,,,5.418526,2.650366,11750,13.192934,134.493094,MBIE EDGS 2024 assumptions workbook + explicit study assumptions in build_capacity_EDGS.py,,,,EDGS plant=Generic OCGT peaker: 6 (Huntly); status=Generic; capital_cost is the legacy annualised NZ generator value (investment + fixed O&M for flexible candidates; zero for sunk existing/fixed capacity); variable_O&M_NZD_per_MWh=13.428522; overnight_CAPEX_NZD_per_MW=1344930.937476.
gas_peaker_waikato_generic_ocgt_peaker_6_huntly,gas_peaker,2040,2040,,,MW_e generator capacity,,,,113801.673719,NZD/MW-year,279.894103,NZD/MWh_e,0.306383,,,,,0.659306,,,,,,5.418526,2.650366,11750,13.192934,134.493094,MBIE EDGS 2024 assumptions workbook + explicit study assumptions in build_capacity_EDGS.py,,,,EDGS plant=Generic OCGT peaker: 6 (Huntly); status=Generic; capital_cost is the legacy annualised NZ generator value (investment + fixed O&M for flexible candidates; zero for sunk existing/fixed capacity); variable_O&M_NZD_per_MWh=13.428522; overnight_CAPEX_NZD_per_MW=1344930.937476.
gas_peaker_waikato_generic_ocgt_peaker_6_huntly,gas_peaker,2050,2050,,,MW_e generator capacity,,,,113801.673719,NZD/MW-year,317.999353,NZD/MWh_e,0.306383,,,,,0.659306,,,,,,5.418526,2.650366,11750,13.192934,134.493094,MBIE EDGS 2024 assumptions workbook + explicit study assumptions in build_capacity_EDGS.py,,,,EDGS plant=Generic OCGT peaker: 6 (Huntly); status=Generic; capital_cost is the legacy annualised NZ generator value (investment + fixed O&M for flexible candidates; zero for sunk existing/fixed capacity); variable_O&M_NZD_per_MWh=13.428522; overnight_CAPEX_NZD_per_MW=1344930.937476.
gas_peaker_waikato_generic_ocgt_peaker_8_huntly,gas_peaker,2025,2025,,,MW_e generator capacity,,,,113801.673719,NZD/MW-year,259.270575,NZD/MWh_e,0.306383,,,,,0.659306,,,,,,5.418526,2.650366,11750,13.192934,134.493094,MBIE EDGS 2024 assumptions workbook + explicit study assumptions in build_capacity_EDGS.py,,,,EDGS plant=Generic OCGT peaker: 8 (Huntly); status=Generic; capital_cost is the legacy annualised NZ generator value (investment + fixed O&M for flexible candidates; zero for sunk existing/fixed capacity); variable_O&M_NZD_per_MWh=13.428522; overnight_CAPEX_NZD_per_MW=1344930.937476.
gas_peaker_waikato_generic_ocgt_peaker_8_huntly,gas_peaker,2030,2030,,,MW_e generator capacity,,,,113801.673719,NZD/MW-year,273.149322,NZD/MWh_e,0.306383,,,,,0.659306,,,,,,5.418526,2.650366,11750,13.192934,134.493094,MBIE EDGS 2024 assumptions workbook + explicit study assumptions in build_capacity_EDGS.py,,,,EDGS plant=Generic OCGT peaker: 8 (Huntly); status=Generic; capital_cost is the legacy annualised NZ generator value (investment + fixed O&M for flexible candidates; zero for sunk existing/fixed capacity); variable_O&M_NZD_per_MWh=13.428522; overnight_CAPEX_NZD_per_MW=1344930.937476.
gas_peaker_waikato_generic_ocgt_peaker_8_huntly,gas_peaker,2040,2040,,,MW_e generator capacity,,,,113801.673719,NZD/MW-year,279.894103,NZD/MWh_e,0.306383,,,,,0.659306,,,,,,5.418526,2.650366,11750,13.192934,134.493094,MBIE EDGS 2024 assumptions workbook + explicit study assumptions in build_capacity_EDGS.py,,,,EDGS plant=Generic OCGT peaker: 8 (Huntly); status=Generic; capital_cost is the legacy annualised NZ generator value (investment + fixed O&M for flexible candidates; zero for sunk existing/fixed capacity); variable_O&M_NZD_per_MWh=13.428522; overnight_CAPEX_NZD_per_MW=1344930.937476.
gas_peaker_waikato_generic_ocgt_peaker_8_huntly,gas_peaker,2050,2050,,,MW_e generator capacity,,,,113801.673719,NZD/MW-year,317.999353,NZD/MWh_e,0.306383,,,,,0.659306,,,,,,5.418526,2.650366,11750,13.192934,134.493094,MBIE EDGS 2024 assumptions workbook + explicit study assumptions in build_capacity_EDGS.py,,,,EDGS plant=Generic OCGT peaker: 8 (Huntly); status=Generic; capital_cost is the legacy annualised NZ generator value (investment + fixed O&M for flexible candidates; zero for sunk existing/fixed capacity); variable_O&M_NZD_per_MWh=13.428522; overnight_CAPEX_NZD_per_MW=1344930.937476.
geothermal_waikato_mokai,geothermal,2025,2025,,,MW_e generator capacity,,,,0.000000,NZD/MW-year,0.000000,NZD/MWh_e,1.000000,,,,,0.000000,,,,,,223.808703,0.000000,12000,,,MBIE EDGS 2024 assumptions workbook + explicit study assumptions in build_capacity_EDGS.py,,,,EDGS plant=Mōkai; status=Current; capital_cost is the legacy annualised NZ generator value (investment + fixed O&M for flexible candidates; zero for sunk existing/fixed capacity); variable_O&M_NZD_per_MWh=0.000000.
geothermal_waikato_mokai,geothermal,2030,2030,,,MW_e generator capacity,,,,0.000000,NZD/MW-year,0.000000,NZD/MWh_e,1.000000,,,,,0.000000,,,,,,223.808703,0.000000,12000,,,MBIE EDGS 2024 assumptions workbook + explicit study assumptions in build_capacity_EDGS.py,,,,EDGS plant=Mōkai; status=Current; capital_cost is the legacy annualised NZ generator value (investment + fixed O&M for flexible candidates; zero for sunk existing/fixed capacity); variable_O&M_NZD_per_MWh=0.000000.
geothermal_waikato_mokai,geothermal,2040,2040,,,MW_e generator capacity,,,,0.000000,NZD/MW-year,0.000000,NZD/MWh_e,1.000000,,,,,0.000000,,,,,,223.808703,0.000000,12000,,,MBIE EDGS 2024 assumptions workbook + explicit study assumptions in build_capacity_EDGS.py,,,,EDGS plant=Mōkai; status=Current; capital_cost is the legacy annualised NZ generator value (investment + fixed O&M for flexible candidates; zero for sunk existing/fixed capacity); variable_O&M_NZD_per_MWh=0.000000.
geothermal_waikato_mokai,geothermal,2050,2050,,,MW_e generator capacity,,,,0.000000,NZD/MW-year,0.000000,NZD/MWh_e,1.000000,,,,,0.000000,,,,,,223.808703,0.000000,12000,,,MBIE EDGS 2024 assumptions workbook + explicit study assumptions in build_capacity_EDGS.py,,,,EDGS plant=Mōkai; status=Current; capital_cost is the legacy annualised NZ generator value (investment + fixed O&M for flexible candidates; zero for sunk existing/fixed capacity); variable_O&M_NZD_per_MWh=0.000000.
geothermal_waikato_nga_awa_purua,geothermal,2025,2025,,,MW_e generator capacity,,,,0.000000,NZD/MW-year,0.000000,NZD/MWh_e,1.000000,,,,,0.000000,,,,,,223.808703,0.000000,12000,,,MBIE EDGS 2024 assumptions workbook + explicit study assumptions in build_capacity_EDGS.py,,,,EDGS plant=Ngā Awa Pūrua; status=Current; capital_cost is the legacy annualised NZ generator value (investment + fixed O&M for flexible candidates; zero for sunk existing/fixed capacity); variable_O&M_NZD_per_MWh=0.000000.
geothermal_waikato_nga_awa_purua,geothermal,2030,2030,,,MW_e generator capacity,,,,0.000000,NZD/MW-year,0.000000,NZD/MWh_e,1.000000,,,,,0.000000,,,,,,223.808703,0.000000,12000,,,MBIE EDGS 2024 assumptions workbook + explicit study assumptions in build_capacity_EDGS.py,,,,EDGS plant=Ngā Awa Pūrua; status=Current; capital_cost is the legacy annualised NZ generator value (investment + fixed O&M for flexible candidates; zero for sunk existing/fixed capacity); variable_O&M_NZD_per_MWh=0.000000.
geothermal_waikato_nga_awa_purua,geothermal,2040,2040,,,MW_e generator capacity,,,,0.000000,NZD/MW-year,0.000000,NZD/MWh_e,1.000000,,,,,0.000000,,,,,,223.808703,0.000000,12000,,,MBIE EDGS 2024 assumptions workbook + explicit study assumptions in build_capacity_EDGS.py,,,,EDGS plant=Ngā Awa Pūrua; status=Current; capital_cost is the legacy annualised NZ generator value (investment + fixed O&M for flexible candidates; zero for sunk existing/fixed capacity); variable_O&M_NZD_per_MWh=0.000000.
geothermal_waikato_nga_awa_purua,geothermal,2050,2050,,,MW_e generator capacity,,,,0.000000,NZD/MW-year,0.000000,NZD/MWh_e,1.000000,,,,,0.000000,,,,,,223.808703,0.000000,12000,,,MBIE EDGS 2024 assumptions workbook + explicit study assumptions in build_capacity_EDGS.py,,,,EDGS plant=Ngā Awa Pūrua; status=Current; capital_cost is the legacy annualised NZ generator value (investment + fixed O&M for flexible candidates; zero for sunk existing/fixed capacity); variable_O&M_NZD_per_MWh=0.000000.
geothermal_waikato_ngatamariki,geothermal,2025,2025,,,MW_e generator capacity,,,,0.000000,NZD/MW-year,0.000000,NZD/MWh_e,1.000000,,,,,0.000000,,,,,,123.683757,0.000000,12000,,,MBIE EDGS 2024 assumptions workbook + explicit study assumptions in build_capacity_EDGS.py,,,,EDGS plant=Ngātamariki; status=Current; capital_cost is the legacy annualised NZ generator value (investment + fixed O&M for flexible candidates; zero for sunk existing/fixed capacity); variable_O&M_NZD_per_MWh=0.000000.
geothermal_waikato_ngatamariki,geothermal,2030,2030,,,MW_e generator capacity,,,,0.000000,NZD/MW-year,0.000000,NZD/MWh_e,1.000000,,,,,0.000000,,,,,,123.683757,0.000000,12000,,,MBIE EDGS 2024 assumptions workbook + explicit study assumptions in build_capacity_EDGS.py,,,,EDGS plant=Ngātamariki; status=Current; capital_cost is the legacy annualised NZ generator value (investment + fixed O&M for flexible candidates; zero for sunk existing/fixed capacity); variable_O&M_NZD_per_MWh=0.000000.
geothermal_waikato_ngatamariki,geothermal,2040,2040,,,MW_e generator capacity,,,,0.000000,NZD/MW-year,0.000000,NZD/MWh_e,1.000000,,,,,0.000000,,,,,,123.683757,0.000000,12000,,,MBIE EDGS 2024 assumptions workbook + explicit study assumptions in build_capacity_EDGS.py,,,,EDGS plant=Ngātamariki; status=Current; capital_cost is the legacy annualised NZ generator value (investment + fixed O&M for flexible candidates; zero for sunk existing/fixed capacity); variable_O&M_NZD_per_MWh=0.000000.
geothermal_waikato_ngatamariki,geothermal,2050,2050,,,MW_e generator capacity,,,,0.000000,NZD/MW-year,0.000000,NZD/MWh_e,1.000000,,,,,0.000000,,,,,,123.683757,0.000000,12000,,,MBIE EDGS 2024 assumptions workbook + explicit study assumptions in build_capacity_EDGS.py,,,,EDGS plant=Ngātamariki; status=Current; capital_cost is the legacy annualised NZ generator value (investment + fixed O&M for flexible candidates; zero for sunk existing/fixed capacity); variable_O&M_NZD_per_MWh=0.000000.
geothermal_waikato_ngatamariki_expansion,geothermal,2025,2025,,,MW_e generator capacity,,,,610084.891987,NZD/MW-year,0.000000,NZD/MWh_e,1.000000,,,,,0.000000,,,,,,223.808703,0.000000,12000,17.500000,220.492588,MBIE EDGS 2024 assumptions workbook + explicit study assumptions in build_capacity_EDGS.py,,,,EDGS plant=Ngātamariki expansion; status=Fully consented; capital_cost is the legacy annualised NZ generator value (investment + fixed O&M for flexible candidates; zero for sunk existing/fixed capacity); variable_O&M_NZD_per_MWh=0.000000; overnight_CAPEX_NZD_per_MW=4793317.135550.
geothermal_waikato_ngatamariki_expansion,geothermal,2030,2030,,,MW_e generator capacity,,,,610084.891987,NZD/MW-year,0.000000,NZD/MWh_e,1.000000,,,,,0.000000,,,,,,223.808703,0.000000,12000,17.500000,220.492588,MBIE EDGS 2024 assumptions workbook + explicit study assumptions in build_capacity_EDGS.py,,,,EDGS plant=Ngātamariki expansion; status=Fully consented; capital_cost is the legacy annualised NZ generator value (investment + fixed O&M for flexible candidates; zero for sunk existing/fixed capacity); variable_O&M_NZD_per_MWh=0.000000; overnight_CAPEX_NZD_per_MW=4793317.135550.
geothermal_waikato_ngatamariki_expansion,geothermal,2040,2040,,,MW_e generator capacity,,,,610084.891987,NZD/MW-year,0.000000,NZD/MWh_e,1.000000,,,,,0.000000,,,,,,223.808703,0.000000,12000,17.500000,220.492588,MBIE EDGS 2024 assumptions workbook + explicit study assumptions in build_capacity_EDGS.py,,,,EDGS plant=Ngātamariki expansion; status=Fully consented; capital_cost is the legacy annualised NZ generator value (investment + fixed O&M for flexible candidates; zero for sunk existing/fixed capacity); variable_O&M_NZD_per_MWh=0.000000; overnight_CAPEX_NZD_per_MW=4793317.135550.
geothermal_waikato_ngatamariki_expansion,geothermal,2050,2050,,,MW_e generator capacity,,,,610084.891987,NZD/MW-year,0.000000,NZD/MWh_e,1.000000,,,,,0.000000,,,,,,223.808703,0.000000,12000,17.500000,220.492588,MBIE EDGS 2024 assumptions workbook + explicit study assumptions in build_capacity_EDGS.py,,,,EDGS plant=Ngātamariki expansion; status=Fully consented; capital_cost is the legacy annualised NZ generator value (investment + fixed O&M for flexible candidates; zero for sunk existing/fixed capacity); variable_O&M_NZD_per_MWh=0.000000; overnight_CAPEX_NZD_per_MW=4793317.135550.
geothermal_waikato_poihipi_road,geothermal,2025,2025,,,MW_e generator capacity,,,,0.000000,NZD/MW-year,0.000000,NZD/MWh_e,1.000000,,,,,0.000000,,,,,,223.808703,0.000000,12000,,,MBIE EDGS 2024 assumptions workbook + explicit study assumptions in build_capacity_EDGS.py,,,,EDGS plant=Poihipi Road; status=Current; capital_cost is the legacy annualised NZ generator value (investment + fixed O&M for flexible candidates; zero for sunk existing/fixed capacity); variable_O&M_NZD_per_MWh=0.000000.
geothermal_waikato_poihipi_road,geothermal,2030,2030,,,MW_e generator capacity,,,,0.000000,NZD/MW-year,0.000000,NZD/MWh_e,1.000000,,,,,0.000000,,,,,,223.808703,0.000000,12000,,,MBIE EDGS 2024 assumptions workbook + explicit study assumptions in build_capacity_EDGS.py,,,,EDGS plant=Poihipi Road; status=Current; capital_cost is the legacy annualised NZ generator value (investment + fixed O&M for flexible candidates; zero for sunk existing/fixed capacity); variable_O&M_NZD_per_MWh=0.000000.
geothermal_waikato_poihipi_road,geothermal,2040,2040,,,MW_e generator capacity,,,,0.000000,NZD/MW-year,0.000000,NZD/MWh_e,1.000000,,,,,0.000000,,,,,,223.808703,0.000000,12000,,,MBIE EDGS 2024 assumptions workbook + explicit study assumptions in build_capacity_EDGS.py,,,,EDGS plant=Poihipi Road; status=Current; capital_cost is the legacy annualised NZ generator value (investment + fixed O&M for flexible candidates; zero for sunk existing/fixed capacity); variable_O&M_NZD_per_MWh=0.000000.
geothermal_waikato_poihipi_road,geothermal,2050,2050,,,MW_e generator capacity,,,,0.000000,NZD/MW-year,0.000000,NZD/MWh_e,1.000000,,,,,0.000000,,,,,,223.808703,0.000000,12000,,,MBIE EDGS 2024 assumptions workbook + explicit study assumptions in build_capacity_EDGS.py,,,,EDGS plant=Poihipi Road; status=Current; capital_cost is the legacy annualised NZ generator value (investment + fixed O&M for flexible candidates; zero for sunk existing/fixed capacity); variable_O&M_NZD_per_MWh=0.000000.
geothermal_waikato_reporoa_stage_2,geothermal,2025,2025,,,MW_e generator capacity,,,,857926.522279,NZD/MW-year,0.000000,NZD/MWh_e,1.000000,,,,,0.000000,,,,,,223.808703,0.000000,12000,17.669108,196.719853,MBIE EDGS 2024 assumptions workbook + explicit study assumptions in build_capacity_EDGS.py,,,,EDGS plant=Reporoa: Stage 2; status=Generic; capital_cost is the legacy annualised NZ generator value (investment + fixed O&M for flexible candidates; zero for sunk existing/fixed capacity); variable_O&M_NZD_per_MWh=0.000000; overnight_CAPEX_NZD_per_MW=7868794.132831.
geothermal_waikato_reporoa_stage_2,geothermal,2030,2030,,,MW_e generator capacity,,,,857926.522279,NZD/MW-year,0.000000,NZD/MWh_e,1.000000,,,,,0.000000,,,,,,223.808703,0.000000,12000,17.669108,196.719853,MBIE EDGS 2024 assumptions workbook + explicit study assumptions in build_capacity_EDGS.py,,,,EDGS plant=Reporoa: Stage 2; status=Generic; capital_cost is the legacy annualised NZ generator value (investment + fixed O&M for flexible candidates; zero for sunk existing/fixed capacity); variable_O&M_NZD_per_MWh=0.000000; overnight_CAPEX_NZD_per_MW=7868794.132831.
geothermal_waikato_reporoa_stage_2,geothermal,2040,2040,,,MW_e generator capacity,,,,857926.522279,NZD/MW-year,0.000000,NZD/MWh_e,1.000000,,,,,0.000000,,,,,,223.808703,0.000000,12000,17.669108,196.719853,MBIE EDGS 2024 assumptions workbook + explicit study assumptions in build_capacity_EDGS.py,,,,EDGS plant=Reporoa: Stage 2; status=Generic; capital_cost is the legacy annualised NZ generator value (investment + fixed O&M for flexible candidates; zero for sunk existing/fixed capacity); variable_O&M_NZD_per_MWh=0.000000; overnight_CAPEX_NZD_per_MW=7868794.132831.
geothermal_waikato_reporoa_stage_2,geothermal,2050,2050,,,MW_e generator capacity,,,,857926.522279,NZD/MW-year,0.000000,NZD/MWh_e,1.000000,,,,,0.000000,,,,,,223.808703,0.000000,12000,17.669108,196.719853,MBIE EDGS 2024 assumptions workbook + explicit study assumptions in build_capacity_EDGS.py,,,,EDGS plant=Reporoa: Stage 2; status=Generic; capital_cost is the legacy annualised NZ generator value (investment + fixed O&M for flexible candidates; zero for sunk existing/fixed capacity); variable_O&M_NZD_per_MWh=0.000000; overnight_CAPEX_NZD_per_MW=7868794.132831.
geothermal_waikato_rotokawa,geothermal,2025,2025,,,MW_e generator capacity,,,,0.000000,NZD/MW-year,0.000000,NZD/MWh_e,1.000000,,,,,0.000000,,,,,,223.808703,0.000000,12000,,,MBIE EDGS 2024 assumptions workbook + explicit study assumptions in build_capacity_EDGS.py,,,,EDGS plant=Rotokawa; status=Current; capital_cost is the legacy annualised NZ generator value (investment + fixed O&M for flexible candidates; zero for sunk existing/fixed capacity); variable_O&M_NZD_per_MWh=0.000000.
geothermal_waikato_rotokawa,geothermal,2030,2030,,,MW_e generator capacity,,,,0.000000,NZD/MW-year,0.000000,NZD/MWh_e,1.000000,,,,,0.000000,,,,,,223.808703,0.000000,12000,,,MBIE EDGS 2024 assumptions workbook + explicit study assumptions in build_capacity_EDGS.py,,,,EDGS plant=Rotokawa; status=Current; capital_cost is the legacy annualised NZ generator value (investment + fixed O&M for flexible candidates; zero for sunk existing/fixed capacity); variable_O&M_NZD_per_MWh=0.000000.
geothermal_waikato_rotokawa,geothermal,2040,2040,,,MW_e generator capacity,,,,0.000000,NZD/MW-year,0.000000,NZD/MWh_e,1.000000,,,,,0.000000,,,,,,223.808703,0.000000,12000,,,MBIE EDGS 2024 assumptions workbook + explicit study assumptions in build_capacity_EDGS.py,,,,EDGS plant=Rotokawa; status=Current; capital_cost is the legacy annualised NZ generator value (investment + fixed O&M for flexible candidates; zero for sunk existing/fixed capacity); variable_O&M_NZD_per_MWh=0.000000.
geothermal_waikato_rotokawa,geothermal,2050,2050,,,MW_e generator capacity,,,,0.000000,NZD/MW-year,0.000000,NZD/MWh_e,1.000000,,,,,0.000000,,,,,,223.808703,0.000000,12000,,,MBIE EDGS 2024 assumptions workbook + explicit study assumptions in build_capacity_EDGS.py,,,,EDGS plant=Rotokawa; status=Current; capital_cost is the legacy annualised NZ generator value (investment + fixed O&M for flexible candidates; zero for sunk existing/fixed capacity); variable_O&M_NZD_per_MWh=0.000000.
geothermal_waikato_tauhara_stage_1,geothermal,2025,2025,,,MW_e generator capacity,,,,0.000000,NZD/MW-year,0.000000,NZD/MWh_e,1.000000,,,,,0.000000,,,,,,223.808703,0.000000,12000,25.000000,829.039467,MBIE EDGS 2024 assumptions workbook + explicit study assumptions in build_capacity_EDGS.py,,,,EDGS plant=Tauhara Stage 1; status=Under construction; capital_cost is the legacy annualised NZ generator value (investment + fixed O&M for flexible candidates; zero for sunk existing/fixed capacity); variable_O&M_NZD_per_MWh=0.000000; overnight_CAPEX_NZD_per_MW=5454207.017544.
geothermal_waikato_tauhara_stage_1,geothermal,2030,2030,,,MW_e generator capacity,,,,0.000000,NZD/MW-year,0.000000,NZD/MWh_e,1.000000,,,,,0.000000,,,,,,223.808703,0.000000,12000,25.000000,829.039467,MBIE EDGS 2024 assumptions workbook + explicit study assumptions in build_capacity_EDGS.py,,,,EDGS plant=Tauhara Stage 1; status=Under construction; capital_cost is the legacy annualised NZ generator value (investment + fixed O&M for flexible candidates; zero for sunk existing/fixed capacity); variable_O&M_NZD_per_MWh=0.000000; overnight_CAPEX_NZD_per_MW=5454207.017544.
geothermal_waikato_tauhara_stage_1,geothermal,2040,2040,,,MW_e generator capacity,,,,0.000000,NZD/MW-year,0.000000,NZD/MWh_e,1.000000,,,,,0.000000,,,,,,223.808703,0.000000,12000,25.000000,829.039467,MBIE EDGS 2024 assumptions workbook + explicit study assumptions in build_capacity_EDGS.py,,,,EDGS plant=Tauhara Stage 1; status=Under construction; capital_cost is the legacy annualised NZ generator value (investment + fixed O&M for flexible candidates; zero for sunk existing/fixed capacity); variable_O&M_NZD_per_MWh=0.000000; overnight_CAPEX_NZD_per_MW=5454207.017544.
geothermal_waikato_tauhara_stage_1,geothermal,2050,2050,,,MW_e generator capacity,,,,0.000000,NZD/MW-year,0.000000,NZD/MWh_e,1.000000,,,,,0.000000,,,,,,223.808703,0.000000,12000,25.000000,829.039467,MBIE EDGS 2024 assumptions workbook + explicit study assumptions in build_capacity_EDGS.py,,,,EDGS plant=Tauhara Stage 1; status=Under construction; capital_cost is the legacy annualised NZ generator value (investment + fixed O&M for flexible candidates; zero for sunk existing/fixed capacity); variable_O&M_NZD_per_MWh=0.000000; overnight_CAPEX_NZD_per_MW=5454207.017544.
geothermal_waikato_tauhara_stage_1_expansion,geothermal,2025,2025,,,MW_e generator capacity,,,,648689.233561,NZD/MW-year,0.000000,NZD/MWh_e,1.000000,,,,,0.000000,,,,,,223.808703,0.000000,12000,0.000000,115.991920,MBIE EDGS 2024 assumptions workbook + explicit study assumptions in build_capacity_EDGS.py,,,,EDGS plant=Tauhara Stage 1 expansion; status=Fully consented; capital_cost is the legacy annualised NZ generator value (investment + fixed O&M for flexible candidates; zero for sunk existing/fixed capacity); variable_O&M_NZD_per_MWh=0.000000; overnight_CAPEX_NZD_per_MW=5272360.000000.
geothermal_waikato_tauhara_stage_1_expansion,geothermal,2030,2030,,,MW_e generator capacity,,,,648689.233561,NZD/MW-year,0.000000,NZD/MWh_e,1.000000,,,,,0.000000,,,,,,223.808703,0.000000,12000,0.000000,115.991920,MBIE EDGS 2024 assumptions workbook + explicit study assumptions in build_capacity_EDGS.py,,,,EDGS plant=Tauhara Stage 1 expansion; status=Fully consented; capital_cost is the legacy annualised NZ generator value (investment + fixed O&M for flexible candidates; zero for sunk existing/fixed capacity); variable_O&M_NZD_per_MWh=0.000000; overnight_CAPEX_NZD_per_MW=5272360.000000.
geothermal_waikato_tauhara_stage_1_expansion,geothermal,2040,2040,,,MW_e generator capacity,,,,648689.233561,NZD/MW-year,0.000000,NZD/MWh_e,1.000000,,,,,0.000000,,,,,,223.808703,0.000000,12000,0.000000,115.991920,MBIE EDGS 2024 assumptions workbook + explicit study assumptions in build_capacity_EDGS.py,,,,EDGS plant=Tauhara Stage 1 expansion; status=Fully consented; capital_cost is the legacy annualised NZ generator value (investment + fixed O&M for flexible candidates; zero for sunk existing/fixed capacity); variable_O&M_NZD_per_MWh=0.000000; overnight_CAPEX_NZD_per_MW=5272360.000000.
geothermal_waikato_tauhara_stage_1_expansion,geothermal,2050,2050,,,MW_e generator capacity,,,,648689.233561,NZD/MW-year,0.000000,NZD/MWh_e,1.000000,,,,,0.000000,,,,,,223.808703,0.000000,12000,0.000000,115.991920,MBIE EDGS 2024 assumptions workbook + explicit study assumptions in build_capacity_EDGS.py,,,,EDGS plant=Tauhara Stage 1 expansion; status=Fully consented; capital_cost is the legacy annualised NZ generator value (investment + fixed O&M for flexible candidates; zero for sunk existing/fixed capacity); variable_O&M_NZD_per_MWh=0.000000; overnight_CAPEX_NZD_per_MW=5272360.000000.
geothermal_waikato_te_huka_binary,geothermal,2025,2025,,,MW_e generator capacity,,,,0.000000,NZD/MW-year,0.000000,NZD/MWh_e,1.000000,,,,,0.000000,,,,,,251.432720,0.000000,12000,,,MBIE EDGS 2024 assumptions workbook + explicit study assumptions in build_capacity_EDGS.py,,,,EDGS plant=Te Huka (Binary); status=Current; capital_cost is the legacy annualised NZ generator value (investment + fixed O&M for flexible candidates; zero for sunk existing/fixed capacity); variable_O&M_NZD_per_MWh=0.000000.
geothermal_waikato_te_huka_binary,geothermal,2030,2030,,,MW_e generator capacity,,,,0.000000,NZD/MW-year,0.000000,NZD/MWh_e,1.000000,,,,,0.000000,,,,,,251.432720,0.000000,12000,,,MBIE EDGS 2024 assumptions workbook + explicit study assumptions in build_capacity_EDGS.py,,,,EDGS plant=Te Huka (Binary); status=Current; capital_cost is the legacy annualised NZ generator value (investment + fixed O&M for flexible candidates; zero for sunk existing/fixed capacity); variable_O&M_NZD_per_MWh=0.000000.
geothermal_waikato_te_huka_binary,geothermal,2040,2040,,,MW_e generator capacity,,,,0.000000,NZD/MW-year,0.000000,NZD/MWh_e,1.000000,,,,,0.000000,,,,,,251.432720,0.000000,12000,,,MBIE EDGS 2024 assumptions workbook + explicit study assumptions in build_capacity_EDGS.py,,,,EDGS plant=Te Huka (Binary); status=Current; capital_cost is the legacy annualised NZ generator value (investment + fixed O&M for flexible candidates; zero for sunk existing/fixed capacity); variable_O&M_NZD_per_MWh=0.000000.
geothermal_waikato_te_huka_binary,geothermal,2050,2050,,,MW_e generator capacity,,,,0.000000,NZD/MW-year,0.000000,NZD/MWh_e,1.000000,,,,,0.000000,,,,,,251.432720,0.000000,12000,,,MBIE EDGS 2024 assumptions workbook + explicit study assumptions in build_capacity_EDGS.py,,,,EDGS plant=Te Huka (Binary); status=Current; capital_cost is the legacy annualised NZ generator value (investment + fixed O&M for flexible candidates; zero for sunk existing/fixed capacity); variable_O&M_NZD_per_MWh=0.000000.
geothermal_waikato_te_huka_unit_3,geothermal,2025,2025,,,MW_e generator capacity,,,,0.000000,NZD/MW-year,0.000000,NZD/MWh_e,1.000000,,,,,0.000000,,,,,,251.432720,0.000000,12000,17.664431,324.336598,MBIE EDGS 2024 assumptions workbook + explicit study assumptions in build_capacity_EDGS.py,,,,EDGS plant=Te Huka Unit 3; status=Under construction; capital_cost is the legacy annualised NZ generator value (investment + fixed O&M for flexible candidates; zero for sunk existing/fixed capacity); variable_O&M_NZD_per_MWh=0.000000; overnight_CAPEX_NZD_per_MW=6310050.538659.
geothermal_waikato_te_huka_unit_3,geothermal,2030,2030,,,MW_e generator capacity,,,,0.000000,NZD/MW-year,0.000000,NZD/MWh_e,1.000000,,,,,0.000000,,,,,,251.432720,0.000000,12000,17.664431,324.336598,MBIE EDGS 2024 assumptions workbook + explicit study assumptions in build_capacity_EDGS.py,,,,EDGS plant=Te Huka Unit 3; status=Under construction; capital_cost is the legacy annualised NZ generator value (investment + fixed O&M for flexible candidates; zero for sunk existing/fixed capacity); variable_O&M_NZD_per_MWh=0.000000; overnight_CAPEX_NZD_per_MW=6310050.538659.
geothermal_waikato_te_huka_unit_3,geothermal,2040,2040,,,MW_e generator capacity,,,,0.000000,NZD/MW-year,0.000000,NZD/MWh_e,1.000000,,,,,0.000000,,,,,,251.432720,0.000000,12000,17.664431,324.336598,MBIE EDGS 2024 assumptions workbook + explicit study assumptions in build_capacity_EDGS.py,,,,EDGS plant=Te Huka Unit 3; status=Under construction; capital_cost is the legacy annualised NZ generator value (investment + fixed O&M for flexible candidates; zero for sunk existing/fixed capacity); variable_O&M_NZD_per_MWh=0.000000; overnight_CAPEX_NZD_per_MW=6310050.538659.
geothermal_waikato_te_huka_unit_3,geothermal,2050,2050,,,MW_e generator capacity,,,,0.000000,NZD/MW-year,0.000000,NZD/MWh_e,1.000000,,,,,0.000000,,,,,,251.432720,0.000000,12000,17.664431,324.336598,MBIE EDGS 2024 assumptions workbook + explicit study assumptions in build_capacity_EDGS.py,,,,EDGS plant=Te Huka Unit 3; status=Under construction; capital_cost is the legacy annualised NZ generator value (investment + fixed O&M for flexible candidates; zero for sunk existing/fixed capacity); variable_O&M_NZD_per_MWh=0.000000; overnight_CAPEX_NZD_per_MW=6310050.538659.
geothermal_waikato_te_mihi,geothermal,2025,2025,,,MW_e generator capacity,,,,0.000000,NZD/MW-year,0.000000,NZD/MWh_e,1.000000,,,,,0.000000,,,,,,223.808703,0.000000,12000,,,MBIE EDGS 2024 assumptions workbook + explicit study assumptions in build_capacity_EDGS.py,,,,EDGS plant=Te Mihi; status=Current; capital_cost is the legacy annualised NZ generator value (investment + fixed O&M for flexible candidates; zero for sunk existing/fixed capacity); variable_O&M_NZD_per_MWh=0.000000.
geothermal_waikato_te_mihi,geothermal,2030,2030,,,MW_e generator capacity,,,,0.000000,NZD/MW-year,0.000000,NZD/MWh_e,1.000000,,,,,0.000000,,,,,,223.808703,0.000000,12000,,,MBIE EDGS 2024 assumptions workbook + explicit study assumptions in build_capacity_EDGS.py,,,,EDGS plant=Te Mihi; status=Current; capital_cost is the legacy annualised NZ generator value (investment + fixed O&M for flexible candidates; zero for sunk existing/fixed capacity); variable_O&M_NZD_per_MWh=0.000000.
geothermal_waikato_te_mihi,geothermal,2040,2040,,,MW_e generator capacity,,,,0.000000,NZD/MW-year,0.000000,NZD/MWh_e,1.000000,,,,,0.000000,,,,,,223.808703,0.000000,12000,,,MBIE EDGS 2024 assumptions workbook + explicit study assumptions in build_capacity_EDGS.py,,,,EDGS plant=Te Mihi; status=Current; capital_cost is the legacy annualised NZ generator value (investment + fixed O&M for flexible candidates; zero for sunk existing/fixed capacity); variable_O&M_NZD_per_MWh=0.000000.
geothermal_waikato_te_mihi,geothermal,2050,2050,,,MW_e generator capacity,,,,0.000000,NZD/MW-year,0.000000,NZD/MWh_e,1.000000,,,,,0.000000,,,,,,223.808703,0.000000,12000,,,MBIE EDGS 2024 assumptions workbook + explicit study assumptions in build_capacity_EDGS.py,,,,EDGS plant=Te Mihi; status=Current; capital_cost is the legacy annualised NZ generator value (investment + fixed O&M for flexible candidates; zero for sunk existing/fixed capacity); variable_O&M_NZD_per_MWh=0.000000.
geothermal_waikato_te_mihi_expansion,geothermal,2025,2025,,,MW_e generator capacity,,,,686372.514340,NZD/MW-year,0.000000,NZD/MWh_e,1.000000,,,,,0.000000,,,,,,223.808703,0.000000,12000,29.448514,1033.195209,MBIE EDGS 2024 assumptions workbook + explicit study assumptions in build_capacity_EDGS.py,,,,EDGS plant=Te Mihi (expansion); status=Fully consented; capital_cost is the legacy annualised NZ generator value (investment + fixed O&M for flexible candidates; zero for sunk existing/fixed capacity); variable_O&M_NZD_per_MWh=0.000000; overnight_CAPEX_NZD_per_MW=5739973.383120.
geothermal_waikato_te_mihi_expansion,geothermal,2030,2030,,,MW_e generator capacity,,,,686372.514340,NZD/MW-year,0.000000,NZD/MWh_e,1.000000,,,,,0.000000,,,,,,223.808703,0.000000,12000,29.448514,1033.195209,MBIE EDGS 2024 assumptions workbook + explicit study assumptions in build_capacity_EDGS.py,,,,EDGS plant=Te Mihi (expansion); status=Fully consented; capital_cost is the legacy annualised NZ generator value (investment + fixed O&M for flexible candidates; zero for sunk existing/fixed capacity); variable_O&M_NZD_per_MWh=0.000000; overnight_CAPEX_NZD_per_MW=5739973.383120.
geothermal_waikato_te_mihi_expansion,geothermal,2040,2040,,,MW_e generator capacity,,,,686372.514340,NZD/MW-year,0.000000,NZD/MWh_e,1.000000,,,,,0.000000,,,,,,223.808703,0.000000,12000,29.448514,1033.195209,MBIE EDGS 2024 assumptions workbook + explicit study assumptions in build_capacity_EDGS.py,,,,EDGS plant=Te Mihi (expansion); status=Fully consented; capital_cost is the legacy annualised NZ generator value (investment + fixed O&M for flexible candidates; zero for sunk existing/fixed capacity); variable_O&M_NZD_per_MWh=0.000000; overnight_CAPEX_NZD_per_MW=5739973.383120.
geothermal_waikato_te_mihi_expansion,geothermal,2050,2050,,,MW_e generator capacity,,,,686372.514340,NZD/MW-year,0.000000,NZD/MWh_e,1.000000,,,,,0.000000,,,,,,223.808703,0.000000,12000,29.448514,1033.195209,MBIE EDGS 2024 assumptions workbook + explicit study assumptions in build_capacity_EDGS.py,,,,EDGS plant=Te Mihi (expansion); status=Fully consented; capital_cost is the legacy annualised NZ generator value (investment + fixed O&M for flexible candidates; zero for sunk existing/fixed capacity); variable_O&M_NZD_per_MWh=0.000000; overnight_CAPEX_NZD_per_MW=5739973.383120.
geothermal_waikato_tokaanu_geothermal_stage_2,geothermal,2025,2025,,,MW_e generator capacity,,,,725002.718993,NZD/MW-year,0.000000,NZD/MWh_e,1.000000,,,,,0.000000,,,,,,223.808703,0.000000,12000,23.558811,621.933718,MBIE EDGS 2024 assumptions workbook + explicit study assumptions in build_capacity_EDGS.py,,,,EDGS plant=Tokaanu Geothermal (Stage 2); status=Generic; capital_cost is the legacy annualised NZ generator value (investment + fixed O&M for flexible candidates; zero for sunk existing/fixed capacity); variable_O&M_NZD_per_MWh=0.000000; overnight_CAPEX_NZD_per_MW=6219337.183585.
geothermal_waikato_tokaanu_geothermal_stage_2,geothermal,2030,2030,,,MW_e generator capacity,,,,725002.718993,NZD/MW-year,0.000000,NZD/MWh_e,1.000000,,,,,0.000000,,,,,,223.808703,0.000000,12000,23.558811,621.933718,MBIE EDGS 2024 assumptions workbook + explicit study assumptions in build_capacity_EDGS.py,,,,EDGS plant=Tokaanu Geothermal (Stage 2); status=Generic; capital_cost is the legacy annualised NZ generator value (investment + fixed O&M for flexible candidates; zero for sunk existing/fixed capacity); variable_O&M_NZD_per_MWh=0.000000; overnight_CAPEX_NZD_per_MW=6219337.183585.
geothermal_waikato_tokaanu_geothermal_stage_2,geothermal,2040,2040,,,MW_e generator capacity,,,,725002.718993,NZD/MW-year,0.000000,NZD/MWh_e,1.000000,,,,,0.000000,,,,,,223.808703,0.000000,12000,23.558811,621.933718,MBIE EDGS 2024 assumptions workbook + explicit study assumptions in build_capacity_EDGS.py,,,,EDGS plant=Tokaanu Geothermal (Stage 2); status=Generic; capital_cost is the legacy annualised NZ generator value (investment + fixed O&M for flexible candidates; zero for sunk existing/fixed capacity); variable_O&M_NZD_per_MWh=0.000000; overnight_CAPEX_NZD_per_MW=6219337.183585.
geothermal_waikato_tokaanu_geothermal_stage_2,geothermal,2050,2050,,,MW_e generator capacity,,,,725002.718993,NZD/MW-year,0.000000,NZD/MWh_e,1.000000,,,,,0.000000,,,,,,223.808703,0.000000,12000,23.558811,621.933718,MBIE EDGS 2024 assumptions workbook + explicit study assumptions in build_capacity_EDGS.py,,,,EDGS plant=Tokaanu Geothermal (Stage 2); status=Generic; capital_cost is the legacy annualised NZ generator value (investment + fixed O&M for flexible candidates; zero for sunk existing/fixed capacity); variable_O&M_NZD_per_MWh=0.000000; overnight_CAPEX_NZD_per_MW=6219337.183585.
geothermal_waikato_wairakei_a_and_b,geothermal,2025,2025,,,MW_e generator capacity,,,,0.000000,NZD/MW-year,0.000000,NZD/MWh_e,1.000000,,,,,0.000000,,,,,,223.808703,0.000000,12000,,,MBIE EDGS 2024 assumptions workbook + explicit study assumptions in build_capacity_EDGS.py,,,,EDGS plant=Wairākei A & B; status=Current; capital_cost is the legacy annualised NZ generator value (investment + fixed O&M for flexible candidates; zero for sunk existing/fixed capacity); variable_O&M_NZD_per_MWh=0.000000.
geothermal_waikato_wairakei_a_and_b,geothermal,2030,2030,,,MW_e generator capacity,,,,0.000000,NZD/MW-year,0.000000,NZD/MWh_e,1.000000,,,,,0.000000,,,,,,223.808703,0.000000,12000,,,MBIE EDGS 2024 assumptions workbook + explicit study assumptions in build_capacity_EDGS.py,,,,EDGS plant=Wairākei A & B; status=Current; capital_cost is the legacy annualised NZ generator value (investment + fixed O&M for flexible candidates; zero for sunk existing/fixed capacity); variable_O&M_NZD_per_MWh=0.000000.
geothermal_waikato_wairakei_a_and_b,geothermal,2040,2040,,,MW_e generator capacity,,,,0.000000,NZD/MW-year,0.000000,NZD/MWh_e,1.000000,,,,,0.000000,,,,,,223.808703,0.000000,12000,,,MBIE EDGS 2024 assumptions workbook + explicit study assumptions in build_capacity_EDGS.py,,,,EDGS plant=Wairākei A & B; status=Current; capital_cost is the legacy annualised NZ generator value (investment + fixed O&M for flexible candidates; zero for sunk existing/fixed capacity); variable_O&M_NZD_per_MWh=0.000000.
geothermal_waikato_wairakei_a_and_b,geothermal,2050,2050,,,MW_e generator capacity,,,,0.000000,NZD/MW-year,0.000000,NZD/MWh_e,1.000000,,,,,0.000000,,,,,,223.808703,0.000000,12000,,,MBIE EDGS 2024 assumptions workbook + explicit study assumptions in build_capacity_EDGS.py,,,,EDGS plant=Wairākei A & B; status=Current; capital_cost is the legacy annualised NZ generator value (investment + fixed O&M for flexible candidates; zero for sunk existing/fixed capacity); variable_O&M_NZD_per_MWh=0.000000.
geothermal_waikato_wairakei_binary,geothermal,2025,2025,,,MW_e generator capacity,,,,0.000000,NZD/MW-year,0.000000,NZD/MWh_e,1.000000,,,,,0.000000,,,,,,223.808703,0.000000,12000,,,MBIE EDGS 2024 assumptions workbook + explicit study assumptions in build_capacity_EDGS.py,,,,EDGS plant=Wairākei Binary; status=Current; capital_cost is the legacy annualised NZ generator value (investment + fixed O&M for flexible candidates; zero for sunk existing/fixed capacity); variable_O&M_NZD_per_MWh=0.000000.
geothermal_waikato_wairakei_binary,geothermal,2030,2030,,,MW_e generator capacity,,,,0.000000,NZD/MW-year,0.000000,NZD/MWh_e,1.000000,,,,,0.000000,,,,,,223.808703,0.000000,12000,,,MBIE EDGS 2024 assumptions workbook + explicit study assumptions in build_capacity_EDGS.py,,,,EDGS plant=Wairākei Binary; status=Current; capital_cost is the legacy annualised NZ generator value (investment + fixed O&M for flexible candidates; zero for sunk existing/fixed capacity); variable_O&M_NZD_per_MWh=0.000000.
geothermal_waikato_wairakei_binary,geothermal,2040,2040,,,MW_e generator capacity,,,,0.000000,NZD/MW-year,0.000000,NZD/MWh_e,1.000000,,,,,0.000000,,,,,,223.808703,0.000000,12000,,,MBIE EDGS 2024 assumptions workbook + explicit study assumptions in build_capacity_EDGS.py,,,,EDGS plant=Wairākei Binary; status=Current; capital_cost is the legacy annualised NZ generator value (investment + fixed O&M for flexible candidates; zero for sunk existing/fixed capacity); variable_O&M_NZD_per_MWh=0.000000.
geothermal_waikato_wairakei_binary,geothermal,2050,2050,,,MW_e generator capacity,,,,0.000000,NZD/MW-year,0.000000,NZD/MWh_e,1.000000,,,,,0.000000,,,,,,223.808703,0.000000,12000,,,MBIE EDGS 2024 assumptions workbook + explicit study assumptions in build_capacity_EDGS.py,,,,EDGS plant=Wairākei Binary; status=Current; capital_cost is the legacy annualised NZ generator value (investment + fixed O&M for flexible candidates; zero for sunk existing/fixed capacity); variable_O&M_NZD_per_MWh=0.000000.
geothermal_waikato_wairakei_c_and_d,geothermal,2025,2025,,,MW_e generator capacity,,,,705083.482077,NZD/MW-year,0.000000,NZD/MWh_e,1.000000,,,,,0.000000,,,,,,223.808703,0.000000,12000,3.298234,238.886342,MBIE EDGS 2024 assumptions workbook + explicit study assumptions in build_capacity_EDGS.py,,,,EDGS plant=Wairākei C & D; status=Fully consented; capital_cost is the legacy annualised NZ generator value (investment + fixed O&M for flexible candidates; zero for sunk existing/fixed capacity); variable_O&M_NZD_per_MWh=0.000000; overnight_CAPEX_NZD_per_MW=5972158.552348.
geothermal_waikato_wairakei_c_and_d,geothermal,2030,2030,,,MW_e generator capacity,,,,705083.482077,NZD/MW-year,0.000000,NZD/MWh_e,1.000000,,,,,0.000000,,,,,,223.808703,0.000000,12000,3.298234,238.886342,MBIE EDGS 2024 assumptions workbook + explicit study assumptions in build_capacity_EDGS.py,,,,EDGS plant=Wairākei C & D; status=Fully consented; capital_cost is the legacy annualised NZ generator value (investment + fixed O&M for flexible candidates; zero for sunk existing/fixed capacity); variable_O&M_NZD_per_MWh=0.000000; overnight_CAPEX_NZD_per_MW=5972158.552348.
geothermal_waikato_wairakei_c_and_d,geothermal,2040,2040,,,MW_e generator capacity,,,,705083.482077,NZD/MW-year,0.000000,NZD/MWh_e,1.000000,,,,,0.000000,,,,,,223.808703,0.000000,12000,3.298234,238.886342,MBIE EDGS 2024 assumptions workbook + explicit study assumptions in build_capacity_EDGS.py,,,,EDGS plant=Wairākei C & D; status=Fully consented; capital_cost is the legacy annualised NZ generator value (investment + fixed O&M for flexible candidates; zero for sunk existing/fixed capacity); variable_O&M_NZD_per_MWh=0.000000; overnight_CAPEX_NZD_per_MW=5972158.552348.
geothermal_waikato_wairakei_c_and_d,geothermal,2050,2050,,,MW_e generator capacity,,,,705083.482077,NZD/MW-year,0.000000,NZD/MWh_e,1.000000,,,,,0.000000,,,,,,223.808703,0.000000,12000,3.298234,238.886342,MBIE EDGS 2024 assumptions workbook + explicit study assumptions in build_capacity_EDGS.py,,,,EDGS plant=Wairākei C & D; status=Fully consented; capital_cost is the legacy annualised NZ generator value (investment + fixed O&M for flexible candidates; zero for sunk existing/fixed capacity); variable_O&M_NZD_per_MWh=0.000000; overnight_CAPEX_NZD_per_MW=5972158.552348.
geothermal_waikato_atiamuri_geothermal,geothermal,2025,2025,,,MW_e generator capacity,,,,1665951.183933,NZD/MW-year,0.000000,NZD/MWh_e,1.000000,,,,,0.000000,,,,,,223.808703,0.000000,12000,32.393365,89.478027,MBIE EDGS 2024 assumptions workbook + explicit study assumptions in build_capacity_EDGS.py,,,,EDGS plant=Ātiamuri Geothermal; status=Generic; capital_cost is the legacy annualised NZ generator value (investment + fixed O&M for flexible candidates; zero for sunk existing/fixed capacity); variable_O&M_NZD_per_MWh=0.000000; overnight_CAPEX_NZD_per_MW=17895605.436579.
geothermal_waikato_atiamuri_geothermal,geothermal,2030,2030,,,MW_e generator capacity,,,,1665951.183933,NZD/MW-year,0.000000,NZD/MWh_e,1.000000,,,,,0.000000,,,,,,223.808703,0.000000,12000,32.393365,89.478027,MBIE EDGS 2024 assumptions workbook + explicit study assumptions in build_capacity_EDGS.py,,,,EDGS plant=Ātiamuri Geothermal; status=Generic; capital_cost is the legacy annualised NZ generator value (investment + fixed O&M for flexible candidates; zero for sunk existing/fixed capacity); variable_O&M_NZD_per_MWh=0.000000; overnight_CAPEX_NZD_per_MW=17895605.436579.
geothermal_waikato_atiamuri_geothermal,geothermal,2040,2040,,,MW_e generator capacity,,,,1665951.183933,NZD/MW-year,0.000000,NZD/MWh_e,1.000000,,,,,0.000000,,,,,,223.808703,0.000000,12000,32.393365,89.478027,MBIE EDGS 2024 assumptions workbook + explicit study assumptions in build_capacity_EDGS.py,,,,EDGS plant=Ātiamuri Geothermal; status=Generic; capital_cost is the legacy annualised NZ generator value (investment + fixed O&M for flexible candidates; zero for sunk existing/fixed capacity); variable_O&M_NZD_per_MWh=0.000000; overnight_CAPEX_NZD_per_MW=17895605.436579.
geothermal_waikato_atiamuri_geothermal,geothermal,2050,2050,,,MW_e generator capacity,,,,1665951.183933,NZD/MW-year,0.000000,NZD/MWh_e,1.000000,,,,,0.000000,,,,,,223.808703,0.000000,12000,32.393365,89.478027,MBIE EDGS 2024 assumptions workbook + explicit study assumptions in build_capacity_EDGS.py,,,,EDGS plant=Ātiamuri Geothermal; status=Generic; capital_cost is the legacy annualised NZ generator value (investment + fixed O&M for flexible candidates; zero for sunk existing/fixed capacity); variable_O&M_NZD_per_MWh=0.000000; overnight_CAPEX_NZD_per_MW=17895605.436579.
geothermal_waikato_ohaaki,geothermal,2025,2025,,,MW_e generator capacity,,,,0.000000,NZD/MW-year,0.000000,NZD/MWh_e,1.000000,,,,,0.000000,,,,,,223.808703,0.000000,12000,,,MBIE EDGS 2024 assumptions workbook + explicit study assumptions in build_capacity_EDGS.py,,,,EDGS plant=Ōhaaki; status=Current; capital_cost is the legacy annualised NZ generator value (investment + fixed O&M for flexible candidates; zero for sunk existing/fixed capacity); variable_O&M_NZD_per_MWh=0.000000.
geothermal_waikato_ohaaki,geothermal,2030,2030,,,MW_e generator capacity,,,,0.000000,NZD/MW-year,0.000000,NZD/MWh_e,1.000000,,,,,0.000000,,,,,,223.808703,0.000000,12000,,,MBIE EDGS 2024 assumptions workbook + explicit study assumptions in build_capacity_EDGS.py,,,,EDGS plant=Ōhaaki; status=Current; capital_cost is the legacy annualised NZ generator value (investment + fixed O&M for flexible candidates; zero for sunk existing/fixed capacity); variable_O&M_NZD_per_MWh=0.000000.
geothermal_waikato_ohaaki,geothermal,2040,2040,,,MW_e generator capacity,,,,0.000000,NZD/MW-year,0.000000,NZD/MWh_e,1.000000,,,,,0.000000,,,,,,223.808703,0.000000,12000,,,MBIE EDGS 2024 assumptions workbook + explicit study assumptions in build_capacity_EDGS.py,,,,EDGS plant=Ōhaaki; status=Current; capital_cost is the legacy annualised NZ generator value (investment + fixed O&M for flexible candidates; zero for sunk existing/fixed capacity); variable_O&M_NZD_per_MWh=0.000000.
geothermal_waikato_ohaaki,geothermal,2050,2050,,,MW_e generator capacity,,,,0.000000,NZD/MW-year,0.000000,NZD/MWh_e,1.000000,,,,,0.000000,,,,,,223.808703,0.000000,12000,,,MBIE EDGS 2024 assumptions workbook + explicit study assumptions in build_capacity_EDGS.py,,,,EDGS plant=Ōhaaki; status=Current; capital_cost is the legacy annualised NZ generator value (investment + fixed O&M for flexible candidates; zero for sunk existing/fixed capacity); variable_O&M_NZD_per_MWh=0.000000.
hydro_storage_waikato_bunnythorpe_hydro_scheme,hydro_storage,2025,2025,,,MW_e generator capacity,,,,0.000000,NZD/MW-year,0.000000,NZD/MWh_e,1.000000,,,,,0.000000,,,,,,67.468312,0.000000,3600,,,MBIE EDGS 2024 assumptions workbook + explicit study assumptions in build_capacity_EDGS.py,,,,EDGS plant=Bunnythorpe hydro scheme; status=Current; capital_cost is the legacy annualised NZ generator value (investment + fixed O&M for flexible candidates; zero for sunk existing/fixed capacity); variable_O&M_NZD_per_MWh=0.000000.
hydro_storage_waikato_bunnythorpe_hydro_scheme,hydro_storage,2030,2030,,,MW_e generator capacity,,,,0.000000,NZD/MW-year,0.000000,NZD/MWh_e,1.000000,,,,,0.000000,,,,,,67.468312,0.000000,3600,,,MBIE EDGS 2024 assumptions workbook + explicit study assumptions in build_capacity_EDGS.py,,,,EDGS plant=Bunnythorpe hydro scheme; status=Current; capital_cost is the legacy annualised NZ generator value (investment + fixed O&M for flexible candidates; zero for sunk existing/fixed capacity); variable_O&M_NZD_per_MWh=0.000000.
hydro_storage_waikato_bunnythorpe_hydro_scheme,hydro_storage,2040,2040,,,MW_e generator capacity,,,,0.000000,NZD/MW-year,0.000000,NZD/MWh_e,1.000000,,,,,0.000000,,,,,,67.468312,0.000000,3600,,,MBIE EDGS 2024 assumptions workbook + explicit study assumptions in build_capacity_EDGS.py,,,,EDGS plant=Bunnythorpe hydro scheme; status=Current; capital_cost is the legacy annualised NZ generator value (investment + fixed O&M for flexible candidates; zero for sunk existing/fixed capacity); variable_O&M_NZD_per_MWh=0.000000.
hydro_storage_waikato_bunnythorpe_hydro_scheme,hydro_storage,2050,2050,,,MW_e generator capacity,,,,0.000000,NZD/MW-year,0.000000,NZD/MWh_e,1.000000,,,,,0.000000,,,,,,67.468312,0.000000,3600,,,MBIE EDGS 2024 assumptions workbook + explicit study assumptions in build_capacity_EDGS.py,,,,EDGS plant=Bunnythorpe hydro scheme; status=Current; capital_cost is the legacy annualised NZ generator value (investment + fixed O&M for flexible candidates; zero for sunk existing/fixed capacity); variable_O&M_NZD_per_MWh=0.000000.
hydro_storage_waikato_waikato_river_hydro_scheme,hydro_storage,2025,2025,,,MW_e generator capacity,,,,0.000000,NZD/MW-year,0.000000,NZD/MWh_e,1.000000,,,,,0.000000,,,,,,67.458089,0.000000,3600,,,MBIE EDGS 2024 assumptions workbook + explicit study assumptions in build_capacity_EDGS.py,,,,EDGS plant=Waikato River hydro scheme; status=Current; capital_cost is the legacy annualised NZ generator value (investment + fixed O&M for flexible candidates; zero for sunk existing/fixed capacity); variable_O&M_NZD_per_MWh=0.000000.
hydro_storage_waikato_waikato_river_hydro_scheme,hydro_storage,2030,2030,,,MW_e generator capacity,,,,0.000000,NZD/MW-year,0.000000,NZD/MWh_e,1.000000,,,,,0.000000,,,,,,67.458089,0.000000,3600,,,MBIE EDGS 2024 assumptions workbook + explicit study assumptions in build_capacity_EDGS.py,,,,EDGS plant=Waikato River hydro scheme; status=Current; capital_cost is the legacy annualised NZ generator value (investment + fixed O&M for flexible candidates; zero for sunk existing/fixed capacity); variable_O&M_NZD_per_MWh=0.000000.
hydro_storage_waikato_waikato_river_hydro_scheme,hydro_storage,2040,2040,,,MW_e generator capacity,,,,0.000000,NZD/MW-year,0.000000,NZD/MWh_e,1.000000,,,,,0.000000,,,,,,67.458089,0.000000,3600,,,MBIE EDGS 2024 assumptions workbook + explicit study assumptions in build_capacity_EDGS.py,,,,EDGS plant=Waikato River hydro scheme; status=Current; capital_cost is the legacy annualised NZ generator value (investment + fixed O&M for flexible candidates; zero for sunk existing/fixed capacity); variable_O&M_NZD_per_MWh=0.000000.
hydro_storage_waikato_waikato_river_hydro_scheme,hydro_storage,2050,2050,,,MW_e generator capacity,,,,0.000000,NZD/MW-year,0.000000,NZD/MWh_e,1.000000,,,,,0.000000,,,,,,67.458089,0.000000,3600,,,MBIE EDGS 2024 assumptions workbook + explicit study assumptions in build_capacity_EDGS.py,,,,EDGS plant=Waikato River hydro scheme; status=Current; capital_cost is the legacy annualised NZ generator value (investment + fixed O&M for flexible candidates; zero for sunk existing/fixed capacity); variable_O&M_NZD_per_MWh=0.000000.
ocgt_waikato_huntly_unit_1_gas,ocgt,2025,2025,,,MW_e generator capacity,,,,0.000000,NZD/MW-year,224.857270,NZD/MWh_e,0.330275,,,,,0.611611,,,,,,82.455838,1.319293,10900,,,MBIE EDGS 2024 assumptions workbook + explicit study assumptions in build_capacity_EDGS.py,,,,EDGS plant=Huntly Unit 1 (Gas); status=Current; capital_cost is the legacy annualised NZ generator value (investment + fixed O&M for flexible candidates; zero for sunk existing/fixed capacity); variable_O&M_NZD_per_MWh=11.308229.
ocgt_waikato_huntly_unit_1_gas,ocgt,2030,2030,,,MW_e generator capacity,,,,0.000000,NZD/MW-year,237.732023,NZD/MWh_e,0.330275,,,,,0.611611,,,,,,82.455838,1.319293,10900,,,MBIE EDGS 2024 assumptions workbook + explicit study assumptions in build_capacity_EDGS.py,,,,EDGS plant=Huntly Unit 1 (Gas); status=Current; capital_cost is the legacy annualised NZ generator value (investment + fixed O&M for flexible candidates; zero for sunk existing/fixed capacity); variable_O&M_NZD_per_MWh=11.308229.
ocgt_waikato_huntly_unit_1_gas,ocgt,2040,2040,,,MW_e generator capacity,,,,0.000000,NZD/MW-year,243.988883,NZD/MWh_e,0.330275,,,,,0.611611,,,,,,82.455838,1.319293,10900,,,MBIE EDGS 2024 assumptions workbook + explicit study assumptions in build_capacity_EDGS.py,,,,EDGS plant=Huntly Unit 1 (Gas); status=Current; capital_cost is the legacy annualised NZ generator value (investment + fixed O&M for flexible candidates; zero for sunk existing/fixed capacity); variable_O&M_NZD_per_MWh=11.308229.
ocgt_waikato_huntly_unit_1_gas,ocgt,2050,2050,,,MW_e generator capacity,,,,0.000000,NZD/MW-year,279.337583,NZD/MWh_e,0.330275,,,,,0.611611,,,,,,82.455838,1.319293,10900,,,MBIE EDGS 2024 assumptions workbook + explicit study assumptions in build_capacity_EDGS.py,,,,EDGS plant=Huntly Unit 1 (Gas); status=Current; capital_cost is the legacy annualised NZ generator value (investment + fixed O&M for flexible candidates; zero for sunk existing/fixed capacity); variable_O&M_NZD_per_MWh=11.308229.
ocgt_waikato_huntly_unit_2_gas,ocgt,2025,2025,,,MW_e generator capacity,,,,0.000000,NZD/MW-year,224.857270,NZD/MWh_e,0.330275,,,,,0.611611,,,,,,82.455838,1.319293,10900,,,MBIE EDGS 2024 assumptions workbook + explicit study assumptions in build_capacity_EDGS.py,,,,EDGS plant=Huntly Unit 2 (Gas); status=Current; capital_cost is the legacy annualised NZ generator value (investment + fixed O&M for flexible candidates; zero for sunk existing/fixed capacity); variable_O&M_NZD_per_MWh=11.308229.
ocgt_waikato_huntly_unit_2_gas,ocgt,2030,2030,,,MW_e generator capacity,,,,0.000000,NZD/MW-year,237.732023,NZD/MWh_e,0.330275,,,,,0.611611,,,,,,82.455838,1.319293,10900,,,MBIE EDGS 2024 assumptions workbook + explicit study assumptions in build_capacity_EDGS.py,,,,EDGS plant=Huntly Unit 2 (Gas); status=Current; capital_cost is the legacy annualised NZ generator value (investment + fixed O&M for flexible candidates; zero for sunk existing/fixed capacity); variable_O&M_NZD_per_MWh=11.308229.
ocgt_waikato_huntly_unit_2_gas,ocgt,2040,2040,,,MW_e generator capacity,,,,0.000000,NZD/MW-year,243.988883,NZD/MWh_e,0.330275,,,,,0.611611,,,,,,82.455838,1.319293,10900,,,MBIE EDGS 2024 assumptions workbook + explicit study assumptions in build_capacity_EDGS.py,,,,EDGS plant=Huntly Unit 2 (Gas); status=Current; capital_cost is the legacy annualised NZ generator value (investment + fixed O&M for flexible candidates; zero for sunk existing/fixed capacity); variable_O&M_NZD_per_MWh=11.308229.
ocgt_waikato_huntly_unit_2_gas,ocgt,2050,2050,,,MW_e generator capacity,,,,0.000000,NZD/MW-year,279.337583,NZD/MWh_e,0.330275,,,,,0.611611,,,,,,82.455838,1.319293,10900,,,MBIE EDGS 2024 assumptions workbook + explicit study assumptions in build_capacity_EDGS.py,,,,EDGS plant=Huntly Unit 2 (Gas); status=Current; capital_cost is the legacy annualised NZ generator value (investment + fixed O&M for flexible candidates; zero for sunk existing/fixed capacity); variable_O&M_NZD_per_MWh=11.308229.
ocgt_waikato_huntly_unit_6_p40,ocgt,2025,2025,,,MW_e generator capacity,,,,0.000000,NZD/MW-year,217.628193,NZD/MWh_e,0.342043,,,,,0.590569,,,,,,22.380870,1.319293,10525,,,MBIE EDGS 2024 assumptions workbook + explicit study assumptions in build_capacity_EDGS.py,,,,EDGS plant=Huntly Unit 6 (P40); status=Current; capital_cost is the legacy annualised NZ generator value (investment + fixed O&M for flexible candidates; zero for sunk existing/fixed capacity); variable_O&M_NZD_per_MWh=11.426023.
ocgt_waikato_huntly_unit_6_p40,ocgt,2030,2030,,,MW_e generator capacity,,,,0.000000,NZD/MW-year,230.060007,NZD/MWh_e,0.342043,,,,,0.590569,,,,,,22.380870,1.319293,10525,,,MBIE EDGS 2024 assumptions workbook + explicit study assumptions in build_capacity_EDGS.py,,,,EDGS plant=Huntly Unit 6 (P40); status=Current; capital_cost is the legacy annualised NZ generator value (investment + fixed O&M for flexible candidates; zero for sunk existing/fixed capacity); variable_O&M_NZD_per_MWh=11.426023.
ocgt_waikato_huntly_unit_6_p40,ocgt,2040,2040,,,MW_e generator capacity,,,,0.000000,NZD/MW-year,236.101609,NZD/MWh_e,0.342043,,,,,0.590569,,,,,,22.380870,1.319293,10525,,,MBIE EDGS 2024 assumptions workbook + explicit study assumptions in build_capacity_EDGS.py,,,,EDGS plant=Huntly Unit 6 (P40); status=Current; capital_cost is the legacy annualised NZ generator value (investment + fixed O&M for flexible candidates; zero for sunk existing/fixed capacity); variable_O&M_NZD_per_MWh=11.426023.
ocgt_waikato_huntly_unit_6_p40,ocgt,2050,2050,,,MW_e generator capacity,,,,0.000000,NZD/MW-year,270.234184,NZD/MWh_e,0.342043,,,,,0.590569,,,,,,22.380870,1.319293,10525,,,MBIE EDGS 2024 assumptions workbook + explicit study assumptions in build_capacity_EDGS.py,,,,EDGS plant=Huntly Unit 6 (P40); status=Current; capital_cost is the legacy annualised NZ generator value (investment + fixed O&M for flexible candidates; zero for sunk existing/fixed capacity); variable_O&M_NZD_per_MWh=11.426023.
ocgt_waikato_waikato_power_plant,ocgt,2025,2025,,,MW_e generator capacity,,,,129934.128892,NZD/MW-year,241.969573,NZD/MWh_e,0.306383,,,,,0.659306,,,,,,5.418526,1.177941,11750,5.889703,556.242926,MBIE EDGS 2024 assumptions workbook + explicit study assumptions in build_capacity_EDGS.py,,,,EDGS plant=Waikato Power Plant; status=Fully consented; capital_cost is the legacy annualised NZ generator value (investment + fixed O&M for flexible candidates; zero for sunk existing/fixed capacity); variable_O&M_NZD_per_MWh=13.428522; overnight_CAPEX_NZD_per_MW=1545119.238102.
ocgt_waikato_waikato_power_plant,ocgt,2030,2030,,,MW_e generator capacity,,,,129934.128892,NZD/MW-year,255.848321,NZD/MWh_e,0.306383,,,,,0.659306,,,,,,5.418526,1.177941,11750,5.889703,556.242926,MBIE EDGS 2024 assumptions workbook + explicit study assumptions in build_capacity_EDGS.py,,,,EDGS plant=Waikato Power Plant; status=Fully consented; capital_cost is the legacy annualised NZ generator value (investment + fixed O&M for flexible candidates; zero for sunk existing/fixed capacity); variable_O&M_NZD_per_MWh=13.428522; overnight_CAPEX_NZD_per_MW=1545119.238102.
ocgt_waikato_waikato_power_plant,ocgt,2040,2040,,,MW_e generator capacity,,,,129934.128892,NZD/MW-year,262.593101,NZD/MWh_e,0.306383,,,,,0.659306,,,,,,5.418526,1.177941,11750,5.889703,556.242926,MBIE EDGS 2024 assumptions workbook + explicit study assumptions in build_capacity_EDGS.py,,,,EDGS plant=Waikato Power Plant; status=Fully consented; capital_cost is the legacy annualised NZ generator value (investment + fixed O&M for flexible candidates; zero for sunk existing/fixed capacity); variable_O&M_NZD_per_MWh=13.428522; overnight_CAPEX_NZD_per_MW=1545119.238102.
ocgt_waikato_waikato_power_plant,ocgt,2050,2050,,,MW_e generator capacity,,,,129934.128892,NZD/MW-year,300.698351,NZD/MWh_e,0.306383,,,,,0.659306,,,,,,5.418526,1.177941,11750,5.889703,556.242926,MBIE EDGS 2024 assumptions workbook + explicit study assumptions in build_capacity_EDGS.py,,,,EDGS plant=Waikato Power Plant; status=Fully consented; capital_cost is the legacy annualised NZ generator value (investment + fixed O&M for flexible candidates; zero for sunk existing/fixed capacity); variable_O&M_NZD_per_MWh=13.428522; overnight_CAPEX_NZD_per_MW=1545119.238102.
other_cogeneration_waikato_kinleith_cogeneration_plant,other_cogeneration,2025,2025,,,MW_e generator capacity,,,,0.000000,NZD/MW-year,72.624090,NZD/MWh_e,1.000000,,,,,0.673333,,,,,,82.455838,1.319293,12000,,,MBIE EDGS 2024 assumptions workbook + explicit study assumptions in build_capacity_EDGS.py,,,,EDGS plant=Kinleith cogeneration plant; status=Current; capital_cost is the legacy annualised NZ generator value (investment + fixed O&M for flexible candidates; zero for sunk existing/fixed capacity); variable_O&M_NZD_per_MWh=11.308229.
other_cogeneration_waikato_kinleith_cogeneration_plant,other_cogeneration,2030,2030,,,MW_e generator capacity,,,,0.000000,NZD/MW-year,72.830130,NZD/MWh_e,1.000000,,,,,0.673333,,,,,,82.455838,1.319293,12000,,,MBIE EDGS 2024 assumptions workbook + explicit study assumptions in build_capacity_EDGS.py,,,,EDGS plant=Kinleith cogeneration plant; status=Current; capital_cost is the legacy annualised NZ generator value (investment + fixed O&M for flexible candidates; zero for sunk existing/fixed capacity); variable_O&M_NZD_per_MWh=11.308229.
other_cogeneration_waikato_kinleith_cogeneration_plant,other_cogeneration,2040,2040,,,MW_e generator capacity,,,,0.000000,NZD/MW-year,60.806417,NZD/MWh_e,1.000000,,,,,0.673333,,,,,,82.455838,1.319293,12000,,,MBIE EDGS 2024 assumptions workbook + explicit study assumptions in build_capacity_EDGS.py,,,,EDGS plant=Kinleith cogeneration plant; status=Current; capital_cost is the legacy annualised NZ generator value (investment + fixed O&M for flexible candidates; zero for sunk existing/fixed capacity); variable_O&M_NZD_per_MWh=11.308229.
other_cogeneration_waikato_kinleith_cogeneration_plant,other_cogeneration,2050,2050,,,MW_e generator capacity,,,,0.000000,NZD/MW-year,60.806417,NZD/MWh_e,1.000000,,,,,0.673333,,,,,,82.455838,1.319293,12000,,,MBIE EDGS 2024 assumptions workbook + explicit study assumptions in build_capacity_EDGS.py,,,,EDGS plant=Kinleith cogeneration plant; status=Current; capital_cost is the legacy annualised NZ generator value (investment + fixed O&M for flexible candidates; zero for sunk existing/fixed capacity); variable_O&M_NZD_per_MWh=11.308229.
solar_waikato_generic_solar_101_200mw_42,solar,2025,2025,,,MW_e generator capacity,,,,143637.895878,NZD/MW-year,0.000000,NZD/MWh_e,1.000000,,,,,0.000000,,,,,,23.558811,0.000000,3600,23.480000,149.006631,MBIE EDGS 2024 assumptions workbook + explicit study assumptions in build_capacity_EDGS.py,,,,EDGS plant=Generic solar (101-200MW): 42; status=Generic; capital_cost is the legacy annualised NZ generator value (investment + fixed O&M for flexible candidates; zero for sunk existing/fixed capacity); variable_O&M_NZD_per_MWh=0.000000; overnight_CAPEX_NZD_per_MW=1490066.311304.
solar_waikato_generic_solar_101_200mw_42,solar,2030,2030,,,MW_e generator capacity,,,,143637.895878,NZD/MW-year,0.000000,NZD/MWh_e,1.000000,,,,,0.000000,,,,,,23.558811,0.000000,3600,23.480000,149.006631,MBIE EDGS 2024 assumptions workbook + explicit study assumptions in build_capacity_EDGS.py,,,,EDGS plant=Generic solar (101-200MW): 42; status=Generic; capital_cost is the legacy annualised NZ generator value (investment + fixed O&M for flexible candidates; zero for sunk existing/fixed capacity); variable_O&M_NZD_per_MWh=0.000000; overnight_CAPEX_NZD_per_MW=1490066.311304.
solar_waikato_generic_solar_101_200mw_42,solar,2040,2040,,,MW_e generator capacity,,,,143637.895878,NZD/MW-year,0.000000,NZD/MWh_e,1.000000,,,,,0.000000,,,,,,23.558811,0.000000,3600,23.480000,149.006631,MBIE EDGS 2024 assumptions workbook + explicit study assumptions in build_capacity_EDGS.py,,,,EDGS plant=Generic solar (101-200MW): 42; status=Generic; capital_cost is the legacy annualised NZ generator value (investment + fixed O&M for flexible candidates; zero for sunk existing/fixed capacity); variable_O&M_NZD_per_MWh=0.000000; overnight_CAPEX_NZD_per_MW=1490066.311304.
solar_waikato_generic_solar_101_200mw_42,solar,2050,2050,,,MW_e generator capacity,,,,143637.895878,NZD/MW-year,0.000000,NZD/MWh_e,1.000000,,,,,0.000000,,,,,,23.558811,0.000000,3600,23.480000,149.006631,MBIE EDGS 2024 assumptions workbook + explicit study assumptions in build_capacity_EDGS.py,,,,EDGS plant=Generic solar (101-200MW): 42; status=Generic; capital_cost is the legacy annualised NZ generator value (investment + fixed O&M for flexible candidates; zero for sunk existing/fixed capacity); variable_O&M_NZD_per_MWh=0.000000; overnight_CAPEX_NZD_per_MW=1490066.311304.
solar_waikato_generic_solar_200mw+_29,solar,2025,2025,,,MW_e generator capacity,,,,141756.076240,NZD/MW-year,0.000000,NZD/MWh_e,1.000000,,,,,0.000000,,,,,,23.558811,0.000000,3600,53.830000,293.342947,MBIE EDGS 2024 assumptions workbook + explicit study assumptions in build_capacity_EDGS.py,,,,EDGS plant=Generic solar (200MW+): 29; status=Generic; capital_cost is the legacy annualised NZ generator value (investment + fixed O&M for flexible candidates; zero for sunk existing/fixed capacity); variable_O&M_NZD_per_MWh=0.000000; overnight_CAPEX_NZD_per_MW=1466714.733913.
solar_waikato_generic_solar_200mw+_29,solar,2030,2030,,,MW_e generator capacity,,,,141756.076240,NZD/MW-year,0.000000,NZD/MWh_e,1.000000,,,,,0.000000,,,,,,23.558811,0.000000,3600,53.830000,293.342947,MBIE EDGS 2024 assumptions workbook + explicit study assumptions in build_capacity_EDGS.py,,,,EDGS plant=Generic solar (200MW+): 29; status=Generic; capital_cost is the legacy annualised NZ generator value (investment + fixed O&M for flexible candidates; zero for sunk existing/fixed capacity); variable_O&M_NZD_per_MWh=0.000000; overnight_CAPEX_NZD_per_MW=1466714.733913.
solar_waikato_generic_solar_200mw+_29,solar,2040,2040,,,MW_e generator capacity,,,,141756.076240,NZD/MW-year,0.000000,NZD/MWh_e,1.000000,,,,,0.000000,,,,,,23.558811,0.000000,3600,53.830000,293.342947,MBIE EDGS 2024 assumptions workbook + explicit study assumptions in build_capacity_EDGS.py,,,,EDGS plant=Generic solar (200MW+): 29; status=Generic; capital_cost is the legacy annualised NZ generator value (investment + fixed O&M for flexible candidates; zero for sunk existing/fixed capacity); variable_O&M_NZD_per_MWh=0.000000; overnight_CAPEX_NZD_per_MW=1466714.733913.
solar_waikato_generic_solar_200mw+_29,solar,2050,2050,,,MW_e generator capacity,,,,141756.076240,NZD/MW-year,0.000000,NZD/MWh_e,1.000000,,,,,0.000000,,,,,,23.558811,0.000000,3600,53.830000,293.342947,MBIE EDGS 2024 assumptions workbook + explicit study assumptions in build_capacity_EDGS.py,,,,EDGS plant=Generic solar (200MW+): 29; status=Generic; capital_cost is the legacy annualised NZ generator value (investment + fixed O&M for flexible candidates; zero for sunk existing/fixed capacity); variable_O&M_NZD_per_MWh=0.000000; overnight_CAPEX_NZD_per_MW=1466714.733913.
solar_waikato_generic_solar_200mw+_75,solar,2025,2025,,,MW_e generator capacity,,,,131172.125550,NZD/MW-year,0.000000,NZD/MWh_e,1.000000,,,,,0.000000,,,,,,23.558811,0.000000,3600,30.990000,267.075611,MBIE EDGS 2024 assumptions workbook + explicit study assumptions in build_capacity_EDGS.py,,,,EDGS plant=Generic solar (200MW+): 75; status=Generic; capital_cost is the legacy annualised NZ generator value (investment + fixed O&M for flexible candidates; zero for sunk existing/fixed capacity); variable_O&M_NZD_per_MWh=0.000000; overnight_CAPEX_NZD_per_MW=1335378.053913.
solar_waikato_generic_solar_200mw+_75,solar,2030,2030,,,MW_e generator capacity,,,,131172.125550,NZD/MW-year,0.000000,NZD/MWh_e,1.000000,,,,,0.000000,,,,,,23.558811,0.000000,3600,30.990000,267.075611,MBIE EDGS 2024 assumptions workbook + explicit study assumptions in build_capacity_EDGS.py,,,,EDGS plant=Generic solar (200MW+): 75; status=Generic; capital_cost is the legacy annualised NZ generator value (investment + fixed O&M for flexible candidates; zero for sunk existing/fixed capacity); variable_O&M_NZD_per_MWh=0.000000; overnight_CAPEX_NZD_per_MW=1335378.053913.
solar_waikato_generic_solar_200mw+_75,solar,2040,2040,,,MW_e generator capacity,,,,131172.125550,NZD/MW-year,0.000000,NZD/MWh_e,1.000000,,,,,0.000000,,,,,,23.558811,0.000000,3600,30.990000,267.075611,MBIE EDGS 2024 assumptions workbook + explicit study assumptions in build_capacity_EDGS.py,,,,EDGS plant=Generic solar (200MW+): 75; status=Generic; capital_cost is the legacy annualised NZ generator value (investment + fixed O&M for flexible candidates; zero for sunk existing/fixed capacity); variable_O&M_NZD_per_MWh=0.000000; overnight_CAPEX_NZD_per_MW=1335378.053913.
solar_waikato_generic_solar_200mw+_75,solar,2050,2050,,,MW_e generator capacity,,,,131172.125550,NZD/MW-year,0.000000,NZD/MWh_e,1.000000,,,,,0.000000,,,,,,23.558811,0.000000,3600,30.990000,267.075611,MBIE EDGS 2024 assumptions workbook + explicit study assumptions in build_capacity_EDGS.py,,,,EDGS plant=Generic solar (200MW+): 75; status=Generic; capital_cost is the legacy annualised NZ generator value (investment + fixed O&M for flexible candidates; zero for sunk existing/fixed capacity); variable_O&M_NZD_per_MWh=0.000000; overnight_CAPEX_NZD_per_MW=1335378.053913.
solar_waikato_generic_solar_200mw+_81,solar,2025,2025,,,MW_e generator capacity,,,,142274.622347,NZD/MW-year,0.000000,NZD/MWh_e,1.000000,,,,,0.000000,,,,,,23.558811,0.000000,3600,54.760000,294.629879,MBIE EDGS 2024 assumptions workbook + explicit study assumptions in build_capacity_EDGS.py,,,,EDGS plant=Generic solar (200MW+): 81; status=Generic; capital_cost is the legacy annualised NZ generator value (investment + fixed O&M for flexible candidates; zero for sunk existing/fixed capacity); variable_O&M_NZD_per_MWh=0.000000; overnight_CAPEX_NZD_per_MW=1473149.393913.
solar_waikato_generic_solar_200mw+_81,solar,2030,2030,,,MW_e generator capacity,,,,142274.622347,NZD/MW-year,0.000000,NZD/MWh_e,1.000000,,,,,0.000000,,,,,,23.558811,0.000000,3600,54.760000,294.629879,MBIE EDGS 2024 assumptions workbook + explicit study assumptions in build_capacity_EDGS.py,,,,EDGS plant=Generic solar (200MW+): 81; status=Generic; capital_cost is the legacy annualised NZ generator value (investment + fixed O&M for flexible candidates; zero for sunk existing/fixed capacity); variable_O&M_NZD_per_MWh=0.000000; overnight_CAPEX_NZD_per_MW=1473149.393913.
solar_waikato_generic_solar_200mw+_81,solar,2040,2040,,,MW_e generator capacity,,,,142274.622347,NZD/MW-year,0.000000,NZD/MWh_e,1.000000,,,,,0.000000,,,,,,23.558811,0.000000,3600,54.760000,294.629879,MBIE EDGS 2024 assumptions workbook + explicit study assumptions in build_capacity_EDGS.py,,,,EDGS plant=Generic solar (200MW+): 81; status=Generic; capital_cost is the legacy annualised NZ generator value (investment + fixed O&M for flexible candidates; zero for sunk existing/fixed capacity); variable_O&M_NZD_per_MWh=0.000000; overnight_CAPEX_NZD_per_MW=1473149.393913.
solar_waikato_generic_solar_200mw+_81,solar,2050,2050,,,MW_e generator capacity,,,,142274.622347,NZD/MW-year,0.000000,NZD/MWh_e,1.000000,,,,,0.000000,,,,,,23.558811,0.000000,3600,54.760000,294.629879,MBIE EDGS 2024 assumptions workbook + explicit study assumptions in build_capacity_EDGS.py,,,,EDGS plant=Generic solar (200MW+): 81; status=Generic; capital_cost is the legacy annualised NZ generator value (investment + fixed O&M for flexible candidates; zero for sunk existing/fixed capacity); variable_O&M_NZD_per_MWh=0.000000; overnight_CAPEX_NZD_per_MW=1473149.393913.
solar_waikato_generic_solar_<100_mw_46,solar,2025,2025,,,MW_e generator capacity,,,,151934.927559,NZD/MW-year,0.000000,NZD/MWh_e,1.000000,,,,,0.000000,,,,,,23.558811,0.000000,3600,16.170000,95.581471,MBIE EDGS 2024 assumptions workbook + explicit study assumptions in build_capacity_EDGS.py,,,,EDGS plant=Generic solar (<100 MW): 46; status=Generic; capital_cost is the legacy annualised NZ generator value (investment + fixed O&M for flexible candidates; zero for sunk existing/fixed capacity); variable_O&M_NZD_per_MWh=0.000000; overnight_CAPEX_NZD_per_MW=1593024.519130.
solar_waikato_generic_solar_<100_mw_46,solar,2030,2030,,,MW_e generator capacity,,,,151934.927559,NZD/MW-year,0.000000,NZD/MWh_e,1.000000,,,,,0.000000,,,,,,23.558811,0.000000,3600,16.170000,95.581471,MBIE EDGS 2024 assumptions workbook + explicit study assumptions in build_capacity_EDGS.py,,,,EDGS plant=Generic solar (<100 MW): 46; status=Generic; capital_cost is the legacy annualised NZ generator value (investment + fixed O&M for flexible candidates; zero for sunk existing/fixed capacity); variable_O&M_NZD_per_MWh=0.000000; overnight_CAPEX_NZD_per_MW=1593024.519130.
solar_waikato_generic_solar_<100_mw_46,solar,2040,2040,,,MW_e generator capacity,,,,151934.927559,NZD/MW-year,0.000000,NZD/MWh_e,1.000000,,,,,0.000000,,,,,,23.558811,0.000000,3600,16.170000,95.581471,MBIE EDGS 2024 assumptions workbook + explicit study assumptions in build_capacity_EDGS.py,,,,EDGS plant=Generic solar (<100 MW): 46; status=Generic; capital_cost is the legacy annualised NZ generator value (investment + fixed O&M for flexible candidates; zero for sunk existing/fixed capacity); variable_O&M_NZD_per_MWh=0.000000; overnight_CAPEX_NZD_per_MW=1593024.519130.
solar_waikato_generic_solar_<100_mw_46,solar,2050,2050,,,MW_e generator capacity,,,,151934.927559,NZD/MW-year,0.000000,NZD/MWh_e,1.000000,,,,,0.000000,,,,,,23.558811,0.000000,3600,16.170000,95.581471,MBIE EDGS 2024 assumptions workbook + explicit study assumptions in build_capacity_EDGS.py,,,,EDGS plant=Generic solar (<100 MW): 46; status=Generic; capital_cost is the legacy annualised NZ generator value (investment + fixed O&M for flexible candidates; zero for sunk existing/fixed capacity); variable_O&M_NZD_per_MWh=0.000000; overnight_CAPEX_NZD_per_MW=1593024.519130.
solar_waikato_rangiriri_solar_farm,solar,2025,2025,,,MW_e generator capacity,,,,135283.841563,NZD/MW-year,0.000000,NZD/MWh_e,1.000000,,,,,0.000000,,,,,,23.558811,0.000000,3600,31.219428,180.232066,MBIE EDGS 2024 assumptions workbook + explicit study assumptions in build_capacity_EDGS.py,,,,EDGS plant=Rangiriri solar farm; status=Fully consented; capital_cost is the legacy annualised NZ generator value (investment + fixed O&M for flexible candidates; zero for sunk existing/fixed capacity); variable_O&M_NZD_per_MWh=0.000000; overnight_CAPEX_NZD_per_MW=1386400.507256.
solar_waikato_rangiriri_solar_farm,solar,2030,2030,,,MW_e generator capacity,,,,135283.841563,NZD/MW-year,0.000000,NZD/MWh_e,1.000000,,,,,0.000000,,,,,,23.558811,0.000000,3600,31.219428,180.232066,MBIE EDGS 2024 assumptions workbook + explicit study assumptions in build_capacity_EDGS.py,,,,EDGS plant=Rangiriri solar farm; status=Fully consented; capital_cost is the legacy annualised NZ generator value (investment + fixed O&M for flexible candidates; zero for sunk existing/fixed capacity); variable_O&M_NZD_per_MWh=0.000000; overnight_CAPEX_NZD_per_MW=1386400.507256.
solar_waikato_rangiriri_solar_farm,solar,2040,2040,,,MW_e generator capacity,,,,135283.841563,NZD/MW-year,0.000000,NZD/MWh_e,1.000000,,,,,0.000000,,,,,,23.558811,0.000000,3600,31.219428,180.232066,MBIE EDGS 2024 assumptions workbook + explicit study assumptions in build_capacity_EDGS.py,,,,EDGS plant=Rangiriri solar farm; status=Fully consented; capital_cost is the legacy annualised NZ generator value (investment + fixed O&M for flexible candidates; zero for sunk existing/fixed capacity); variable_O&M_NZD_per_MWh=0.000000; overnight_CAPEX_NZD_per_MW=1386400.507256.
solar_waikato_rangiriri_solar_farm,solar,2050,2050,,,MW_e generator capacity,,,,135283.841563,NZD/MW-year,0.000000,NZD/MWh_e,1.000000,,,,,0.000000,,,,,,23.558811,0.000000,3600,31.219428,180.232066,MBIE EDGS 2024 assumptions workbook + explicit study assumptions in build_capacity_EDGS.py,,,,EDGS plant=Rangiriri solar farm; status=Fully consented; capital_cost is the legacy annualised NZ generator value (investment + fixed O&M for flexible candidates; zero for sunk existing/fixed capacity); variable_O&M_NZD_per_MWh=0.000000; overnight_CAPEX_NZD_per_MW=1386400.507256.
solar_waikato_tauhei_solar_farm,solar,2025,2025,,,MW_e generator capacity,,,,130254.514255,NZD/MW-year,0.000000,NZD/MWh_e,1.000000,,,,,0.000000,,,,,,23.558811,0.000000,3600,34.163500,194.626733,MBIE EDGS 2024 assumptions workbook + explicit study assumptions in build_capacity_EDGS.py,,,,EDGS plant=Tauhei solar farm; status=Fully consented; capital_cost is the legacy annualised NZ generator value (investment + fixed O&M for flexible candidates; zero for sunk existing/fixed capacity); variable_O&M_NZD_per_MWh=0.000000; overnight_CAPEX_NZD_per_MW=1323991.377569.
solar_waikato_tauhei_solar_farm,solar,2030,2030,,,MW_e generator capacity,,,,130254.514255,NZD/MW-year,0.000000,NZD/MWh_e,1.000000,,,,,0.000000,,,,,,23.558811,0.000000,3600,34.163500,194.626733,MBIE EDGS 2024 assumptions workbook + explicit study assumptions in build_capacity_EDGS.py,,,,EDGS plant=Tauhei solar farm; status=Fully consented; capital_cost is the legacy annualised NZ generator value (investment + fixed O&M for flexible candidates; zero for sunk existing/fixed capacity); variable_O&M_NZD_per_MWh=0.000000; overnight_CAPEX_NZD_per_MW=1323991.377569.
solar_waikato_tauhei_solar_farm,solar,2040,2040,,,MW_e generator capacity,,,,130254.514255,NZD/MW-year,0.000000,NZD/MWh_e,1.000000,,,,,0.000000,,,,,,23.558811,0.000000,3600,34.163500,194.626733,MBIE EDGS 2024 assumptions workbook + explicit study assumptions in build_capacity_EDGS.py,,,,EDGS plant=Tauhei solar farm; status=Fully consented; capital_cost is the legacy annualised NZ generator value (investment + fixed O&M for flexible candidates; zero for sunk existing/fixed capacity); variable_O&M_NZD_per_MWh=0.000000; overnight_CAPEX_NZD_per_MW=1323991.377569.
solar_waikato_tauhei_solar_farm,solar,2050,2050,,,MW_e generator capacity,,,,130254.514255,NZD/MW-year,0.000000,NZD/MWh_e,1.000000,,,,,0.000000,,,,,,23.558811,0.000000,3600,34.163500,194.626733,MBIE EDGS 2024 assumptions workbook + explicit study assumptions in build_capacity_EDGS.py,,,,EDGS plant=Tauhei solar farm; status=Fully consented; capital_cost is the legacy annualised NZ generator value (investment + fixed O&M for flexible candidates; zero for sunk existing/fixed capacity); variable_O&M_NZD_per_MWh=0.000000; overnight_CAPEX_NZD_per_MW=1323991.377569.
solar_waikato_waiterimu_solar_farm,solar,2025,2025,,,MW_e generator capacity,,,,134526.313260,NZD/MW-year,0.000000,NZD/MWh_e,1.000000,,,,,0.000000,,,,,,23.558811,0.000000,3600,29.450940,192.780043,MBIE EDGS 2024 assumptions workbook + explicit study assumptions in build_capacity_EDGS.py,,,,EDGS plant=Waiterimu solar farm; status=Fully consented; capital_cost is the legacy annualised NZ generator value (investment + fixed O&M for flexible candidates; zero for sunk existing/fixed capacity); variable_O&M_NZD_per_MWh=0.000000; overnight_CAPEX_NZD_per_MW=1377000.307343.
solar_waikato_waiterimu_solar_farm,solar,2030,2030,,,MW_e generator capacity,,,,134526.313260,NZD/MW-year,0.000000,NZD/MWh_e,1.000000,,,,,0.000000,,,,,,23.558811,0.000000,3600,29.450940,192.780043,MBIE EDGS 2024 assumptions workbook + explicit study assumptions in build_capacity_EDGS.py,,,,EDGS plant=Waiterimu solar farm; status=Fully consented; capital_cost is the legacy annualised NZ generator value (investment + fixed O&M for flexible candidates; zero for sunk existing/fixed capacity); variable_O&M_NZD_per_MWh=0.000000; overnight_CAPEX_NZD_per_MW=1377000.307343.
solar_waikato_waiterimu_solar_farm,solar,2040,2040,,,MW_e generator capacity,,,,134526.313260,NZD/MW-year,0.000000,NZD/MWh_e,1.000000,,,,,0.000000,,,,,,23.558811,0.000000,3600,29.450940,192.780043,MBIE EDGS 2024 assumptions workbook + explicit study assumptions in build_capacity_EDGS.py,,,,EDGS plant=Waiterimu solar farm; status=Fully consented; capital_cost is the legacy annualised NZ generator value (investment + fixed O&M for flexible candidates; zero for sunk existing/fixed capacity); variable_O&M_NZD_per_MWh=0.000000; overnight_CAPEX_NZD_per_MW=1377000.307343.
solar_waikato_waiterimu_solar_farm,solar,2050,2050,,,MW_e generator capacity,,,,134526.313260,NZD/MW-year,0.000000,NZD/MWh_e,1.000000,,,,,0.000000,,,,,,23.558811,0.000000,3600,29.450940,192.780043,MBIE EDGS 2024 assumptions workbook + explicit study assumptions in build_capacity_EDGS.py,,,,EDGS plant=Waiterimu solar farm; status=Fully consented; capital_cost is the legacy annualised NZ generator value (investment + fixed O&M for flexible candidates; zero for sunk existing/fixed capacity); variable_O&M_NZD_per_MWh=0.000000; overnight_CAPEX_NZD_per_MW=1377000.307343.
solar_waikato_warenga_solar_farm,solar,2025,2025,,,MW_e generator capacity,,,,132377.050180,NZD/MW-year,0.000000,NZD/MWh_e,1.000000,,,,,0.000000,,,,,,23.558811,0.000000,3600,43.588618,243.059402,MBIE EDGS 2024 assumptions workbook + explicit study assumptions in build_capacity_EDGS.py,,,,EDGS plant=Warenga solar farm; status=Fully consented; capital_cost is the legacy annualised NZ generator value (investment + fixed O&M for flexible candidates; zero for sunk existing/fixed capacity); variable_O&M_NZD_per_MWh=0.000000; overnight_CAPEX_NZD_per_MW=1350330.013267.
solar_waikato_warenga_solar_farm,solar,2030,2030,,,MW_e generator capacity,,,,132377.050180,NZD/MW-year,0.000000,NZD/MWh_e,1.000000,,,,,0.000000,,,,,,23.558811,0.000000,3600,43.588618,243.059402,MBIE EDGS 2024 assumptions workbook + explicit study assumptions in build_capacity_EDGS.py,,,,EDGS plant=Warenga solar farm; status=Fully consented; capital_cost is the legacy annualised NZ generator value (investment + fixed O&M for flexible candidates; zero for sunk existing/fixed capacity); variable_O&M_NZD_per_MWh=0.000000; overnight_CAPEX_NZD_per_MW=1350330.013267.
solar_waikato_warenga_solar_farm,solar,2040,2040,,,MW_e generator capacity,,,,132377.050180,NZD/MW-year,0.000000,NZD/MWh_e,1.000000,,,,,0.000000,,,,,,23.558811,0.000000,3600,43.588618,243.059402,MBIE EDGS 2024 assumptions workbook + explicit study assumptions in build_capacity_EDGS.py,,,,EDGS plant=Warenga solar farm; status=Fully consented; capital_cost is the legacy annualised NZ generator value (investment + fixed O&M for flexible candidates; zero for sunk existing/fixed capacity); variable_O&M_NZD_per_MWh=0.000000; overnight_CAPEX_NZD_per_MW=1350330.013267.
solar_waikato_warenga_solar_farm,solar,2050,2050,,,MW_e generator capacity,,,,132377.050180,NZD/MW-year,0.000000,NZD/MWh_e,1.000000,,,,,0.000000,,,,,,23.558811,0.000000,3600,43.588618,243.059402,MBIE EDGS 2024 assumptions workbook + explicit study assumptions in build_capacity_EDGS.py,,,,EDGS plant=Warenga solar farm; status=Fully consented; capital_cost is the legacy annualised NZ generator value (investment + fixed O&M for flexible candidates; zero for sunk existing/fixed capacity); variable_O&M_NZD_per_MWh=0.000000; overnight_CAPEX_NZD_per_MW=1350330.013267.
wind_waikato_generic_wind_no_20,wind,2025,2025,,,MW_e generator capacity,,,,255113.658399,NZD/MW-year,0.000000,NZD/MWh_e,1.000000,,,,,0.000000,,,,,,48.943430,0.000000,3600,74.222034,511.674972,MBIE EDGS 2024 assumptions workbook + explicit study assumptions in build_capacity_EDGS.py,,,,EDGS plant=Generic Wind No. 20; status=Generic; capital_cost is the legacy annualised NZ generator value (investment + fixed O&M for flexible candidates; zero for sunk existing/fixed capacity); variable_O&M_NZD_per_MWh=0.000000; overnight_CAPEX_NZD_per_MW=2558374.860526.
wind_waikato_generic_wind_no_20,wind,2030,2030,,,MW_e generator capacity,,,,255113.658399,NZD/MW-year,0.000000,NZD/MWh_e,1.000000,,,,,0.000000,,,,,,48.943430,0.000000,3600,74.222034,511.674972,MBIE EDGS 2024 assumptions workbook + explicit study assumptions in build_capacity_EDGS.py,,,,EDGS plant=Generic Wind No. 20; status=Generic; capital_cost is the legacy annualised NZ generator value (investment + fixed O&M for flexible candidates; zero for sunk existing/fixed capacity); variable_O&M_NZD_per_MWh=0.000000; overnight_CAPEX_NZD_per_MW=2558374.860526.
wind_waikato_generic_wind_no_20,wind,2040,2040,,,MW_e generator capacity,,,,255113.658399,NZD/MW-year,0.000000,NZD/MWh_e,1.000000,,,,,0.000000,,,,,,48.943430,0.000000,3600,74.222034,511.674972,MBIE EDGS 2024 assumptions workbook + explicit study assumptions in build_capacity_EDGS.py,,,,EDGS plant=Generic Wind No. 20; status=Generic; capital_cost is the legacy annualised NZ generator value (investment + fixed O&M for flexible candidates; zero for sunk existing/fixed capacity); variable_O&M_NZD_per_MWh=0.000000; overnight_CAPEX_NZD_per_MW=2558374.860526.
wind_waikato_generic_wind_no_20,wind,2050,2050,,,MW_e generator capacity,,,,255113.658399,NZD/MW-year,0.000000,NZD/MWh_e,1.000000,,,,,0.000000,,,,,,48.943430,0.000000,3600,74.222034,511.674972,MBIE EDGS 2024 assumptions workbook + explicit study assumptions in build_capacity_EDGS.py,,,,EDGS plant=Generic Wind No. 20; status=Generic; capital_cost is the legacy annualised NZ generator value (investment + fixed O&M for flexible candidates; zero for sunk existing/fixed capacity); variable_O&M_NZD_per_MWh=0.000000; overnight_CAPEX_NZD_per_MW=2558374.860526.
wind_waikato_generic_wind_no_24,wind,2025,2025,,,MW_e generator capacity,,,,220520.005263,NZD/MW-year,0.000000,NZD/MWh_e,1.000000,,,,,0.000000,,,,,,45.656975,0.000000,3600,25.985368,650.964762,MBIE EDGS 2024 assumptions workbook + explicit study assumptions in build_capacity_EDGS.py,,,,EDGS plant=Generic Wind No. 24; status=Generic; capital_cost is the legacy annualised NZ generator value (investment + fixed O&M for flexible candidates; zero for sunk existing/fixed capacity); variable_O&M_NZD_per_MWh=0.000000; overnight_CAPEX_NZD_per_MW=2169882.538521.
wind_waikato_generic_wind_no_24,wind,2030,2030,,,MW_e generator capacity,,,,220520.005263,NZD/MW-year,0.000000,NZD/MWh_e,1.000000,,,,,0.000000,,,,,,45.656975,0.000000,3600,25.985368,650.964762,MBIE EDGS 2024 assumptions workbook + explicit study assumptions in build_capacity_EDGS.py,,,,EDGS plant=Generic Wind No. 24; status=Generic; capital_cost is the legacy annualised NZ generator value (investment + fixed O&M for flexible candidates; zero for sunk existing/fixed capacity); variable_O&M_NZD_per_MWh=0.000000; overnight_CAPEX_NZD_per_MW=2169882.538521.
wind_waikato_generic_wind_no_24,wind,2040,2040,,,MW_e generator capacity,,,,220520.005263,NZD/MW-year,0.000000,NZD/MWh_e,1.000000,,,,,0.000000,,,,,,45.656975,0.000000,3600,25.985368,650.964762,MBIE EDGS 2024 assumptions workbook + explicit study assumptions in build_capacity_EDGS.py,,,,EDGS plant=Generic Wind No. 24; status=Generic; capital_cost is the legacy annualised NZ generator value (investment + fixed O&M for flexible candidates; zero for sunk existing/fixed capacity); variable_O&M_NZD_per_MWh=0.000000; overnight_CAPEX_NZD_per_MW=2169882.538521.
wind_waikato_generic_wind_no_24,wind,2050,2050,,,MW_e generator capacity,,,,220520.005263,NZD/MW-year,0.000000,NZD/MWh_e,1.000000,,,,,0.000000,,,,,,45.656975,0.000000,3600,25.985368,650.964762,MBIE EDGS 2024 assumptions workbook + explicit study assumptions in build_capacity_EDGS.py,,,,EDGS plant=Generic Wind No. 24; status=Generic; capital_cost is the legacy annualised NZ generator value (investment + fixed O&M for flexible candidates; zero for sunk existing/fixed capacity); variable_O&M_NZD_per_MWh=0.000000; overnight_CAPEX_NZD_per_MW=2169882.538521.
wind_waikato_generic_wind_no_55,wind,2025,2025,,,MW_e generator capacity,,,,241706.324482,NZD/MW-year,0.000000,NZD/MWh_e,1.000000,,,,,0.000000,,,,,,46.717122,0.000000,3600,24.524722,362.944357,MBIE EDGS 2024 assumptions workbook + explicit study assumptions in build_capacity_EDGS.py,,,,EDGS plant=Generic Wind No. 55; status=Generic; capital_cost is the legacy annualised NZ generator value (investment + fixed O&M for flexible candidates; zero for sunk existing/fixed capacity); variable_O&M_NZD_per_MWh=0.000000; overnight_CAPEX_NZD_per_MW=2419629.044803.
wind_waikato_generic_wind_no_55,wind,2030,2030,,,MW_e generator capacity,,,,241706.324482,NZD/MW-year,0.000000,NZD/MWh_e,1.000000,,,,,0.000000,,,,,,46.717122,0.000000,3600,24.524722,362.944357,MBIE EDGS 2024 assumptions workbook + explicit study assumptions in build_capacity_EDGS.py,,,,EDGS plant=Generic Wind No. 55; status=Generic; capital_cost is the legacy annualised NZ generator value (investment + fixed O&M for flexible candidates; zero for sunk existing/fixed capacity); variable_O&M_NZD_per_MWh=0.000000; overnight_CAPEX_NZD_per_MW=2419629.044803.
wind_waikato_generic_wind_no_55,wind,2040,2040,,,MW_e generator capacity,,,,241706.324482,NZD/MW-year,0.000000,NZD/MWh_e,1.000000,,,,,0.000000,,,,,,46.717122,0.000000,3600,24.524722,362.944357,MBIE EDGS 2024 assumptions workbook + explicit study assumptions in build_capacity_EDGS.py,,,,EDGS plant=Generic Wind No. 55; status=Generic; capital_cost is the legacy annualised NZ generator value (investment + fixed O&M for flexible candidates; zero for sunk existing/fixed capacity); variable_O&M_NZD_per_MWh=0.000000; overnight_CAPEX_NZD_per_MW=2419629.044803.
wind_waikato_generic_wind_no_55,wind,2050,2050,,,MW_e generator capacity,,,,241706.324482,NZD/MW-year,0.000000,NZD/MWh_e,1.000000,,,,,0.000000,,,,,,46.717122,0.000000,3600,24.524722,362.944357,MBIE EDGS 2024 assumptions workbook + explicit study assumptions in build_capacity_EDGS.py,,,,EDGS plant=Generic Wind No. 55; status=Generic; capital_cost is the legacy annualised NZ generator value (investment + fixed O&M for flexible candidates; zero for sunk existing/fixed capacity); variable_O&M_NZD_per_MWh=0.000000; overnight_CAPEX_NZD_per_MW=2419629.044803.
wind_waikato_generic_wind_no_61,wind,2025,2025,,,MW_e generator capacity,,,,331495.932879,NZD/MW-year,0.000000,NZD/MWh_e,1.000000,,,,,0.000000,,,,,,58.414072,0.000000,3600,8.763878,33.886841,MBIE EDGS 2024 assumptions workbook + explicit study assumptions in build_capacity_EDGS.py,,,,EDGS plant=Generic Wind No. 61; status=Generic; capital_cost is the legacy annualised NZ generator value (investment + fixed O&M for flexible candidates; zero for sunk existing/fixed capacity); variable_O&M_NZD_per_MWh=0.000000; overnight_CAPEX_NZD_per_MW=3388684.064059.
wind_waikato_generic_wind_no_61,wind,2030,2030,,,MW_e generator capacity,,,,331495.932879,NZD/MW-year,0.000000,NZD/MWh_e,1.000000,,,,,0.000000,,,,,,58.414072,0.000000,3600,8.763878,33.886841,MBIE EDGS 2024 assumptions workbook + explicit study assumptions in build_capacity_EDGS.py,,,,EDGS plant=Generic Wind No. 61; status=Generic; capital_cost is the legacy annualised NZ generator value (investment + fixed O&M for flexible candidates; zero for sunk existing/fixed capacity); variable_O&M_NZD_per_MWh=0.000000; overnight_CAPEX_NZD_per_MW=3388684.064059.
wind_waikato_generic_wind_no_61,wind,2040,2040,,,MW_e generator capacity,,,,331495.932879,NZD/MW-year,0.000000,NZD/MWh_e,1.000000,,,,,0.000000,,,,,,58.414072,0.000000,3600,8.763878,33.886841,MBIE EDGS 2024 assumptions workbook + explicit study assumptions in build_capacity_EDGS.py,,,,EDGS plant=Generic Wind No. 61; status=Generic; capital_cost is the legacy annualised NZ generator value (investment + fixed O&M for flexible candidates; zero for sunk existing/fixed capacity); variable_O&M_NZD_per_MWh=0.000000; overnight_CAPEX_NZD_per_MW=3388684.064059.
wind_waikato_generic_wind_no_61,wind,2050,2050,,,MW_e generator capacity,,,,331495.932879,NZD/MW-year,0.000000,NZD/MWh_e,1.000000,,,,,0.000000,,,,,,58.414072,0.000000,3600,8.763878,33.886841,MBIE EDGS 2024 assumptions workbook + explicit study assumptions in build_capacity_EDGS.py,,,,EDGS plant=Generic Wind No. 61; status=Generic; capital_cost is the legacy annualised NZ generator value (investment + fixed O&M for flexible candidates; zero for sunk existing/fixed capacity); variable_O&M_NZD_per_MWh=0.000000; overnight_CAPEX_NZD_per_MW=3388684.064059.
wind_waikato_generic_wind_no_71,wind,2025,2025,,,MW_e generator capacity,,,,294385.369133,NZD/MW-year,0.000000,NZD/MWh_e,1.000000,,,,,0.000000,,,,,,52.701060,0.000000,3600,81.501706,374.883818,MBIE EDGS 2024 assumptions workbook + explicit study assumptions in build_capacity_EDGS.py,,,,EDGS plant=Generic Wind No. 71; status=Generic; capital_cost is the legacy annualised NZ generator value (investment + fixed O&M for flexible candidates; zero for sunk existing/fixed capacity); variable_O&M_NZD_per_MWh=0.000000; overnight_CAPEX_NZD_per_MW=2999070.546833.
wind_waikato_generic_wind_no_71,wind,2030,2030,,,MW_e generator capacity,,,,294385.369133,NZD/MW-year,0.000000,NZD/MWh_e,1.000000,,,,,0.000000,,,,,,52.701060,0.000000,3600,81.501706,374.883818,MBIE EDGS 2024 assumptions workbook + explicit study assumptions in build_capacity_EDGS.py,,,,EDGS plant=Generic Wind No. 71; status=Generic; capital_cost is the legacy annualised NZ generator value (investment + fixed O&M for flexible candidates; zero for sunk existing/fixed capacity); variable_O&M_NZD_per_MWh=0.000000; overnight_CAPEX_NZD_per_MW=2999070.546833.
wind_waikato_generic_wind_no_71,wind,2040,2040,,,MW_e generator capacity,,,,294385.369133,NZD/MW-year,0.000000,NZD/MWh_e,1.000000,,,,,0.000000,,,,,,52.701060,0.000000,3600,81.501706,374.883818,MBIE EDGS 2024 assumptions workbook + explicit study assumptions in build_capacity_EDGS.py,,,,EDGS plant=Generic Wind No. 71; status=Generic; capital_cost is the legacy annualised NZ generator value (investment + fixed O&M for flexible candidates; zero for sunk existing/fixed capacity); variable_O&M_NZD_per_MWh=0.000000; overnight_CAPEX_NZD_per_MW=2999070.546833.
wind_waikato_generic_wind_no_71,wind,2050,2050,,,MW_e generator capacity,,,,294385.369133,NZD/MW-year,0.000000,NZD/MWh_e,1.000000,,,,,0.000000,,,,,,52.701060,0.000000,3600,81.501706,374.883818,MBIE EDGS 2024 assumptions workbook + explicit study assumptions in build_capacity_EDGS.py,,,,EDGS plant=Generic Wind No. 71; status=Generic; capital_cost is the legacy annualised NZ generator value (investment + fixed O&M for flexible candidates; zero for sunk existing/fixed capacity); variable_O&M_NZD_per_MWh=0.000000; overnight_CAPEX_NZD_per_MW=2999070.546833.
wind_waikato_hapuakohe_wind_farm,wind,2025,2025,,,MW_e generator capacity,,,,257050.750197,NZD/MW-year,0.000000,NZD/MWh_e,1.000000,,,,,0.000000,,,,,,49.944679,0.000000,3600,82.550073,591.097186,MBIE EDGS 2024 assumptions workbook + explicit study assumptions in build_capacity_EDGS.py,,,,EDGS plant=Hapuakohe Wind Farm; status=Early stages; capital_cost is the legacy annualised NZ generator value (investment + fixed O&M for flexible candidates; zero for sunk existing/fixed capacity); variable_O&M_NZD_per_MWh=0.000000; overnight_CAPEX_NZD_per_MW=2569987.766619.
wind_waikato_hapuakohe_wind_farm,wind,2030,2030,,,MW_e generator capacity,,,,257050.750197,NZD/MW-year,0.000000,NZD/MWh_e,1.000000,,,,,0.000000,,,,,,49.944679,0.000000,3600,82.550073,591.097186,MBIE EDGS 2024 assumptions workbook + explicit study assumptions in build_capacity_EDGS.py,,,,EDGS plant=Hapuakohe Wind Farm; status=Early stages; capital_cost is the legacy annualised NZ generator value (investment + fixed O&M for flexible candidates; zero for sunk existing/fixed capacity); variable_O&M_NZD_per_MWh=0.000000; overnight_CAPEX_NZD_per_MW=2569987.766619.
wind_waikato_hapuakohe_wind_farm,wind,2040,2040,,,MW_e generator capacity,,,,257050.750197,NZD/MW-year,0.000000,NZD/MWh_e,1.000000,,,,,0.000000,,,,,,49.944679,0.000000,3600,82.550073,591.097186,MBIE EDGS 2024 assumptions workbook + explicit study assumptions in build_capacity_EDGS.py,,,,EDGS plant=Hapuakohe Wind Farm; status=Early stages; capital_cost is the legacy annualised NZ generator value (investment + fixed O&M for flexible candidates; zero for sunk existing/fixed capacity); variable_O&M_NZD_per_MWh=0.000000; overnight_CAPEX_NZD_per_MW=2569987.766619.
wind_waikato_hapuakohe_wind_farm,wind,2050,2050,,,MW_e generator capacity,,,,257050.750197,NZD/MW-year,0.000000,NZD/MWh_e,1.000000,,,,,0.000000,,,,,,49.944679,0.000000,3600,82.550073,591.097186,MBIE EDGS 2024 assumptions workbook + explicit study assumptions in build_capacity_EDGS.py,,,,EDGS plant=Hapuakohe Wind Farm; status=Early stages; capital_cost is the legacy annualised NZ generator value (investment + fixed O&M for flexible candidates; zero for sunk existing/fixed capacity); variable_O&M_NZD_per_MWh=0.000000; overnight_CAPEX_NZD_per_MW=2569987.766619.
wind_waikato_kaimai_wind_farm,wind,2025,2025,,,MW_e generator capacity,,,,245584.648977,NZD/MW-year,0.000000,NZD/MWh_e,1.000000,,,,,0.000000,,,,,,48.531150,0.000000,3600,18.411211,244.524498,MBIE EDGS 2024 assumptions workbook + explicit study assumptions in build_capacity_EDGS.py,,,,EDGS plant=Kaimai wind farm; status=Early stages; capital_cost is the legacy annualised NZ generator value (investment + fixed O&M for flexible candidates; zero for sunk existing/fixed capacity); variable_O&M_NZD_per_MWh=0.000000; overnight_CAPEX_NZD_per_MW=2445244.979612.
wind_waikato_kaimai_wind_farm,wind,2030,2030,,,MW_e generator capacity,,,,245584.648977,NZD/MW-year,0.000000,NZD/MWh_e,1.000000,,,,,0.000000,,,,,,48.531150,0.000000,3600,18.411211,244.524498,MBIE EDGS 2024 assumptions workbook + explicit study assumptions in build_capacity_EDGS.py,,,,EDGS plant=Kaimai wind farm; status=Early stages; capital_cost is the legacy annualised NZ generator value (investment + fixed O&M for flexible candidates; zero for sunk existing/fixed capacity); variable_O&M_NZD_per_MWh=0.000000; overnight_CAPEX_NZD_per_MW=2445244.979612.
wind_waikato_kaimai_wind_farm,wind,2040,2040,,,MW_e generator capacity,,,,245584.648977,NZD/MW-year,0.000000,NZD/MWh_e,1.000000,,,,,0.000000,,,,,,48.531150,0.000000,3600,18.411211,244.524498,MBIE EDGS 2024 assumptions workbook + explicit study assumptions in build_capacity_EDGS.py,,,,EDGS plant=Kaimai wind farm; status=Early stages; capital_cost is the legacy annualised NZ generator value (investment + fixed O&M for flexible candidates; zero for sunk existing/fixed capacity); variable_O&M_NZD_per_MWh=0.000000; overnight_CAPEX_NZD_per_MW=2445244.979612.
wind_waikato_kaimai_wind_farm,wind,2050,2050,,,MW_e generator capacity,,,,245584.648977,NZD/MW-year,0.000000,NZD/MWh_e,1.000000,,,,,0.000000,,,,,,48.531150,0.000000,3600,18.411211,244.524498,MBIE EDGS 2024 assumptions workbook + explicit study assumptions in build_capacity_EDGS.py,,,,EDGS plant=Kaimai wind farm; status=Early stages; capital_cost is the legacy annualised NZ generator value (investment + fixed O&M for flexible candidates; zero for sunk existing/fixed capacity); variable_O&M_NZD_per_MWh=0.000000; overnight_CAPEX_NZD_per_MW=2445244.979612.
wind_waikato_taumatatotara_stage_1,wind,2025,2025,,,MW_e generator capacity,,,,293314.644493,NZD/MW-year,0.000000,NZD/MWh_e,1.000000,,,,,0.000000,,,,,,49.473503,0.000000,3600,20.908445,121.033391,MBIE EDGS 2024 assumptions workbook + explicit study assumptions in build_capacity_EDGS.py,,,,EDGS plant=Taumatatotara (Stage 1); status=Fully consented; capital_cost is the legacy annualised NZ generator value (investment + fixed O&M for flexible candidates; zero for sunk existing/fixed capacity); variable_O&M_NZD_per_MWh=0.000000; overnight_CAPEX_NZD_per_MW=3025834.769496.
wind_waikato_taumatatotara_stage_1,wind,2030,2030,,,MW_e generator capacity,,,,293314.644493,NZD/MW-year,0.000000,NZD/MWh_e,1.000000,,,,,0.000000,,,,,,49.473503,0.000000,3600,20.908445,121.033391,MBIE EDGS 2024 assumptions workbook + explicit study assumptions in build_capacity_EDGS.py,,,,EDGS plant=Taumatatotara (Stage 1); status=Fully consented; capital_cost is the legacy annualised NZ generator value (investment + fixed O&M for flexible candidates; zero for sunk existing/fixed capacity); variable_O&M_NZD_per_MWh=0.000000; overnight_CAPEX_NZD_per_MW=3025834.769496.
wind_waikato_taumatatotara_stage_1,wind,2040,2040,,,MW_e generator capacity,,,,293314.644493,NZD/MW-year,0.000000,NZD/MWh_e,1.000000,,,,,0.000000,,,,,,49.473503,0.000000,3600,20.908445,121.033391,MBIE EDGS 2024 assumptions workbook + explicit study assumptions in build_capacity_EDGS.py,,,,EDGS plant=Taumatatotara (Stage 1); status=Fully consented; capital_cost is the legacy annualised NZ generator value (investment + fixed O&M for flexible candidates; zero for sunk existing/fixed capacity); variable_O&M_NZD_per_MWh=0.000000; overnight_CAPEX_NZD_per_MW=3025834.769496.
wind_waikato_taumatatotara_stage_1,wind,2050,2050,,,MW_e generator capacity,,,,293314.644493,NZD/MW-year,0.000000,NZD/MWh_e,1.000000,,,,,0.000000,,,,,,49.473503,0.000000,3600,20.908445,121.033391,MBIE EDGS 2024 assumptions workbook + explicit study assumptions in build_capacity_EDGS.py,,,,EDGS plant=Taumatatotara (Stage 1); status=Fully consented; capital_cost is the legacy annualised NZ generator value (investment + fixed O&M for flexible candidates; zero for sunk existing/fixed capacity); variable_O&M_NZD_per_MWh=0.000000; overnight_CAPEX_NZD_per_MW=3025834.769496.
wind_waikato_te_uku,wind,2025,2025,,,MW_e generator capacity,,,,0.000000,NZD/MW-year,0.000000,NZD/MWh_e,1.000000,,,,,0.000000,,,,,,49.473503,0.000000,3600,,,MBIE EDGS 2024 assumptions workbook + explicit study assumptions in build_capacity_EDGS.py,,,,EDGS plant=Te Uku; status=Current; capital_cost is the legacy annualised NZ generator value (investment + fixed O&M for flexible candidates; zero for sunk existing/fixed capacity); variable_O&M_NZD_per_MWh=0.000000.
wind_waikato_te_uku,wind,2030,2030,,,MW_e generator capacity,,,,0.000000,NZD/MW-year,0.000000,NZD/MWh_e,1.000000,,,,,0.000000,,,,,,49.473503,0.000000,3600,,,MBIE EDGS 2024 assumptions workbook + explicit study assumptions in build_capacity_EDGS.py,,,,EDGS plant=Te Uku; status=Current; capital_cost is the legacy annualised NZ generator value (investment + fixed O&M for flexible candidates; zero for sunk existing/fixed capacity); variable_O&M_NZD_per_MWh=0.000000.
wind_waikato_te_uku,wind,2040,2040,,,MW_e generator capacity,,,,0.000000,NZD/MW-year,0.000000,NZD/MWh_e,1.000000,,,,,0.000000,,,,,,49.473503,0.000000,3600,,,MBIE EDGS 2024 assumptions workbook + explicit study assumptions in build_capacity_EDGS.py,,,,EDGS plant=Te Uku; status=Current; capital_cost is the legacy annualised NZ generator value (investment + fixed O&M for flexible candidates; zero for sunk existing/fixed capacity); variable_O&M_NZD_per_MWh=0.000000.
wind_waikato_te_uku,wind,2050,2050,,,MW_e generator capacity,,,,0.000000,NZD/MW-year,0.000000,NZD/MWh_e,1.000000,,,,,0.000000,,,,,,49.473503,0.000000,3600,,,MBIE EDGS 2024 assumptions workbook + explicit study assumptions in build_capacity_EDGS.py,,,,EDGS plant=Te Uku; status=Current; capital_cost is the legacy annualised NZ generator value (investment + fixed O&M for flexible candidates; zero for sunk existing/fixed capacity); variable_O&M_NZD_per_MWh=0.000000.
solar_wellington_generic_solar_<100_mw_67,solar,2025,2025,,,MW_e generator capacity,,,,184701.891588,NZD/MW-year,0.000000,NZD/MWh_e,1.000000,,,,,0.000000,,,,,,23.558811,0.000000,3600,25.130000,159.970490,MBIE EDGS 2024 assumptions workbook + explicit study assumptions in build_capacity_EDGS.py,,,,EDGS plant=Generic solar (<100 MW): 67; status=Generic; capital_cost is the legacy annualised NZ generator value (investment + fixed O&M for flexible candidates; zero for sunk existing/fixed capacity); variable_O&M_NZD_per_MWh=0.000000; overnight_CAPEX_NZD_per_MW=1999631.125217.
solar_wellington_generic_solar_<100_mw_67,solar,2030,2030,,,MW_e generator capacity,,,,184701.891588,NZD/MW-year,0.000000,NZD/MWh_e,1.000000,,,,,0.000000,,,,,,23.558811,0.000000,3600,25.130000,159.970490,MBIE EDGS 2024 assumptions workbook + explicit study assumptions in build_capacity_EDGS.py,,,,EDGS plant=Generic solar (<100 MW): 67; status=Generic; capital_cost is the legacy annualised NZ generator value (investment + fixed O&M for flexible candidates; zero for sunk existing/fixed capacity); variable_O&M_NZD_per_MWh=0.000000; overnight_CAPEX_NZD_per_MW=1999631.125217.
solar_wellington_generic_solar_<100_mw_67,solar,2040,2040,,,MW_e generator capacity,,,,184701.891588,NZD/MW-year,0.000000,NZD/MWh_e,1.000000,,,,,0.000000,,,,,,23.558811,0.000000,3600,25.130000,159.970490,MBIE EDGS 2024 assumptions workbook + explicit study assumptions in build_capacity_EDGS.py,,,,EDGS plant=Generic solar (<100 MW): 67; status=Generic; capital_cost is the legacy annualised NZ generator value (investment + fixed O&M for flexible candidates; zero for sunk existing/fixed capacity); variable_O&M_NZD_per_MWh=0.000000; overnight_CAPEX_NZD_per_MW=1999631.125217.
solar_wellington_generic_solar_<100_mw_67,solar,2050,2050,,,MW_e generator capacity,,,,184701.891588,NZD/MW-year,0.000000,NZD/MWh_e,1.000000,,,,,0.000000,,,,,,23.558811,0.000000,3600,25.130000,159.970490,MBIE EDGS 2024 assumptions workbook + explicit study assumptions in build_capacity_EDGS.py,,,,EDGS plant=Generic solar (<100 MW): 67; status=Generic; capital_cost is the legacy annualised NZ generator value (investment + fixed O&M for flexible candidates; zero for sunk existing/fixed capacity); variable_O&M_NZD_per_MWh=0.000000; overnight_CAPEX_NZD_per_MW=1999631.125217.
solar_wellington_greytown_solar_farm_fnsf,solar,2025,2025,,,MW_e generator capacity,,,,120224.986164,NZD/MW-year,0.000000,NZD/MWh_e,1.000000,,,,,0.000000,,,,,,23.558811,0.000000,3600,28.840000,209.918546,MBIE EDGS 2024 assumptions workbook + explicit study assumptions in build_capacity_EDGS.py,,,,EDGS plant=Greytown Solar Farm (FNSF); status=Applied for consent; capital_cost is the legacy annualised NZ generator value (investment + fixed O&M for flexible candidates; zero for sunk existing/fixed capacity); variable_O&M_NZD_per_MWh=0.000000; overnight_CAPEX_NZD_per_MW=1199534.550435.
solar_wellington_greytown_solar_farm_fnsf,solar,2030,2030,,,MW_e generator capacity,,,,120224.986164,NZD/MW-year,0.000000,NZD/MWh_e,1.000000,,,,,0.000000,,,,,,23.558811,0.000000,3600,28.840000,209.918546,MBIE EDGS 2024 assumptions workbook + explicit study assumptions in build_capacity_EDGS.py,,,,EDGS plant=Greytown Solar Farm (FNSF); status=Applied for consent; capital_cost is the legacy annualised NZ generator value (investment + fixed O&M for flexible candidates; zero for sunk existing/fixed capacity); variable_O&M_NZD_per_MWh=0.000000; overnight_CAPEX_NZD_per_MW=1199534.550435.
solar_wellington_greytown_solar_farm_fnsf,solar,2040,2040,,,MW_e generator capacity,,,,120224.986164,NZD/MW-year,0.000000,NZD/MWh_e,1.000000,,,,,0.000000,,,,,,23.558811,0.000000,3600,28.840000,209.918546,MBIE EDGS 2024 assumptions workbook + explicit study assumptions in build_capacity_EDGS.py,,,,EDGS plant=Greytown Solar Farm (FNSF); status=Applied for consent; capital_cost is the legacy annualised NZ generator value (investment + fixed O&M for flexible candidates; zero for sunk existing/fixed capacity); variable_O&M_NZD_per_MWh=0.000000; overnight_CAPEX_NZD_per_MW=1199534.550435.
solar_wellington_greytown_solar_farm_fnsf,solar,2050,2050,,,MW_e generator capacity,,,,120224.986164,NZD/MW-year,0.000000,NZD/MWh_e,1.000000,,,,,0.000000,,,,,,23.558811,0.000000,3600,28.840000,209.918546,MBIE EDGS 2024 assumptions workbook + explicit study assumptions in build_capacity_EDGS.py,,,,EDGS plant=Greytown Solar Farm (FNSF); status=Applied for consent; capital_cost is the legacy annualised NZ generator value (investment + fixed O&M for flexible candidates; zero for sunk existing/fixed capacity); variable_O&M_NZD_per_MWh=0.000000; overnight_CAPEX_NZD_per_MW=1199534.550435.
solar_wellington_greytown_solar_farm,solar,2025,2025,,,MW_e generator capacity,,,,137101.718992,NZD/MW-year,0.000000,NZD/MWh_e,1.000000,,,,,0.000000,,,,,,23.558811,0.000000,3600,26.578426,140.895862,MBIE EDGS 2024 assumptions workbook + explicit study assumptions in build_capacity_EDGS.py,,,,EDGS plant=Greytown solar farm; status=Early stages; capital_cost is the legacy annualised NZ generator value (investment + fixed O&M for flexible candidates; zero for sunk existing/fixed capacity); variable_O&M_NZD_per_MWh=0.000000; overnight_CAPEX_NZD_per_MW=1408958.623132.
solar_wellington_greytown_solar_farm,solar,2030,2030,,,MW_e generator capacity,,,,137101.718992,NZD/MW-year,0.000000,NZD/MWh_e,1.000000,,,,,0.000000,,,,,,23.558811,0.000000,3600,26.578426,140.895862,MBIE EDGS 2024 assumptions workbook + explicit study assumptions in build_capacity_EDGS.py,,,,EDGS plant=Greytown solar farm; status=Early stages; capital_cost is the legacy annualised NZ generator value (investment + fixed O&M for flexible candidates; zero for sunk existing/fixed capacity); variable_O&M_NZD_per_MWh=0.000000; overnight_CAPEX_NZD_per_MW=1408958.623132.
solar_wellington_greytown_solar_farm,solar,2040,2040,,,MW_e generator capacity,,,,137101.718992,NZD/MW-year,0.000000,NZD/MWh_e,1.000000,,,,,0.000000,,,,,,23.558811,0.000000,3600,26.578426,140.895862,MBIE EDGS 2024 assumptions workbook + explicit study assumptions in build_capacity_EDGS.py,,,,EDGS plant=Greytown solar farm; status=Early stages; capital_cost is the legacy annualised NZ generator value (investment + fixed O&M for flexible candidates; zero for sunk existing/fixed capacity); variable_O&M_NZD_per_MWh=0.000000; overnight_CAPEX_NZD_per_MW=1408958.623132.
solar_wellington_greytown_solar_farm,solar,2050,2050,,,MW_e generator capacity,,,,137101.718992,NZD/MW-year,0.000000,NZD/MWh_e,1.000000,,,,,0.000000,,,,,,23.558811,0.000000,3600,26.578426,140.895862,MBIE EDGS 2024 assumptions workbook + explicit study assumptions in build_capacity_EDGS.py,,,,EDGS plant=Greytown solar farm; status=Early stages; capital_cost is the legacy annualised NZ generator value (investment + fixed O&M for flexible candidates; zero for sunk existing/fixed capacity); variable_O&M_NZD_per_MWh=0.000000; overnight_CAPEX_NZD_per_MW=1408958.623132.
solar_wellington_masterton_solar_farm_nz_clearn_energy,solar,2025,2025,,,MW_e generator capacity,,,,136667.755350,NZD/MW-year,0.000000,NZD/MWh_e,1.000000,,,,,0.000000,,,,,,23.558811,0.000000,3600,30.820000,140.357355,MBIE EDGS 2024 assumptions workbook + explicit study assumptions in build_capacity_EDGS.py,,,,EDGS plant=Masterton Solar Farm (NZ Clearn Energy); status=Early stages; capital_cost is the legacy annualised NZ generator value (investment + fixed O&M for flexible candidates; zero for sunk existing/fixed capacity); variable_O&M_NZD_per_MWh=0.000000; overnight_CAPEX_NZD_per_MW=1403573.550435.
solar_wellington_masterton_solar_farm_nz_clearn_energy,solar,2030,2030,,,MW_e generator capacity,,,,136667.755350,NZD/MW-year,0.000000,NZD/MWh_e,1.000000,,,,,0.000000,,,,,,23.558811,0.000000,3600,30.820000,140.357355,MBIE EDGS 2024 assumptions workbook + explicit study assumptions in build_capacity_EDGS.py,,,,EDGS plant=Masterton Solar Farm (NZ Clearn Energy); status=Early stages; capital_cost is the legacy annualised NZ generator value (investment + fixed O&M for flexible candidates; zero for sunk existing/fixed capacity); variable_O&M_NZD_per_MWh=0.000000; overnight_CAPEX_NZD_per_MW=1403573.550435.
solar_wellington_masterton_solar_farm_nz_clearn_energy,solar,2040,2040,,,MW_e generator capacity,,,,136667.755350,NZD/MW-year,0.000000,NZD/MWh_e,1.000000,,,,,0.000000,,,,,,23.558811,0.000000,3600,30.820000,140.357355,MBIE EDGS 2024 assumptions workbook + explicit study assumptions in build_capacity_EDGS.py,,,,EDGS plant=Masterton Solar Farm (NZ Clearn Energy); status=Early stages; capital_cost is the legacy annualised NZ generator value (investment + fixed O&M for flexible candidates; zero for sunk existing/fixed capacity); variable_O&M_NZD_per_MWh=0.000000; overnight_CAPEX_NZD_per_MW=1403573.550435.
solar_wellington_masterton_solar_farm_nz_clearn_energy,solar,2050,2050,,,MW_e generator capacity,,,,136667.755350,NZD/MW-year,0.000000,NZD/MWh_e,1.000000,,,,,0.000000,,,,,,23.558811,0.000000,3600,30.820000,140.357355,MBIE EDGS 2024 assumptions workbook + explicit study assumptions in build_capacity_EDGS.py,,,,EDGS plant=Masterton Solar Farm (NZ Clearn Energy); status=Early stages; capital_cost is the legacy annualised NZ generator value (investment + fixed O&M for flexible candidates; zero for sunk existing/fixed capacity); variable_O&M_NZD_per_MWh=0.000000; overnight_CAPEX_NZD_per_MW=1403573.550435.
solar_wellington_moroa_road_solar_farm,solar,2025,2025,,,MW_e generator capacity,,,,122223.267372,NZD/MW-year,0.000000,NZD/MWh_e,1.000000,,,,,0.000000,,,,,,23.558811,0.000000,3600,28.837592,214.257978,MBIE EDGS 2024 assumptions workbook + explicit study assumptions in build_capacity_EDGS.py,,,,EDGS plant=Moroa Road solar farm; status=Applied for consent; capital_cost is the legacy annualised NZ generator value (investment + fixed O&M for flexible candidates; zero for sunk existing/fixed capacity); variable_O&M_NZD_per_MWh=0.000000; overnight_CAPEX_NZD_per_MW=1224331.304235.
solar_wellington_moroa_road_solar_farm,solar,2030,2030,,,MW_e generator capacity,,,,122223.267372,NZD/MW-year,0.000000,NZD/MWh_e,1.000000,,,,,0.000000,,,,,,23.558811,0.000000,3600,28.837592,214.257978,MBIE EDGS 2024 assumptions workbook + explicit study assumptions in build_capacity_EDGS.py,,,,EDGS plant=Moroa Road solar farm; status=Applied for consent; capital_cost is the legacy annualised NZ generator value (investment + fixed O&M for flexible candidates; zero for sunk existing/fixed capacity); variable_O&M_NZD_per_MWh=0.000000; overnight_CAPEX_NZD_per_MW=1224331.304235.
solar_wellington_moroa_road_solar_farm,solar,2040,2040,,,MW_e generator capacity,,,,122223.267372,NZD/MW-year,0.000000,NZD/MWh_e,1.000000,,,,,0.000000,,,,,,23.558811,0.000000,3600,28.837592,214.257978,MBIE EDGS 2024 assumptions workbook + explicit study assumptions in build_capacity_EDGS.py,,,,EDGS plant=Moroa Road solar farm; status=Applied for consent; capital_cost is the legacy annualised NZ generator value (investment + fixed O&M for flexible candidates; zero for sunk existing/fixed capacity); variable_O&M_NZD_per_MWh=0.000000; overnight_CAPEX_NZD_per_MW=1224331.304235.
solar_wellington_moroa_road_solar_farm,solar,2050,2050,,,MW_e generator capacity,,,,122223.267372,NZD/MW-year,0.000000,NZD/MWh_e,1.000000,,,,,0.000000,,,,,,23.558811,0.000000,3600,28.837592,214.257978,MBIE EDGS 2024 assumptions workbook + explicit study assumptions in build_capacity_EDGS.py,,,,EDGS plant=Moroa Road solar farm; status=Applied for consent; capital_cost is the legacy annualised NZ generator value (investment + fixed O&M for flexible candidates; zero for sunk existing/fixed capacity); variable_O&M_NZD_per_MWh=0.000000; overnight_CAPEX_NZD_per_MW=1224331.304235.
solar_wellington_wairarapa_solar_farm,solar,2025,2025,,,MW_e generator capacity,,,,131584.054970,NZD/MW-year,0.000000,NZD/MWh_e,1.000000,,,,,0.000000,,,,,,23.558811,0.000000,3600,31.219428,178.285131,MBIE EDGS 2024 assumptions workbook + explicit study assumptions in build_capacity_EDGS.py,,,,EDGS plant=Wairarapa solar farm; status=Announced; capital_cost is the legacy annualised NZ generator value (investment + fixed O&M for flexible candidates; zero for sunk existing/fixed capacity); variable_O&M_NZD_per_MWh=0.000000; overnight_CAPEX_NZD_per_MW=1340489.703052.
solar_wellington_wairarapa_solar_farm,solar,2030,2030,,,MW_e generator capacity,,,,131584.054970,NZD/MW-year,0.000000,NZD/MWh_e,1.000000,,,,,0.000000,,,,,,23.558811,0.000000,3600,31.219428,178.285131,MBIE EDGS 2024 assumptions workbook + explicit study assumptions in build_capacity_EDGS.py,,,,EDGS plant=Wairarapa solar farm; status=Announced; capital_cost is the legacy annualised NZ generator value (investment + fixed O&M for flexible candidates; zero for sunk existing/fixed capacity); variable_O&M_NZD_per_MWh=0.000000; overnight_CAPEX_NZD_per_MW=1340489.703052.
solar_wellington_wairarapa_solar_farm,solar,2040,2040,,,MW_e generator capacity,,,,131584.054970,NZD/MW-year,0.000000,NZD/MWh_e,1.000000,,,,,0.000000,,,,,,23.558811,0.000000,3600,31.219428,178.285131,MBIE EDGS 2024 assumptions workbook + explicit study assumptions in build_capacity_EDGS.py,,,,EDGS plant=Wairarapa solar farm; status=Announced; capital_cost is the legacy annualised NZ generator value (investment + fixed O&M for flexible candidates; zero for sunk existing/fixed capacity); variable_O&M_NZD_per_MWh=0.000000; overnight_CAPEX_NZD_per_MW=1340489.703052.
solar_wellington_wairarapa_solar_farm,solar,2050,2050,,,MW_e generator capacity,,,,131584.054970,NZD/MW-year,0.000000,NZD/MWh_e,1.000000,,,,,0.000000,,,,,,23.558811,0.000000,3600,31.219428,178.285131,MBIE EDGS 2024 assumptions workbook + explicit study assumptions in build_capacity_EDGS.py,,,,EDGS plant=Wairarapa solar farm; status=Announced; capital_cost is the legacy annualised NZ generator value (investment + fixed O&M for flexible candidates; zero for sunk existing/fixed capacity); variable_O&M_NZD_per_MWh=0.000000; overnight_CAPEX_NZD_per_MW=1340489.703052.
wind_wellington_castle_hill_wind_farm,wind,2025,2025,,,MW_e generator capacity,,,,225539.359401,NZD/MW-year,0.000000,NZD/MWh_e,1.000000,,,,,0.000000,,,,,,48.083533,0.000000,3600,66.691404,660.616998,MBIE EDGS 2024 assumptions workbook + explicit study assumptions in build_capacity_EDGS.py,,,,EDGS plant=Castle Hill wind farm; status=Fully consented; capital_cost is the legacy annualised NZ generator value (investment + fixed O&M for flexible candidates; zero for sunk existing/fixed capacity); variable_O&M_NZD_per_MWh=0.000000; overnight_CAPEX_NZD_per_MW=2202056.658565.
wind_wellington_castle_hill_wind_farm,wind,2030,2030,,,MW_e generator capacity,,,,225539.359401,NZD/MW-year,0.000000,NZD/MWh_e,1.000000,,,,,0.000000,,,,,,48.083533,0.000000,3600,66.691404,660.616998,MBIE EDGS 2024 assumptions workbook + explicit study assumptions in build_capacity_EDGS.py,,,,EDGS plant=Castle Hill wind farm; status=Fully consented; capital_cost is the legacy annualised NZ generator value (investment + fixed O&M for flexible candidates; zero for sunk existing/fixed capacity); variable_O&M_NZD_per_MWh=0.000000; overnight_CAPEX_NZD_per_MW=2202056.658565.
wind_wellington_castle_hill_wind_farm,wind,2040,2040,,,MW_e generator capacity,,,,225539.359401,NZD/MW-year,0.000000,NZD/MWh_e,1.000000,,,,,0.000000,,,,,,48.083533,0.000000,3600,66.691404,660.616998,MBIE EDGS 2024 assumptions workbook + explicit study assumptions in build_capacity_EDGS.py,,,,EDGS plant=Castle Hill wind farm; status=Fully consented; capital_cost is the legacy annualised NZ generator value (investment + fixed O&M for flexible candidates; zero for sunk existing/fixed capacity); variable_O&M_NZD_per_MWh=0.000000; overnight_CAPEX_NZD_per_MW=2202056.658565.
wind_wellington_castle_hill_wind_farm,wind,2050,2050,,,MW_e generator capacity,,,,225539.359401,NZD/MW-year,0.000000,NZD/MWh_e,1.000000,,,,,0.000000,,,,,,48.083533,0.000000,3600,66.691404,660.616998,MBIE EDGS 2024 assumptions workbook + explicit study assumptions in build_capacity_EDGS.py,,,,EDGS plant=Castle Hill wind farm; status=Fully consented; capital_cost is the legacy annualised NZ generator value (investment + fixed O&M for flexible candidates; zero for sunk existing/fixed capacity); variable_O&M_NZD_per_MWh=0.000000; overnight_CAPEX_NZD_per_MW=2202056.658565.
wind_wellington_mill_creek,wind,2025,2025,,,MW_e generator capacity,,,,0.000000,NZD/MW-year,0.000000,NZD/MWh_e,1.000000,,,,,0.000000,,,,,,49.473503,0.000000,3600,,,MBIE EDGS 2024 assumptions workbook + explicit study assumptions in build_capacity_EDGS.py,,,,EDGS plant=Mill Creek; status=Current; capital_cost is the legacy annualised NZ generator value (investment + fixed O&M for flexible candidates; zero for sunk existing/fixed capacity); variable_O&M_NZD_per_MWh=0.000000.
wind_wellington_mill_creek,wind,2030,2030,,,MW_e generator capacity,,,,0.000000,NZD/MW-year,0.000000,NZD/MWh_e,1.000000,,,,,0.000000,,,,,,49.473503,0.000000,3600,,,MBIE EDGS 2024 assumptions workbook + explicit study assumptions in build_capacity_EDGS.py,,,,EDGS plant=Mill Creek; status=Current; capital_cost is the legacy annualised NZ generator value (investment + fixed O&M for flexible candidates; zero for sunk existing/fixed capacity); variable_O&M_NZD_per_MWh=0.000000.
wind_wellington_mill_creek,wind,2040,2040,,,MW_e generator capacity,,,,0.000000,NZD/MW-year,0.000000,NZD/MWh_e,1.000000,,,,,0.000000,,,,,,49.473503,0.000000,3600,,,MBIE EDGS 2024 assumptions workbook + explicit study assumptions in build_capacity_EDGS.py,,,,EDGS plant=Mill Creek; status=Current; capital_cost is the legacy annualised NZ generator value (investment + fixed O&M for flexible candidates; zero for sunk existing/fixed capacity); variable_O&M_NZD_per_MWh=0.000000.
wind_wellington_mill_creek,wind,2050,2050,,,MW_e generator capacity,,,,0.000000,NZD/MW-year,0.000000,NZD/MWh_e,1.000000,,,,,0.000000,,,,,,49.473503,0.000000,3600,,,MBIE EDGS 2024 assumptions workbook + explicit study assumptions in build_capacity_EDGS.py,,,,EDGS plant=Mill Creek; status=Current; capital_cost is the legacy annualised NZ generator value (investment + fixed O&M for flexible candidates; zero for sunk existing/fixed capacity); variable_O&M_NZD_per_MWh=0.000000.
wind_wellington_west_wind,wind,2025,2025,,,MW_e generator capacity,,,,0.000000,NZD/MW-year,0.000000,NZD/MWh_e,1.000000,,,,,0.000000,,,,,,49.473503,0.000000,3600,,,MBIE EDGS 2024 assumptions workbook + explicit study assumptions in build_capacity_EDGS.py,,,,EDGS plant=West Wind; status=Current; capital_cost is the legacy annualised NZ generator value (investment + fixed O&M for flexible candidates; zero for sunk existing/fixed capacity); variable_O&M_NZD_per_MWh=0.000000.
wind_wellington_west_wind,wind,2030,2030,,,MW_e generator capacity,,,,0.000000,NZD/MW-year,0.000000,NZD/MWh_e,1.000000,,,,,0.000000,,,,,,49.473503,0.000000,3600,,,MBIE EDGS 2024 assumptions workbook + explicit study assumptions in build_capacity_EDGS.py,,,,EDGS plant=West Wind; status=Current; capital_cost is the legacy annualised NZ generator value (investment + fixed O&M for flexible candidates; zero for sunk existing/fixed capacity); variable_O&M_NZD_per_MWh=0.000000.
wind_wellington_west_wind,wind,2040,2040,,,MW_e generator capacity,,,,0.000000,NZD/MW-year,0.000000,NZD/MWh_e,1.000000,,,,,0.000000,,,,,,49.473503,0.000000,3600,,,MBIE EDGS 2024 assumptions workbook + explicit study assumptions in build_capacity_EDGS.py,,,,EDGS plant=West Wind; status=Current; capital_cost is the legacy annualised NZ generator value (investment + fixed O&M for flexible candidates; zero for sunk existing/fixed capacity); variable_O&M_NZD_per_MWh=0.000000.
wind_wellington_west_wind,wind,2050,2050,,,MW_e generator capacity,,,,0.000000,NZD/MW-year,0.000000,NZD/MWh_e,1.000000,,,,,0.000000,,,,,,49.473503,0.000000,3600,,,MBIE EDGS 2024 assumptions workbook + explicit study assumptions in build_capacity_EDGS.py,,,,EDGS plant=West Wind; status=Current; capital_cost is the legacy annualised NZ generator value (investment + fixed O&M for flexible candidates; zero for sunk existing/fixed capacity); variable_O&M_NZD_per_MWh=0.000000.
hydro_peaking_west_coast_arnold_valley_hydro,hydro_peaking,2025,2025,,,MW_e generator capacity,,,,457586.328043,NZD/MW-year,0.000000,NZD/MWh_e,1.000000,,,,,0.000000,,,,,,75.707624,0.000000,3600,7.939981,249.829726,MBIE EDGS 2024 assumptions workbook + explicit study assumptions in build_capacity_EDGS.py,,,,EDGS plant=Arnold Valley hydro; status=Consent lapsed; capital_cost is the legacy annualised NZ generator value (investment + fixed O&M for flexible candidates; zero for sunk existing/fixed capacity); variable_O&M_NZD_per_MWh=0.000000; overnight_CAPEX_NZD_per_MW=5431081.007899.
hydro_peaking_west_coast_arnold_valley_hydro,hydro_peaking,2030,2030,,,MW_e generator capacity,,,,457586.328043,NZD/MW-year,0.000000,NZD/MWh_e,1.000000,,,,,0.000000,,,,,,75.707624,0.000000,3600,7.939981,249.829726,MBIE EDGS 2024 assumptions workbook + explicit study assumptions in build_capacity_EDGS.py,,,,EDGS plant=Arnold Valley hydro; status=Consent lapsed; capital_cost is the legacy annualised NZ generator value (investment + fixed O&M for flexible candidates; zero for sunk existing/fixed capacity); variable_O&M_NZD_per_MWh=0.000000; overnight_CAPEX_NZD_per_MW=5431081.007899.
hydro_peaking_west_coast_arnold_valley_hydro,hydro_peaking,2040,2040,,,MW_e generator capacity,,,,457586.328043,NZD/MW-year,0.000000,NZD/MWh_e,1.000000,,,,,0.000000,,,,,,75.707624,0.000000,3600,7.939981,249.829726,MBIE EDGS 2024 assumptions workbook + explicit study assumptions in build_capacity_EDGS.py,,,,EDGS plant=Arnold Valley hydro; status=Consent lapsed; capital_cost is the legacy annualised NZ generator value (investment + fixed O&M for flexible candidates; zero for sunk existing/fixed capacity); variable_O&M_NZD_per_MWh=0.000000; overnight_CAPEX_NZD_per_MW=5431081.007899.
hydro_peaking_west_coast_arnold_valley_hydro,hydro_peaking,2050,2050,,,MW_e generator capacity,,,,457586.328043,NZD/MW-year,0.000000,NZD/MWh_e,1.000000,,,,,0.000000,,,,,,75.707624,0.000000,3600,7.939981,249.829726,MBIE EDGS 2024 assumptions workbook + explicit study assumptions in build_capacity_EDGS.py,,,,EDGS plant=Arnold Valley hydro; status=Consent lapsed; capital_cost is the legacy annualised NZ generator value (investment + fixed O&M for flexible candidates; zero for sunk existing/fixed capacity); variable_O&M_NZD_per_MWh=0.000000; overnight_CAPEX_NZD_per_MW=5431081.007899.
hydro_run_of_river_west_coast_matakitaki_river_generic_hydro_plant,hydro_run_of_river,2025,2025,,,MW_e generator capacity,,,,508081.664499,NZD/MW-year,0.000000,NZD/MWh_e,1.000000,,,,,0.000000,,,,,,76.034743,0.000000,3600,9.527977,245.782947,MBIE EDGS 2024 assumptions workbook + explicit study assumptions in build_capacity_EDGS.py,,,,EDGS plant=Mātakitaki River generic hydro plant; status=Generic; capital_cost is the legacy annualised NZ generator value (investment + fixed O&M for flexible candidates; zero for sunk existing/fixed capacity); variable_O&M_NZD_per_MWh=0.000000; overnight_CAPEX_NZD_per_MW=6144573.668167.
hydro_run_of_river_west_coast_matakitaki_river_generic_hydro_plant,hydro_run_of_river,2030,2030,,,MW_e generator capacity,,,,508081.664499,NZD/MW-year,0.000000,NZD/MWh_e,1.000000,,,,,0.000000,,,,,,76.034743,0.000000,3600,9.527977,245.782947,MBIE EDGS 2024 assumptions workbook + explicit study assumptions in build_capacity_EDGS.py,,,,EDGS plant=Mātakitaki River generic hydro plant; status=Generic; capital_cost is the legacy annualised NZ generator value (investment + fixed O&M for flexible candidates; zero for sunk existing/fixed capacity); variable_O&M_NZD_per_MWh=0.000000; overnight_CAPEX_NZD_per_MW=6144573.668167.
hydro_run_of_river_west_coast_matakitaki_river_generic_hydro_plant,hydro_run_of_river,2040,2040,,,MW_e generator capacity,,,,508081.664499,NZD/MW-year,0.000000,NZD/MWh_e,1.000000,,,,,0.000000,,,,,,76.034743,0.000000,3600,9.527977,245.782947,MBIE EDGS 2024 assumptions workbook + explicit study assumptions in build_capacity_EDGS.py,,,,EDGS plant=Mātakitaki River generic hydro plant; status=Generic; capital_cost is the legacy annualised NZ generator value (investment + fixed O&M for flexible candidates; zero for sunk existing/fixed capacity); variable_O&M_NZD_per_MWh=0.000000; overnight_CAPEX_NZD_per_MW=6144573.668167.
hydro_run_of_river_west_coast_matakitaki_river_generic_hydro_plant,hydro_run_of_river,2050,2050,,,MW_e generator capacity,,,,508081.664499,NZD/MW-year,0.000000,NZD/MWh_e,1.000000,,,,,0.000000,,,,,,76.034743,0.000000,3600,9.527977,245.782947,MBIE EDGS 2024 assumptions workbook + explicit study assumptions in build_capacity_EDGS.py,,,,EDGS plant=Mātakitaki River generic hydro plant; status=Generic; capital_cost is the legacy annualised NZ generator value (investment + fixed O&M for flexible candidates; zero for sunk existing/fixed capacity); variable_O&M_NZD_per_MWh=0.000000; overnight_CAPEX_NZD_per_MW=6144573.668167.
hydro_run_of_river_west_coast_ngakawau_hydro_scheme,hydro_run_of_river,2025,2025,,,MW_e generator capacity,,,,527464.994070,NZD/MW-year,0.000000,NZD/MWh_e,1.000000,,,,,0.000000,,,,,,153.132623,0.000000,3600,7.939981,127.770168,MBIE EDGS 2024 assumptions workbook + explicit study assumptions in build_capacity_EDGS.py,,,,EDGS plant=Ngākawau hydro scheme; status=Fully consented; capital_cost is the legacy annualised NZ generator value (investment + fixed O&M for flexible candidates; zero for sunk existing/fixed capacity); variable_O&M_NZD_per_MWh=0.000000; overnight_CAPEX_NZD_per_MW=5323757.018393.
hydro_run_of_river_west_coast_ngakawau_hydro_scheme,hydro_run_of_river,2030,2030,,,MW_e generator capacity,,,,527464.994070,NZD/MW-year,0.000000,NZD/MWh_e,1.000000,,,,,0.000000,,,,,,153.132623,0.000000,3600,7.939981,127.770168,MBIE EDGS 2024 assumptions workbook + explicit study assumptions in build_capacity_EDGS.py,,,,EDGS plant=Ngākawau hydro scheme; status=Fully consented; capital_cost is the legacy annualised NZ generator value (investment + fixed O&M for flexible candidates; zero for sunk existing/fixed capacity); variable_O&M_NZD_per_MWh=0.000000; overnight_CAPEX_NZD_per_MW=5323757.018393.
hydro_run_of_river_west_coast_ngakawau_hydro_scheme,hydro_run_of_river,2040,2040,,,MW_e generator capacity,,,,527464.994070,NZD/MW-year,0.000000,NZD/MWh_e,1.000000,,,,,0.000000,,,,,,153.132623,0.000000,3600,7.939981,127.770168,MBIE EDGS 2024 assumptions workbook + explicit study assumptions in build_capacity_EDGS.py,,,,EDGS plant=Ngākawau hydro scheme; status=Fully consented; capital_cost is the legacy annualised NZ generator value (investment + fixed O&M for flexible candidates; zero for sunk existing/fixed capacity); variable_O&M_NZD_per_MWh=0.000000; overnight_CAPEX_NZD_per_MW=5323757.018393.
hydro_run_of_river_west_coast_ngakawau_hydro_scheme,hydro_run_of_river,2050,2050,,,MW_e generator capacity,,,,527464.994070,NZD/MW-year,0.000000,NZD/MWh_e,1.000000,,,,,0.000000,,,,,,153.132623,0.000000,3600,7.939981,127.770168,MBIE EDGS 2024 assumptions workbook + explicit study assumptions in build_capacity_EDGS.py,,,,EDGS plant=Ngākawau hydro scheme; status=Fully consented; capital_cost is the legacy annualised NZ generator value (investment + fixed O&M for flexible candidates; zero for sunk existing/fixed capacity); variable_O&M_NZD_per_MWh=0.000000; overnight_CAPEX_NZD_per_MW=5323757.018393.
hydro_run_of_river_west_coast_taramakau,hydro_run_of_river,2025,2025,,,MW_e generator capacity,,,,504190.143120,NZD/MW-year,0.000000,NZD/MWh_e,1.000000,,,,,0.000000,,,,,,75.492952,0.000000,3600,9.527977,304.846689,MBIE EDGS 2024 assumptions workbook + explicit study assumptions in build_capacity_EDGS.py,,,,EDGS plant=Taramakau; status=Generic; capital_cost is the legacy annualised NZ generator value (investment + fixed O&M for flexible candidates; zero for sunk existing/fixed capacity); variable_O&M_NZD_per_MWh=0.000000; overnight_CAPEX_NZD_per_MW=6096933.784334.
hydro_run_of_river_west_coast_taramakau,hydro_run_of_river,2030,2030,,,MW_e generator capacity,,,,504190.143120,NZD/MW-year,0.000000,NZD/MWh_e,1.000000,,,,,0.000000,,,,,,75.492952,0.000000,3600,9.527977,304.846689,MBIE EDGS 2024 assumptions workbook + explicit study assumptions in build_capacity_EDGS.py,,,,EDGS plant=Taramakau; status=Generic; capital_cost is the legacy annualised NZ generator value (investment + fixed O&M for flexible candidates; zero for sunk existing/fixed capacity); variable_O&M_NZD_per_MWh=0.000000; overnight_CAPEX_NZD_per_MW=6096933.784334.
hydro_run_of_river_west_coast_taramakau,hydro_run_of_river,2040,2040,,,MW_e generator capacity,,,,504190.143120,NZD/MW-year,0.000000,NZD/MWh_e,1.000000,,,,,0.000000,,,,,,75.492952,0.000000,3600,9.527977,304.846689,MBIE EDGS 2024 assumptions workbook + explicit study assumptions in build_capacity_EDGS.py,,,,EDGS plant=Taramakau; status=Generic; capital_cost is the legacy annualised NZ generator value (investment + fixed O&M for flexible candidates; zero for sunk existing/fixed capacity); variable_O&M_NZD_per_MWh=0.000000; overnight_CAPEX_NZD_per_MW=6096933.784334.
hydro_run_of_river_west_coast_taramakau,hydro_run_of_river,2050,2050,,,MW_e generator capacity,,,,504190.143120,NZD/MW-year,0.000000,NZD/MWh_e,1.000000,,,,,0.000000,,,,,,75.492952,0.000000,3600,9.527977,304.846689,MBIE EDGS 2024 assumptions workbook + explicit study assumptions in build_capacity_EDGS.py,,,,EDGS plant=Taramakau; status=Generic; capital_cost is the legacy annualised NZ generator value (investment + fixed O&M for flexible candidates; zero for sunk existing/fixed capacity); variable_O&M_NZD_per_MWh=0.000000; overnight_CAPEX_NZD_per_MW=6096933.784334.
hydro_run_of_river_west_coast_whitcombe_river,hydro_run_of_river,2025,2025,,,MW_e generator capacity,,,,514196.117001,NZD/MW-year,0.000000,NZD/MWh_e,1.000000,,,,,0.000000,,,,,,76.566311,0.000000,3600,9.527977,186.719204,MBIE EDGS 2024 assumptions workbook + explicit study assumptions in build_capacity_EDGS.py,,,,EDGS plant=Whitcombe River; status=Generic; capital_cost is the legacy annualised NZ generator value (investment + fixed O&M for flexible candidates; zero for sunk existing/fixed capacity); variable_O&M_NZD_per_MWh=0.000000; overnight_CAPEX_NZD_per_MW=6223973.474556.
hydro_run_of_river_west_coast_whitcombe_river,hydro_run_of_river,2030,2030,,,MW_e generator capacity,,,,514196.117001,NZD/MW-year,0.000000,NZD/MWh_e,1.000000,,,,,0.000000,,,,,,76.566311,0.000000,3600,9.527977,186.719204,MBIE EDGS 2024 assumptions workbook + explicit study assumptions in build_capacity_EDGS.py,,,,EDGS plant=Whitcombe River; status=Generic; capital_cost is the legacy annualised NZ generator value (investment + fixed O&M for flexible candidates; zero for sunk existing/fixed capacity); variable_O&M_NZD_per_MWh=0.000000; overnight_CAPEX_NZD_per_MW=6223973.474556.
hydro_run_of_river_west_coast_whitcombe_river,hydro_run_of_river,2040,2040,,,MW_e generator capacity,,,,514196.117001,NZD/MW-year,0.000000,NZD/MWh_e,1.000000,,,,,0.000000,,,,,,76.566311,0.000000,3600,9.527977,186.719204,MBIE EDGS 2024 assumptions workbook + explicit study assumptions in build_capacity_EDGS.py,,,,EDGS plant=Whitcombe River; status=Generic; capital_cost is the legacy annualised NZ generator value (investment + fixed O&M for flexible candidates; zero for sunk existing/fixed capacity); variable_O&M_NZD_per_MWh=0.000000; overnight_CAPEX_NZD_per_MW=6223973.474556.
hydro_run_of_river_west_coast_whitcombe_river,hydro_run_of_river,2050,2050,,,MW_e generator capacity,,,,514196.117001,NZD/MW-year,0.000000,NZD/MWh_e,1.000000,,,,,0.000000,,,,,,76.566311,0.000000,3600,9.527977,186.719204,MBIE EDGS 2024 assumptions workbook + explicit study assumptions in build_capacity_EDGS.py,,,,EDGS plant=Whitcombe River; status=Generic; capital_cost is the legacy annualised NZ generator value (investment + fixed O&M for flexible candidates; zero for sunk existing/fixed capacity); variable_O&M_NZD_per_MWh=0.000000; overnight_CAPEX_NZD_per_MW=6223973.474556.
wind_west_coast_generic_wind_no_62,wind,2025,2025,,,MW_e generator capacity,,,,252398.518192,NZD/MW-year,0.000000,NZD/MWh_e,1.000000,,,,,0.000000,,,,,,47.541680,0.000000,3600,27.610926,190.655770,MBIE EDGS 2024 assumptions workbook + explicit study assumptions in build_capacity_EDGS.py,,,,EDGS plant=Generic Wind No. 62; status=Generic; capital_cost is the legacy annualised NZ generator value (investment + fixed O&M for flexible candidates; zero for sunk existing/fixed capacity); variable_O&M_NZD_per_MWh=0.000000; overnight_CAPEX_NZD_per_MW=2542076.937998.
wind_west_coast_generic_wind_no_62,wind,2030,2030,,,MW_e generator capacity,,,,252398.518192,NZD/MW-year,0.000000,NZD/MWh_e,1.000000,,,,,0.000000,,,,,,47.541680,0.000000,3600,27.610926,190.655770,MBIE EDGS 2024 assumptions workbook + explicit study assumptions in build_capacity_EDGS.py,,,,EDGS plant=Generic Wind No. 62; status=Generic; capital_cost is the legacy annualised NZ generator value (investment + fixed O&M for flexible candidates; zero for sunk existing/fixed capacity); variable_O&M_NZD_per_MWh=0.000000; overnight_CAPEX_NZD_per_MW=2542076.937998.
wind_west_coast_generic_wind_no_62,wind,2040,2040,,,MW_e generator capacity,,,,252398.518192,NZD/MW-year,0.000000,NZD/MWh_e,1.000000,,,,,0.000000,,,,,,47.541680,0.000000,3600,27.610926,190.655770,MBIE EDGS 2024 assumptions workbook + explicit study assumptions in build_capacity_EDGS.py,,,,EDGS plant=Generic Wind No. 62; status=Generic; capital_cost is the legacy annualised NZ generator value (investment + fixed O&M for flexible candidates; zero for sunk existing/fixed capacity); variable_O&M_NZD_per_MWh=0.000000; overnight_CAPEX_NZD_per_MW=2542076.937998.
wind_west_coast_generic_wind_no_62,wind,2050,2050,,,MW_e generator capacity,,,,252398.518192,NZD/MW-year,0.000000,NZD/MWh_e,1.000000,,,,,0.000000,,,,,,47.541680,0.000000,3600,27.610926,190.655770,MBIE EDGS 2024 assumptions workbook + explicit study assumptions in build_capacity_EDGS.py,,,,EDGS plant=Generic Wind No. 62; status=Generic; capital_cost is the legacy annualised NZ generator value (investment + fixed O&M for flexible candidates; zero for sunk existing/fixed capacity); variable_O&M_NZD_per_MWh=0.000000; overnight_CAPEX_NZD_per_MW=2542076.937998.
